image,label
boat/00000.jpg,freight boat
boat/00002.jpg,freight boat
boat/00006.jpg,freight boat
boat/00008.jpg,freight boat
boat/00009.jpg,freight boat
boat/00012.jpg,freight boat
boat/00016.jpg,freight boat
boat/00018.jpg,freight boat
boat/00019.jpg,freight boat
boat/00022.jpg,freight boat
boat/00024.jpg,freight boat
boat/00026.jpg,freight boat
boat/00028.jpg,freight boat
boat/00029.jpg,cruise ship
boat/00030.jpg,cruise ship
boat/00031.jpg,cruise ship
boat/00032.jpg,cruise ship
boat/00033.jpg,cruise ship
boat/00034.jpg,cruise ship
boat/00035.jpg,cruise ship
boat/00036.jpg,cruise ship
boat/00037.jpg,cruise ship
boat/00038.jpg,cruise ship
boat/00039.jpg,cruise ship
boat/00040.jpg,cruise ship
boat/00041.jpg,cruise ship
boat/00042.jpg,cruise ship
boat/00043.jpg,cruise ship
boat/00045.jpg,cruise ship
boat/00046.jpg,cruise ship
boat/00047.jpg,cruise ship
boat/00048.jpg,cruise ship
boat/00049.jpg,cruise ship
boat/00050.jpg,cruise ship
boat/00051.jpg,cruise ship
boat/00052.jpg,cruise ship
boat/00053.jpg,cruise ship
boat/00055.jpg,cruise ship
boat/00056.jpg,cruise ship
boat/00057.jpg,cruise ship
boat/00058.jpg,cruise ship
boat/00059.jpg,cruise ship
boat/00060.jpg,cruise ship
boat/00061.jpg,cruise ship
boat/00062.jpg,cruise ship
boat/00063.jpg,cruise ship
boat/00064.jpg,cruise ship
boat/00065.jpg,cruise ship
boat/00066.jpg,cruise ship
boat/00067.jpg,cruise ship
boat/00069.jpg,cruise ship
boat/00070.jpg,cruise ship
boat/00071.jpg,cruise ship
boat/00072.jpg,cruise ship
boat/00073.jpg,cruise ship
boat/00075.jpg,cruise ship
boat/00076.jpg,cruise ship
boat/00078.jpg,cruise ship
boat/00079.jpg,cruise ship
boat/00080.jpg,cruise ship
boat/00081.jpg,cruise ship
boat/00083.jpg,cruise ship
boat/00084.jpg,cruise ship
boat/00085.jpg,cruise ship
boat/00086.jpg,cruise ship
boat/00087.jpg,cruise ship
boat/00088.jpg,cruise ship
boat/00089.jpg,cruise ship
boat/00090.jpg,cruise ship
boat/00091.jpg,cruise ship
boat/00092.jpg,cruise ship
boat/00093.jpg,cruise ship
boat/00094.jpg,cruise ship
boat/00095.jpg,cruise ship
boat/00096.jpg,cruise ship
boat/00097.jpg,cruise ship
boat/00098.jpg,cruise ship
boat/00099.jpg,cruise ship
boat/00100.jpg,cruise ship
boat/00101.jpg,cruise ship
boat/00102.jpg,cruise ship
boat/00103.jpg,cruise ship
boat/00104.jpg,cruise ship
boat/00105.jpg,cruise ship
boat/00106.jpg,cruise ship
boat/00107.jpg,cruise ship
boat/00108.jpg,cruise ship
boat/00109.jpg,cruise ship
boat/00110.jpg,cruise ship
boat/00111.jpg,cruise ship
boat/00112.jpg,cruise ship
boat/00113.jpg,cruise ship
boat/00114.jpg,cruise ship
boat/00115.jpg,cruise ship
boat/00116.jpg,cruise ship
boat/00117.jpg,cruise ship
boat/00118.jpg,cruise ship
boat/00119.jpg,cruise ship
boat/00120.jpg,cruise ship
boat/00122.jpg,cruise ship
boat/00123.jpg,cruise ship
boat/00124.jpg,cruise ship
boat/00125.jpg,cruise ship
boat/00126.jpg,cruise ship
boat/00127.jpg,cruise ship
boat/00128.jpg,cruise ship
boat/00129.jpg,cruise ship
boat/00130.jpg,cruise ship
boat/00131.jpg,cruise ship
boat/00132.jpg,cruise ship
boat/00133.jpg,cruise ship
boat/00134.jpg,cruise ship
boat/00135.jpg,cruise ship
boat/00136.jpg,cruise ship
boat/00137.jpg,cruise ship
boat/00138.jpg,cruise ship
boat/00139.jpg,cruise ship
boat/00140.jpg,cruise ship
boat/00141.jpg,cruise ship
boat/00143.jpg,cruise ship
boat/00144.jpg,cruise ship
boat/00145.jpg,cruise ship
boat/00147.jpg,cruise ship
boat/00150.jpg,cruise ship
boat/00151.jpg,cruise ship
boat/00152.jpg,cruise ship
boat/00153.jpg,cruise ship
boat/00154.jpg,cruise ship
boat/00155.jpg,cruise ship
boat/00156.jpg,cruise ship
boat/00157.jpg,cruise ship
boat/00158.jpg,cruise ship
boat/00159.jpg,cruise ship
boat/00160.jpg,cruise ship
boat/00161.jpg,cruise ship
boat/00162.jpg,cruise ship
boat/00163.jpg,cruise ship
boat/00164.jpg,cruise ship
boat/00165.jpg,cruise ship
boat/00166.jpg,cruise ship
boat/00167.jpg,cruise ship
boat/00168.jpg,cruise ship
boat/00169.jpg,cruise ship
boat/00170.jpg,cruise ship
boat/00171.jpg,cruise ship
boat/00172.jpg,cruise ship
boat/00173.jpg,cruise ship
boat/00174.jpg,cruise ship
boat/00175.jpg,cruise ship
boat/00176.jpg,cruise ship
boat/00177.jpg,cruise ship
boat/00179.jpg,cruise ship
boat/00180.jpg,cruise ship
boat/00181.jpg,cruise ship
boat/00182.jpg,cruise ship
boat/00183.jpg,cruise ship
boat/00184.jpg,cruise ship
boat/00185.jpg,cruise ship
boat/00186.jpg,cruise ship
boat/00188.jpg,cruise ship
boat/00189.jpg,cruise ship
boat/00190.jpg,cruise ship
boat/00191.jpg,cruise ship
boat/00192.jpg,cruise ship
boat/00193.jpg,cruise ship
boat/00194.jpg,cruise ship
boat/00195.jpg,cruise ship
boat/00196.jpg,cruise ship
boat/00197.jpg,cruise ship
boat/00198.jpg,cruise ship
boat/00199.jpg,cruise ship
boat/00200.jpg,cruise ship
boat/00201.jpg,cruise ship
boat/00202.jpg,cruise ship
boat/00203.jpg,cruise ship
boat/00204.jpg,cruise ship
boat/00205.jpg,cruise ship
boat/00206.jpg,cruise ship
boat/00207.jpg,cruise ship
boat/00208.jpg,cruise ship
boat/00209.jpg,cruise ship
boat/00210.jpg,cruise ship
boat/00211.jpg,cruise ship
boat/00212.jpg,cruise ship
boat/00214.jpg,cruise ship
boat/00215.jpg,cruise ship
boat/00216.jpg,cruise ship
boat/00217.jpg,cruise ship
boat/00218.jpg,cruise ship
boat/00219.jpg,cruise ship
boat/00220.jpg,cruise ship
boat/00221.jpg,cruise ship
boat/00222.jpg,cruise ship
boat/00223.jpg,cruise ship
boat/00224.jpg,cruise ship
boat/00225.jpg,cruise ship
boat/00226.jpg,cruise ship
boat/00227.jpg,cruise ship
boat/00228.jpg,cruise ship
boat/00229.jpg,cruise ship
boat/00230.jpg,cruise ship
boat/00231.jpg,cruise ship
boat/00232.jpg,cruise ship
boat/00233.jpg,cruise ship
boat/00234.jpg,cruise ship
boat/00235.jpg,cruise ship
boat/00237.jpg,cruise ship
boat/00238.jpg,cruise ship
boat/00239.jpg,cruise ship
boat/00240.jpg,cruise ship
boat/00241.jpg,cruise ship
boat/00242.jpg,cruise ship
boat/00243.jpg,cruise ship
boat/00244.jpg,cruise ship
boat/00245.jpg,cruise ship
boat/00247.jpg,cruise ship
boat/00248.jpg,cruise ship
boat/00249.jpg,cruise ship
boat/00250.jpg,cruise ship
boat/00251.jpg,cruise ship
boat/00252.jpg,cruise ship
boat/00253.jpg,cruise ship
boat/00254.jpg,cruise ship
boat/00255.jpg,cruise ship
boat/00256.jpg,cruise ship
boat/00257.jpg,cruise ship
boat/00258.jpg,cruise ship
boat/00259.jpg,cruise ship
boat/00260.jpg,cruise ship
boat/00261.jpg,cruise ship
boat/00262.jpg,cruise ship
boat/00263.jpg,cruise ship
boat/00264.jpg,cruise ship
boat/00265.jpg,cruise ship
boat/00266.jpg,cruise ship
boat/00267.jpg,cruise ship
boat/00268.jpg,paper boat
boat/00270.jpg,paper boat
boat/00273.jpg,paper boat
boat/00274.jpg,paper boat
boat/00276.jpg,paper boat
boat/00277.jpg,paper boat
boat/00278.jpg,paper boat
boat/00280.jpg,paper boat
boat/00281.jpg,paper boat
boat/00282.jpg,paper boat
boat/00284.jpg,paper boat
boat/00285.jpg,paper boat
boat/00286.jpg,paper boat
boat/00287.jpg,paper boat
boat/00288.jpg,paper boat
boat/00289.jpg,paper boat
boat/00291.jpg,paper boat
boat/00292.jpg,paper boat
boat/00293.jpg,paper boat
boat/00294.jpg,paper boat
boat/00300.jpg,paper boat
boat/00303.jpg,paper boat
boat/00305.jpg,paper boat
boat/00306.jpg,paper boat
boat/00308.jpg,sailboat
boat/00309.jpg,sailboat
boat/00310.jpg,sailboat
boat/00311.jpg,sailboat
boat/00312.jpg,sailboat
boat/00313.jpg,sailboat
boat/00314.jpg,sailboat
boat/00315.jpg,sailboat
boat/00316.jpg,sailboat
boat/00317.jpg,sailboat
boat/00318.jpg,sailboat
boat/00319.jpg,sailboat
boat/00320.jpg,sailboat
boat/00321.jpg,sailboat
boat/00322.jpg,sailboat
boat/00323.jpg,sailboat
boat/00324.jpg,sailboat
boat/00325.jpg,sailboat
boat/00326.jpg,sailboat
boat/00327.jpg,sailboat
boat/00328.jpg,sailboat
boat/00329.jpg,sailboat
boat/00330.jpg,sailboat
boat/00331.jpg,sailboat
boat/00332.jpg,sailboat
boat/00333.jpg,sailboat
boat/00334.jpg,sailboat
boat/00335.jpg,sailboat
boat/00336.jpg,sailboat
boat/00337.jpg,sailboat
boat/00338.jpg,sailboat
boat/00339.jpg,sailboat
boat/00340.jpg,sailboat
boat/00341.jpg,sailboat
boat/00342.jpg,sailboat
boat/00343.jpg,sailboat
boat/00344.jpg,sailboat
boat/00345.jpg,sailboat
boat/00346.jpg,sailboat
boat/00348.jpg,sailboat
boat/00349.jpg,sailboat
boat/00350.jpg,sailboat
boat/00351.jpg,sailboat
boat/00352.jpg,sailboat
boat/00353.jpg,sailboat
boat/00354.jpg,sailboat
boat/00355.jpg,sailboat
boat/00356.jpg,sailboat
boat/00357.jpg,sailboat
boat/00358.jpg,sailboat
boat/00359.jpg,sailboat
boat/00360.jpg,sailboat
boat/00361.jpg,sailboat
boat/00362.jpg,sailboat
boat/00363.jpg,sailboat
boat/00364.jpg,sailboat
boat/00365.jpg,sailboat
boat/00366.jpg,sailboat
boat/00367.jpg,sailboat
boat/00368.jpg,sailboat
boat/00369.jpg,sailboat
boat/00370.jpg,sailboat
boat/00371.jpg,sailboat
boat/00372.jpg,sailboat
boat/00373.jpg,sailboat
boat/00374.jpg,sailboat
boat/00375.jpg,sailboat
boat/00376.jpg,sailboat
boat/00377.jpg,sailboat
boat/00379.jpg,sailboat
boat/00380.jpg,sailboat
boat/00381.jpg,sailboat
boat/00382.jpg,sailboat
boat/00383.jpg,sailboat
boat/00384.jpg,sailboat
boat/00385.jpg,sailboat
boat/00386.jpg,sailboat
boat/00387.jpg,sailboat
boat/00388.jpg,sailboat
boat/00389.jpg,sailboat
boat/00390.jpg,sailboat
boat/00391.jpg,sailboat
boat/00392.jpg,sailboat
boat/00393.jpg,sailboat
boat/00394.jpg,sailboat
boat/00395.jpg,sailboat
boat/00396.jpg,sailboat
boat/00397.jpg,sailboat
boat/00398.jpg,sailboat
boat/00399.jpg,sailboat
boat/00400.jpg,sailboat
boat/00401.jpg,sailboat
boat/00402.jpg,sailboat
boat/00403.jpg,sailboat
boat/00405.jpg,sailboat
boat/00406.jpg,sailboat
boat/00407.jpg,sailboat
boat/00408.jpg,sailboat
boat/00409.jpg,sailboat
boat/00410.jpg,sailboat
boat/00411.jpg,sailboat
boat/00412.jpg,sailboat
boat/00413.jpg,sailboat
boat/00414.jpg,sailboat
boat/00415.jpg,sailboat
boat/00416.jpg,sailboat
boat/00417.jpg,sailboat
boat/00418.jpg,sailboat
boat/00419.jpg,sailboat
boat/00420.jpg,sailboat
boat/00421.jpg,sailboat
boat/00422.jpg,sailboat
boat/00423.jpg,sailboat
boat/00424.jpg,sailboat
boat/00425.jpg,sailboat
boat/00426.jpg,sailboat
boat/00427.jpg,sailboat
boat/00428.jpg,sailboat
boat/00429.jpg,sailboat
boat/00430.jpg,sailboat
boat/00431.jpg,sailboat
boat/00432.jpg,sailboat
boat/00433.jpg,sailboat
boat/00434.jpg,sailboat
boat/00435.jpg,sailboat
boat/00436.jpg,sailboat
boat/00437.jpg,sailboat
boat/00438.jpg,sailboat
boat/00439.jpg,sailboat
boat/00440.jpg,sailboat
boat/00441.jpg,sailboat
boat/00442.jpg,sailboat
boat/00443.jpg,sailboat
boat/00444.jpg,sailboat
boat/00445.jpg,sailboat
boat/00446.jpg,sailboat
boat/00447.jpg,sailboat
boat/00448.jpg,sailboat
boat/00449.jpg,sailboat
boat/00450.jpg,sailboat
boat/00451.jpg,sailboat
boat/00452.jpg,sailboat
boat/00453.jpg,sailboat
boat/00454.jpg,sailboat
boat/00455.jpg,sailboat
boat/00456.jpg,sailboat
boat/00457.jpg,sailboat
boat/00458.jpg,sailboat
boat/00459.jpg,sailboat
boat/00460.jpg,sailboat
boat/00461.jpg,sailboat
boat/00462.jpg,sailboat
boat/00463.jpg,sailboat
boat/00464.jpg,sailboat
boat/00465.jpg,sailboat
boat/00466.jpg,sailboat
boat/00467.jpg,sailboat
boat/00468.jpg,sailboat
boat/00469.jpg,sailboat
boat/00470.jpg,sailboat
boat/00471.jpg,sailboat
boat/00472.jpg,sailboat
boat/00473.jpg,sailboat
boat/00474.jpg,sailboat
boat/00475.jpg,sailboat
boat/00476.jpg,sailboat
boat/00477.jpg,sailboat
boat/00478.jpg,sailboat
boat/00479.jpg,sailboat
boat/00480.jpg,sailboat
boat/00481.jpg,sailboat
boat/00482.jpg,sailboat
boat/00483.jpg,sailboat
boat/00484.jpg,sailboat
boat/00485.jpg,sailboat
boat/00486.jpg,sailboat
boat/00487.jpg,sailboat
boat/00488.jpg,sailboat
boat/00489.jpg,sailboat
boat/00490.jpg,sailboat
boat/00491.jpg,sailboat
boat/00492.jpg,sailboat
boat/00493.jpg,sailboat
boat/00494.jpg,sailboat
boat/00495.jpg,sailboat
boat/00496.jpg,sailboat
boat/00497.jpg,sailboat
boat/00498.jpg,sailboat
boat/00499.jpg,sailboat
boat/00500.jpg,sailboat
boat/00501.jpg,sailboat
boat/00502.jpg,sailboat
boat/00503.jpg,sailboat
boat/00504.jpg,sailboat
boat/00505.jpg,sailboat
boat/00506.jpg,sailboat
boat/00507.jpg,sailboat
boat/00508.jpg,sailboat
boat/00509.jpg,sailboat
boat/00510.jpg,sailboat
boat/00511.jpg,sailboat
boat/00512.jpg,sailboat
boat/00513.jpg,sailboat
boat/00514.jpg,sailboat
boat/00515.jpg,sailboat
boat/00516.jpg,sailboat
boat/00517.jpg,sailboat
boat/00518.jpg,sailboat
boat/00519.jpg,sailboat
boat/00520.jpg,sailboat
boat/00521.jpg,sailboat
boat/00522.jpg,sailboat
boat/00523.jpg,sailboat
boat/00524.jpg,sailboat
boat/00525.jpg,sailboat
boat/00526.jpg,sailboat
boat/00527.jpg,sailboat
boat/00528.jpg,sailboat
boat/00529.jpg,sailboat
boat/00530.jpg,sailboat
boat/00531.jpg,sailboat
boat/00532.jpg,sailboat
boat/00533.jpg,sailboat
boat/00534.jpg,sailboat
boat/00535.jpg,sailboat
boat/00536.jpg,sailboat
boat/00537.jpg,sailboat
boat/00538.jpg,sailboat
boat/00539.jpg,sailboat
boat/00540.jpg,sailboat
boat/00541.jpg,sailboat
boat/00542.jpg,sailboat
boat/00543.jpg,sailboat
boat/00544.jpg,sailboat
boat/00545.jpg,sailboat
boat/00546.jpg,sailboat
boat/00547.jpg,sailboat
boat/00548.jpg,sailboat
boat/00549.jpg,sailboat
boat/00550.jpg,sailboat
boat/00551.jpg,sailboat
boat/00552.jpg,sailboat
boat/00553.jpg,sailboat
boat/00554.jpg,sailboat
boat/00555.jpg,sailboat
boat/00556.jpg,sailboat
boat/00557.jpg,sailboat
boat/00558.jpg,sailboat
boat/00559.jpg,sailboat
boat/00560.jpg,sailboat
boat/00561.jpg,sailboat
boat/00562.jpg,sailboat
boat/00563.jpg,sailboat
boat/00564.jpg,sailboat
boat/00565.jpg,sailboat
boat/00567.jpg,sailboat
boat/00568.jpg,sailboat
boat/00569.jpg,sailboat
boat/00570.jpg,sailboat
boat/00571.jpg,sailboat
boat/00574.jpg,sailboat
boat/00575.jpg,sailboat
boat/00576.jpg,sailboat
boat/00577.jpg,sailboat
boat/00579.jpg,sailboat
boat/00580.jpg,sailboat
boat/00581.jpg,sailboat
boat/00582.jpg,sailboat
boat/00583.jpg,sailboat
boat/00584.jpg,sailboat
boat/00586.jpg,sailboat
boat/00587.jpg,sailboat
boat/00588.jpg,sailboat
boat/00589.jpg,sailboat
boat/00590.jpg,sailboat
boat/00591.jpg,sailboat
boat/00592.jpg,sailboat
boat/00593.jpg,sailboat
boat/00594.jpg,sailboat
boat/00595.jpg,sailboat
boat/00596.jpg,sailboat
boat/00597.jpg,sailboat
boat/00598.jpg,sailboat
boat/00599.jpg,sailboat
boat/00600.jpg,sailboat
boat/00601.jpg,sailboat
boat/00602.jpg,sailboat
boat/00603.jpg,sailboat
boat/00604.jpg,sailboat
boat/00606.jpg,sailboat
boat/00607.jpg,sailboat
boat/00608.jpg,sailboat
boat/00610.jpg,sailboat
boat/00612.jpg,sailboat
boat/00613.jpg,sailboat
boat/00614.jpg,sailboat
boat/00615.jpg,sailboat
boat/00616.jpg,sailboat
boat/00617.jpg,sailboat
boat/00618.jpg,sailboat
boat/00619.jpg,sailboat
boat/00620.jpg,sailboat
boat/00621.jpg,sailboat
boat/00622.jpg,sailboat
boat/00624.jpg,sailboat
boat/00625.jpg,sailboat
boat/00626.jpg,sailboat
boat/00627.jpg,sailboat
boat/00628.jpg,sailboat
boat/00629.jpg,sailboat
boat/00630.jpg,sailboat
boat/00631.jpg,sailboat
boat/00632.jpg,sailboat
boat/00633.jpg,sailboat
boat/00634.jpg,sailboat
boat/00635.jpg,sailboat
boat/00636.jpg,sailboat
boat/00637.jpg,sailboat
boat/00638.jpg,sailboat
boat/00639.jpg,sailboat
boat/00640.jpg,sailboat
boat/00641.jpg,sailboat
boat/00642.jpg,sailboat
boat/00643.jpg,sailboat
boat/00644.jpg,sailboat
boat/00645.jpg,sailboat
boat/00646.jpg,sailboat
boat/00647.jpg,sailboat
boat/00649.jpg,sailboat
boat/00650.jpg,sailboat
boat/00651.jpg,sailboat
boat/00652.jpg,sailboat
boat/00653.jpg,sailboat
boat/00654.jpg,sailboat
boat/00655.jpg,sailboat
boat/00656.jpg,sailboat
boat/00657.jpg,sailboat
boat/00658.jpg,sailboat
boat/00659.jpg,sailboat
boat/00660.jpg,sailboat
boat/00661.jpg,sailboat
boat/00662.jpg,sailboat
boat/00663.jpg,sailboat
boat/00664.jpg,sailboat
boat/00665.jpg,sailboat
boat/00666.jpg,sailboat
boat/00667.jpg,sailboat
boat/00668.jpg,sailboat
boat/00669.jpg,sailboat
boat/00670.jpg,sailboat
boat/00671.jpg,sailboat
boat/00672.jpg,sailboat
boat/00673.jpg,sailboat
boat/00674.jpg,sailboat
boat/00675.jpg,sailboat
boat/00676.jpg,sailboat
boat/00677.jpg,sailboat
boat/00678.jpg,sailboat
boat/00679.jpg,sailboat
boat/00680.jpg,sailboat
boat/00681.jpg,sailboat
boat/00682.jpg,sailboat
boat/00683.jpg,sailboat
boat/00684.jpg,sailboat
boat/00685.jpg,sailboat
boat/00686.jpg,sailboat
boat/00687.jpg,sailboat
boat/00688.jpg,sailboat
boat/00689.jpg,sailboat
boat/00690.jpg,sailboat
boat/00691.jpg,sailboat
boat/00692.jpg,sailboat
boat/00693.jpg,sailboat
boat/00694.jpg,sailboat
boat/00695.jpg,sailboat
boat/00696.jpg,sailboat
boat/00697.jpg,sailboat
boat/00698.jpg,sailboat
boat/00699.jpg,sailboat
boat/00700.jpg,sailboat
boat/00702.jpg,sailboat
boat/00703.jpg,sailboat
boat/00704.jpg,sailboat
boat/00705.jpg,sailboat
boat/00706.jpg,sailboat
boat/00707.jpg,sailboat
boat/00708.jpg,sailboat
boat/00709.jpg,sailboat
boat/00710.jpg,sailboat
boat/00712.jpg,sailboat
boat/00713.jpg,sailboat
boat/00714.jpg,sailboat
boat/00715.jpg,sailboat
boat/00716.jpg,sailboat
boat/00717.jpg,sailboat
boat/00718.jpg,sailboat
boat/00719.jpg,sailboat
boat/00720.jpg,sailboat
boat/00721.jpg,sailboat
boat/00722.jpg,sailboat
boat/00723.jpg,sailboat
boat/00724.jpg,sailboat
boat/00725.jpg,sailboat
boat/00726.jpg,sailboat
boat/00727.jpg,sailboat
boat/00728.jpg,sailboat
boat/00729.jpg,sailboat
boat/00731.jpg,sailboat
boat/00732.jpg,sailboat
boat/00733.jpg,sailboat
boat/00734.jpg,sailboat
boat/00735.jpg,sailboat
boat/00736.jpg,sailboat
boat/00737.jpg,sailboat
boat/00738.jpg,sailboat
boat/00739.jpg,sailboat
boat/00740.jpg,sailboat
boat/00741.jpg,sailboat
boat/00742.jpg,sailboat
boat/00743.jpg,sailboat
boat/00744.jpg,sailboat
boat/00745.jpg,sailboat
boat/00746.jpg,sailboat
boat/00747.jpg,sailboat
boat/00748.jpg,sailboat
boat/00749.jpg,sailboat
boat/00750.jpg,sailboat
boat/00751.jpg,sailboat
boat/00752.jpg,sailboat
boat/00753.jpg,sailboat
boat/00754.jpg,sailboat
boat/00755.jpg,sailboat
boat/00756.jpg,sailboat
boat/00757.jpg,sailboat
boat/00758.jpg,sailboat
boat/00759.jpg,sailboat
boat/00760.jpg,sailboat
boat/00761.jpg,sailboat
boat/00762.jpg,sailboat
boat/00763.jpg,sailboat
boat/00764.jpg,sailboat
boat/00765.jpg,sailboat
boat/00766.jpg,sailboat
boat/00767.jpg,sailboat
boat/00768.jpg,sailboat
boat/00769.jpg,sailboat
boat/00770.jpg,sailboat
boat/00771.jpg,sailboat
boat/00772.jpg,sailboat
boat/00773.jpg,sailboat
boat/00774.jpg,sailboat
boat/00775.jpg,sailboat
boat/00776.jpg,sailboat
boat/00777.jpg,sailboat
boat/00778.jpg,sailboat
boat/00779.jpg,sailboat
boat/00780.jpg,sailboat
boat/00781.jpg,sailboat
boat/00782.jpg,sailboat
boat/00783.jpg,sailboat
boat/00784.jpg,sailboat
boat/00785.jpg,sailboat
boat/00786.jpg,sailboat
boat/00787.jpg,sailboat
boat/00788.jpg,sailboat
boat/00789.jpg,sailboat
boat/00790.jpg,sailboat
boat/00791.jpg,sailboat
boat/00792.jpg,sailboat
boat/00793.jpg,sailboat
boat/00794.jpg,sailboat
boat/00795.jpg,sailboat
boat/00796.jpg,buoy
boat/00799.jpg,buoy
boat/00800.jpg,buoy
boat/00801.jpg,buoy
boat/00802.jpg,buoy
boat/00803.jpg,buoy
boat/00804.jpg,buoy
boat/00806.jpg,buoy
boat/00807.jpg,buoy
boat/00808.jpg,buoy
boat/00809.jpg,buoy
boat/00810.jpg,buoy
boat/00811.jpg,buoy
boat/00812.jpg,buoy
boat/00813.jpg,buoy
boat/00814.jpg,buoy
boat/00815.jpg,buoy
boat/00816.jpg,buoy
boat/00817.jpg,buoy
boat/00819.jpg,buoy
boat/00820.jpg,buoy
boat/00822.jpg,buoy
boat/00824.jpg,buoy
boat/00825.jpg,buoy
boat/00827.jpg,buoy
boat/00830.jpg,buoy
boat/00831.jpg,buoy
boat/00833.jpg,buoy
boat/00834.jpg,buoy
boat/00835.jpg,buoy
boat/00836.jpg,buoy
boat/00837.jpg,buoy
boat/00838.jpg,buoy
boat/00840.jpg,buoy
boat/00841.jpg,buoy
boat/00843.jpg,buoy
boat/00845.jpg,buoy
boat/00846.jpg,buoy
boat/00847.jpg,buoy
boat/00848.jpg,buoy
boat/00850.jpg,buoy
boat/00851.jpg,buoy
boat/00852.jpg,buoy
boat/00853.jpg,buoy
boat/00854.jpg,buoy
boat/00856.jpg,buoy
boat/00857.jpg,buoy
boat/00858.jpg,buoy
boat/00859.jpg,buoy
boat/00861.jpg,buoy
boat/00862.jpg,buoy
boat/00863.jpg,buoy
boat/00864.jpg,kayak
boat/00866.jpg,kayak
boat/00867.jpg,kayak
boat/00868.jpg,kayak
boat/00869.jpg,kayak
boat/00870.jpg,kayak
boat/00871.jpg,kayak
boat/00872.jpg,kayak
boat/00873.jpg,kayak
boat/00874.jpg,kayak
boat/00875.jpg,kayak
boat/00877.jpg,kayak
boat/00878.jpg,kayak
boat/00879.jpg,kayak
boat/00880.jpg,kayak
boat/00881.jpg,kayak
boat/00882.jpg,kayak
boat/00883.jpg,kayak
boat/00884.jpg,kayak
boat/00885.jpg,kayak
boat/00886.jpg,kayak
boat/00887.jpg,kayak
boat/00889.jpg,kayak
boat/00890.jpg,kayak
boat/00891.jpg,kayak
boat/00892.jpg,kayak
boat/00893.jpg,kayak
boat/00894.jpg,kayak
boat/00895.jpg,kayak
boat/00896.jpg,kayak
boat/00897.jpg,kayak
boat/00898.jpg,kayak
boat/00899.jpg,kayak
boat/00900.jpg,kayak
boat/00901.jpg,kayak
boat/00902.jpg,kayak
boat/00904.jpg,kayak
boat/00905.jpg,kayak
boat/00906.jpg,kayak
boat/00907.jpg,kayak
boat/00908.jpg,kayak
boat/00909.jpg,kayak
boat/00910.jpg,kayak
boat/00911.jpg,kayak
boat/00912.jpg,kayak
boat/00913.jpg,kayak
boat/00914.jpg,kayak
boat/00915.jpg,kayak
boat/00916.jpg,kayak
boat/00917.jpg,kayak
boat/00918.jpg,kayak
boat/00919.jpg,kayak
boat/00920.jpg,kayak
boat/00921.jpg,kayak
boat/00922.jpg,kayak
boat/00924.jpg,kayak
boat/00925.jpg,kayak
boat/00926.jpg,kayak
boat/00927.jpg,kayak
boat/00928.jpg,kayak
boat/00929.jpg,kayak
boat/00930.jpg,kayak
boat/00931.jpg,kayak
boat/00932.jpg,kayak
boat/00933.jpg,kayak
boat/00934.jpg,kayak
boat/00935.jpg,kayak
boat/00936.jpg,kayak
boat/00938.jpg,kayak
boat/00939.jpg,kayak
boat/00940.jpg,kayak
boat/00941.jpg,kayak
boat/00943.jpg,kayak
boat/00944.jpg,kayak
boat/00945.jpg,kayak
boat/00946.jpg,kayak
boat/00948.jpg,kayak
boat/00949.jpg,kayak
boat/00950.jpg,kayak
boat/00951.jpg,kayak
boat/00952.jpg,kayak
boat/00953.jpg,kayak
boat/00954.jpg,kayak
boat/00955.jpg,kayak
boat/00956.jpg,kayak
boat/00958.jpg,kayak
boat/00959.jpg,kayak
boat/00960.jpg,kayak
boat/00961.jpg,kayak
boat/00962.jpg,kayak
boat/00963.jpg,kayak
boat/00964.jpg,kayak
boat/00965.jpg,kayak
boat/00966.jpg,kayak
boat/00967.jpg,kayak
boat/00968.jpg,kayak
boat/00969.jpg,kayak
boat/00970.jpg,kayak
boat/00971.jpg,kayak
boat/00972.jpg,kayak
boat/00973.jpg,kayak
boat/00974.jpg,kayak
boat/00975.jpg,kayak
boat/00976.jpg,kayak
boat/00977.jpg,kayak
boat/00978.jpg,kayak
boat/00980.jpg,kayak
boat/00981.jpg,kayak
boat/00982.jpg,kayak
boat/00983.jpg,kayak
boat/00984.jpg,kayak
boat/00985.jpg,kayak
boat/00986.jpg,kayak
boat/00987.jpg,kayak
boat/00990.jpg,kayak
boat/00992.jpg,kayak
boat/00993.jpg,kayak
boat/00994.jpg,kayak
boat/00995.jpg,kayak
boat/00996.jpg,kayak
boat/00997.jpg,kayak
boat/00998.jpg,kayak
boat/00999.jpg,kayak
boat/01000.jpg,kayak
boat/01002.jpg,kayak
boat/01003.jpg,kayak
boat/01004.jpg,kayak
boat/01005.jpg,kayak
boat/01006.jpg,kayak
boat/01007.jpg,kayak
boat/01008.jpg,kayak
boat/01009.jpg,kayak
boat/01010.jpg,kayak
boat/01011.jpg,kayak
boat/01012.jpg,kayak
boat/01013.jpg,kayak
boat/01014.jpg,kayak
boat/01015.jpg,kayak
boat/01016.jpg,kayak
boat/01017.jpg,kayak
boat/01018.jpg,kayak
boat/01019.jpg,kayak
boat/01020.jpg,kayak
boat/01021.jpg,kayak
boat/01022.jpg,kayak
boat/01023.jpg,kayak
boat/01024.jpg,kayak
boat/01025.jpg,kayak
boat/01026.jpg,kayak
boat/01027.jpg,kayak
boat/01028.jpg,kayak
boat/01029.jpg,kayak
boat/01030.jpg,kayak
boat/01031.jpg,kayak
boat/01032.jpg,kayak
boat/01033.jpg,kayak
boat/01034.jpg,kayak
boat/01035.jpg,kayak
boat/01036.jpg,kayak
boat/01037.jpg,kayak
boat/01038.jpg,kayak
boat/01039.jpg,kayak
boat/01040.jpg,kayak
boat/01041.jpg,kayak
boat/01042.jpg,kayak
boat/01043.jpg,kayak
boat/01044.jpg,kayak
boat/01045.jpg,kayak
boat/01046.jpg,kayak
boat/01047.jpg,kayak
boat/01048.jpg,kayak
boat/01049.jpg,kayak
boat/01050.jpg,kayak
boat/01051.jpg,kayak
boat/01052.jpg,kayak
boat/01053.jpg,kayak
boat/01054.jpg,kayak
boat/01055.jpg,kayak
boat/01056.jpg,kayak
boat/01057.jpg,kayak
boat/01058.jpg,kayak
boat/01059.jpg,kayak
boat/01060.jpg,kayak
boat/01061.jpg,kayak
boat/01062.jpg,kayak
boat/01063.jpg,kayak
boat/01064.jpg,kayak
boat/01065.jpg,kayak
boat/01066.jpg,kayak
boat/01067.jpg,kayak
boat/01068.jpg,kayak
boat/01069.jpg,kayak
boat/01070.jpg,kayak
boat/01071.jpg,kayak
boat/01072.jpg,kayak
boat/01073.jpg,kayak
boat/01074.jpg,kayak
boat/01075.jpg,kayak
boat/01076.jpg,kayak
boat/01077.jpg,kayak
boat/01078.jpg,kayak
boat/01079.jpg,kayak
boat/01080.jpg,kayak
boat/01081.jpg,kayak
boat/01082.jpg,kayak
boat/01083.jpg,kayak
boat/01084.jpg,kayak
boat/01085.jpg,kayak
boat/01087.jpg,kayak
boat/01088.jpg,kayak
boat/01089.jpg,kayak
boat/01090.jpg,kayak
boat/01091.jpg,kayak
boat/01092.jpg,kayak
boat/01093.jpg,kayak
boat/01094.jpg,kayak
boat/01095.jpg,kayak
boat/01096.jpg,kayak
boat/01097.jpg,kayak
boat/01099.jpg,kayak
boat/01100.jpg,kayak
boat/01101.jpg,kayak
boat/01102.jpg,kayak
boat/01103.jpg,kayak
boat/01104.jpg,kayak
boat/01105.jpg,kayak
boat/01106.jpg,kayak
boat/01107.jpg,kayak
boat/01108.jpg,kayak
boat/01109.jpg,kayak
boat/01110.jpg,kayak
boat/01111.jpg,kayak
boat/01112.jpg,kayak
boat/01113.jpg,kayak
boat/01114.jpg,kayak
boat/01115.jpg,kayak
boat/01116.jpg,kayak
boat/01117.jpg,kayak
boat/01118.jpg,ferry boat
boat/01119.jpg,ferry boat
boat/01120.jpg,ferry boat
boat/01121.jpg,ferry boat
boat/01122.jpg,ferry boat
boat/01123.jpg,ferry boat
boat/01124.jpg,ferry boat
boat/01125.jpg,ferry boat
boat/01127.jpg,ferry boat
boat/01128.jpg,ferry boat
boat/01129.jpg,ferry boat
boat/01132.jpg,ferry boat
boat/01133.jpg,ferry boat
boat/01134.jpg,ferry boat
boat/01136.jpg,ferry boat
boat/01137.jpg,ferry boat
boat/01138.jpg,ferry boat
boat/01139.jpg,ferry boat
boat/01140.jpg,ferry boat
boat/01141.jpg,ferry boat
boat/01142.jpg,ferry boat
boat/01143.jpg,ferry boat
boat/01145.jpg,ferry boat
boat/01146.jpg,ferry boat
boat/01148.jpg,ferry boat
boat/01149.jpg,ferry boat
boat/01150.jpg,ferry boat
boat/01152.jpg,ferry boat
boat/01153.jpg,ferry boat
boat/01154.jpg,ferry boat
boat/01155.jpg,ferry boat
boat/01156.jpg,ferry boat
boat/01160.jpg,ferry boat
boat/01161.jpg,ferry boat
boat/01162.jpg,ferry boat
boat/01163.jpg,ferry boat
boat/01164.jpg,ferry boat
boat/01165.jpg,ferry boat
boat/01166.jpg,ferry boat
boat/01167.jpg,ferry boat
boat/01168.jpg,ferry boat
boat/01169.jpg,ferry boat
boat/01170.jpg,ferry boat
boat/01171.jpg,ferry boat
boat/01172.jpg,ferry boat
boat/01173.jpg,ferry boat
boat/01174.jpg,ferry boat
boat/01176.jpg,ferry boat
boat/01177.jpg,ferry boat
boat/01178.jpg,ferry boat
boat/01179.jpg,ferry boat
boat/01180.jpg,ferry boat
boat/01181.jpg,ferry boat
boat/01182.jpg,ferry boat
boat/01183.jpg,ferry boat
boat/01184.jpg,ferry boat
boat/01187.jpg,ferry boat
boat/01191.jpg,ferry boat
boat/01192.jpg,ferry boat
boat/01193.jpg,ferry boat
boat/01194.jpg,ferry boat
boat/01195.jpg,ferry boat
boat/01196.jpg,ferry boat
boat/01197.jpg,ferry boat
boat/01198.jpg,ferry boat
boat/01201.jpg,inflatable boat
boat/01203.jpg,inflatable boat
boat/01209.jpg,inflatable boat
boat/01210.jpg,inflatable boat
boat/01218.jpg,inflatable boat
boat/01220.jpg,gondola
boat/01221.jpg,gondola
boat/01223.jpg,gondola
boat/01224.jpg,gondola
boat/01225.jpg,gondola
boat/01226.jpg,gondola
boat/01227.jpg,gondola
boat/01228.jpg,gondola
boat/01230.jpg,gondola
boat/01231.jpg,gondola
boat/01232.jpg,gondola
boat/01233.jpg,gondola
boat/01234.jpg,gondola
boat/01235.jpg,gondola
boat/01236.jpg,gondola
boat/01237.jpg,gondola
boat/01238.jpg,gondola
boat/01239.jpg,gondola
boat/01240.jpg,gondola
boat/01241.jpg,gondola
boat/01242.jpg,gondola
boat/01243.jpg,gondola
boat/01244.jpg,gondola
boat/01245.jpg,gondola
boat/01246.jpg,gondola
boat/01247.jpg,gondola
boat/01248.jpg,gondola
boat/01249.jpg,gondola
boat/01250.jpg,gondola
boat/01251.jpg,gondola
boat/01252.jpg,gondola
boat/01253.jpg,gondola
boat/01254.jpg,gondola
boat/01255.jpg,gondola
boat/01256.jpg,gondola
boat/01257.jpg,gondola
boat/01258.jpg,gondola
boat/01259.jpg,gondola
boat/01260.jpg,gondola
boat/01262.jpg,gondola
boat/01263.jpg,gondola
boat/01264.jpg,gondola
boat/01265.jpg,gondola
boat/01266.jpg,gondola
boat/01267.jpg,gondola
boat/01268.jpg,gondola
boat/01269.jpg,gondola
boat/01270.jpg,gondola
boat/01271.jpg,gondola
boat/01272.jpg,gondola
boat/01274.jpg,gondola
boat/01275.jpg,gondola
boat/01277.jpg,gondola
boat/01278.jpg,gondola
boat/01279.jpg,gondola
boat/01280.jpg,gondola
boat/01281.jpg,gondola
boat/01282.jpg,gondola
boat/01283.jpg,gondola
boat/01284.jpg,gondola
boat/01286.jpg,gondola
boat/01287.jpg,gondola
boat/01288.jpg,gondola
boat/01289.jpg,gondola
boat/01290.jpg,gondola
boat/01291.jpg,gondola
boat/01292.jpg,gondola
boat/01293.jpg,gondola
boat/01294.jpg,gondola
boat/01295.jpg,gondola
boat/01296.jpg,gondola
boat/01297.jpg,gondola
boat/01298.jpg,gondola
boat/01299.jpg,gondola
boat/01300.jpg,gondola
boat/01301.jpg,gondola
boat/01302.jpg,gondola
boat/01304.jpg,gondola
boat/01305.jpg,gondola
boat/01306.jpg,gondola
boat/01307.jpg,gondola
boat/01308.jpg,gondola
boat/01309.jpg,gondola
boat/01310.jpg,gondola
boat/01311.jpg,gondola
boat/01312.jpg,gondola
boat/01313.jpg,gondola
boat/01314.jpg,gondola
boat/01315.jpg,gondola
boat/01316.jpg,gondola
boat/01317.jpg,gondola
boat/01318.jpg,gondola
boat/01319.jpg,gondola
boat/01320.jpg,gondola
boat/01322.jpg,gondola
boat/01323.jpg,gondola
boat/01324.jpg,gondola
boat/01326.jpg,gondola
boat/01327.jpg,gondola
boat/01329.jpg,gondola
boat/01330.jpg,gondola
boat/01331.jpg,gondola
boat/01332.jpg,gondola
boat/01333.jpg,gondola
boat/01334.jpg,gondola
boat/01335.jpg,gondola
boat/01336.jpg,gondola
boat/01337.jpg,gondola
boat/01338.jpg,gondola
boat/01339.jpg,gondola
boat/01340.jpg,gondola
boat/01341.jpg,gondola
boat/01342.jpg,gondola
boat/01343.jpg,gondola
boat/01344.jpg,gondola
boat/01345.jpg,gondola
boat/01346.jpg,gondola
boat/01347.jpg,gondola
boat/01348.jpg,gondola
boat/01349.jpg,gondola
boat/01350.jpg,gondola
boat/01351.jpg,gondola
boat/01352.jpg,gondola
boat/01353.jpg,gondola
boat/01354.jpg,gondola
boat/01355.jpg,gondola
boat/01357.jpg,gondola
boat/01358.jpg,gondola
boat/01359.jpg,gondola
boat/01360.jpg,gondola
boat/01361.jpg,gondola
boat/01362.jpg,gondola
boat/01363.jpg,gondola
boat/01364.jpg,gondola
boat/01365.jpg,gondola
boat/01366.jpg,gondola
boat/01367.jpg,gondola
boat/01368.jpg,gondola
boat/01369.jpg,gondola
boat/01370.jpg,gondola
boat/01371.jpg,gondola
boat/01372.jpg,gondola
boat/01373.jpg,gondola
boat/01374.jpg,gondola
boat/01375.jpg,gondola
boat/01376.jpg,gondola
boat/01377.jpg,gondola
boat/01378.jpg,gondola
boat/01379.jpg,gondola
boat/01380.jpg,gondola
boat/01381.jpg,gondola
boat/01382.jpg,gondola
boat/01383.jpg,gondola
boat/01384.jpg,gondola
boat/01385.jpg,gondola
boat/01386.jpg,gondola
boat/01387.jpg,gondola
boat/01388.jpg,gondola
boat/01389.jpg,gondola
boat/01390.jpg,gondola
boat/01391.jpg,gondola
boat/01392.jpg,gondola
boat/01393.jpg,gondola
boat/01394.jpg,gondola
boat/01395.jpg,gondola
boat/01396.jpg,gondola
boat/01397.jpg,gondola
boat/01398.jpg,gondola
boat/01400.jpg,gondola
boat/01401.jpg,gondola
boat/01402.jpg,gondola
boat/01403.jpg,gondola
boat/01404.jpg,gondola
boat/01405.jpg,gondola
boat/01406.jpg,gondola
boat/01407.jpg,gondola
boat/01408.jpg,gondola
boat/01409.jpg,gondola
boat/01410.jpg,gondola
boat/01411.jpg,gondola
boat/01413.jpg,gondola
boat/01414.jpg,gondola
boat/01415.jpg,gondola
boat/01416.jpg,gondola
boat/01417.jpg,gondola
boat/01418.jpg,gondola
boat/01420.jpg,gondola
boat/01421.jpg,gondola
boat/01422.jpg,gondola
boat/01423.jpg,gondola
boat/01424.jpg,gondola
boat/01425.jpg,gondola
boat/01427.jpg,gondola
boat/01428.jpg,gondola
boat/01429.jpg,gondola
boat/01430.jpg,gondola
boat/01431.jpg,gondola
boat/01432.jpg,gondola
boat/01433.jpg,gondola
boat/01434.jpg,gondola
boat/01435.jpg,gondola
boat/01436.jpg,gondola
boat/01437.jpg,gondola
boat/01438.jpg,gondola
boat/01439.jpg,gondola
boat/01440.jpg,gondola
boat/01441.jpg,gondola
boat/01443.jpg,gondola
boat/01444.jpg,gondola
boat/01445.jpg,gondola
boat/01446.jpg,gondola
boat/01447.jpg,gondola
boat/01448.jpg,gondola
boat/01449.jpg,gondola
boat/01450.jpg,gondola
boat/01451.jpg,gondola
boat/01452.jpg,gondola
boat/01453.jpg,gondola
boat/01454.jpg,gondola
boat/01455.jpg,gondola
boat/01456.jpg,gondola
boat/01457.jpg,gondola
boat/01458.jpg,gondola
boat/01459.jpg,gondola
boat/01460.jpg,gondola
boat/01461.jpg,gondola
