image,label
brain-tumor/0000.png,hemmorhage_data
brain-tumor/0001.png,hemmorhage_data
brain-tumor/0002.png,hemmorhage_data
brain-tumor/0003.png,hemmorhage_data
brain-tumor/0004.png,hemmorhage_data
brain-tumor/0005.png,hemmorhage_data
brain-tumor/0006.png,hemmorhage_data
brain-tumor/0007.png,hemmorhage_data
brain-tumor/0008.png,hemmorhage_data
brain-tumor/0009.png,hemmorhage_data
brain-tumor/0010.png,hemmorhage_data
brain-tumor/0011.png,hemmorhage_data
brain-tumor/0012.png,hemmorhage_data
brain-tumor/0013.png,hemmorhage_data
brain-tumor/0014.png,hemmorhage_data
brain-tumor/0016.png,hemmorhage_data
brain-tumor/0017.png,hemmorhage_data
brain-tumor/0018.png,hemmorhage_data
brain-tumor/0019.png,hemmorhage_data
brain-tumor/0020.png,hemmorhage_data
brain-tumor/0021.png,hemmorhage_data
brain-tumor/0022.png,hemmorhage_data
brain-tumor/0023.png,hemmorhage_data
brain-tumor/0024.png,hemmorhage_data
brain-tumor/0025.png,hemmorhage_data
brain-tumor/0026.png,hemmorhage_data
brain-tumor/0027.png,hemmorhage_data
brain-tumor/0028.png,hemmorhage_data
brain-tumor/0029.png,hemmorhage_data
brain-tumor/0031.png,hemmorhage_data
brain-tumor/0032.png,hemmorhage_data
brain-tumor/0033.png,hemmorhage_data
brain-tumor/0034.png,hemmorhage_data
brain-tumor/0035.png,hemmorhage_data
brain-tumor/0036.png,hemmorhage_data
brain-tumor/0037.png,hemmorhage_data
brain-tumor/0038.png,hemmorhage_data
brain-tumor/0039.png,hemmorhage_data
brain-tumor/0040.png,hemmorhage_data
brain-tumor/0041.png,hemmorhage_data
brain-tumor/0042.png,hemmorhage_data
brain-tumor/0043.png,hemmorhage_data
brain-tumor/0045.png,hemmorhage_data
brain-tumor/0046.png,hemmorhage_data
brain-tumor/0047.png,hemmorhage_data
brain-tumor/0048.png,hemmorhage_data
brain-tumor/0050.png,hemmorhage_data
brain-tumor/0051.png,hemmorhage_data
brain-tumor/0052.png,hemmorhage_data
brain-tumor/0053.png,hemmorhage_data
brain-tumor/0054.png,hemmorhage_data
brain-tumor/0055.png,hemmorhage_data
brain-tumor/0056.png,hemmorhage_data
brain-tumor/0057.png,hemmorhage_data
brain-tumor/0058.png,hemmorhage_data
brain-tumor/0059.png,hemmorhage_data
brain-tumor/0060.png,hemmorhage_data
brain-tumor/0061.png,hemmorhage_data
brain-tumor/0062.png,hemmorhage_data
brain-tumor/0063.png,hemmorhage_data
brain-tumor/0064.png,hemmorhage_data
brain-tumor/0065.png,hemmorhage_data
brain-tumor/0066.png,hemmorhage_data
brain-tumor/0067.png,hemmorhage_data
brain-tumor/0068.png,hemmorhage_data
brain-tumor/0069.png,hemmorhage_data
brain-tumor/0070.png,non_hemmorhage_data
brain-tumor/0071.png,non_hemmorhage_data
brain-tumor/0072.png,non_hemmorhage_data
brain-tumor/0073.png,non_hemmorhage_data
brain-tumor/0074.png,non_hemmorhage_data
brain-tumor/0075.png,non_hemmorhage_data
brain-tumor/0076.png,non_hemmorhage_data
brain-tumor/0077.png,non_hemmorhage_data
brain-tumor/0078.png,non_hemmorhage_data
brain-tumor/0079.png,non_hemmorhage_data
brain-tumor/0080.png,non_hemmorhage_data
brain-tumor/0081.png,non_hemmorhage_data
brain-tumor/0082.png,non_hemmorhage_data
brain-tumor/0083.png,non_hemmorhage_data
brain-tumor/0084.png,non_hemmorhage_data
brain-tumor/0085.png,non_hemmorhage_data
brain-tumor/0086.png,non_hemmorhage_data
brain-tumor/0087.png,non_hemmorhage_data
brain-tumor/0089.png,non_hemmorhage_data
brain-tumor/0091.png,non_hemmorhage_data
brain-tumor/0092.png,non_hemmorhage_data
brain-tumor/0093.png,non_hemmorhage_data
brain-tumor/0094.png,non_hemmorhage_data
brain-tumor/0095.png,non_hemmorhage_data
brain-tumor/0096.png,non_hemmorhage_data
brain-tumor/0097.png,non_hemmorhage_data
brain-tumor/0098.png,non_hemmorhage_data
brain-tumor/0099.png,non_hemmorhage_data
brain-tumor/0100.png,non_hemmorhage_data
brain-tumor/0101.png,non_hemmorhage_data
brain-tumor/0102.png,non_hemmorhage_data
brain-tumor/0103.png,non_hemmorhage_data
brain-tumor/0104.png,non_hemmorhage_data
brain-tumor/0105.png,non_hemmorhage_data
brain-tumor/0106.png,non_hemmorhage_data
brain-tumor/0107.png,non_hemmorhage_data
brain-tumor/0108.png,non_hemmorhage_data
brain-tumor/0109.png,non_hemmorhage_data
brain-tumor/0110.png,non_hemmorhage_data
brain-tumor/0111.png,non_hemmorhage_data
brain-tumor/0112.png,non_hemmorhage_data
brain-tumor/0113.png,non_hemmorhage_data
brain-tumor/0114.png,non_hemmorhage_data
brain-tumor/0116.png,non_hemmorhage_data
brain-tumor/0117.png,non_hemmorhage_data
brain-tumor/0118.png,non_hemmorhage_data
brain-tumor/0119.png,non_hemmorhage_data
brain-tumor/0120.png,non_hemmorhage_data
brain-tumor/0121.png,non_hemmorhage_data
brain-tumor/0123.png,non_hemmorhage_data
brain-tumor/0124.png,non_hemmorhage_data
brain-tumor/0125.png,non_hemmorhage_data
brain-tumor/0126.png,non_hemmorhage_data
brain-tumor/0127.png,non_hemmorhage_data
brain-tumor/0128.png,non_hemmorhage_data
brain-tumor/0130.png,non_hemmorhage_data
brain-tumor/0131.png,non_hemmorhage_data
brain-tumor/0132.png,non_hemmorhage_data
brain-tumor/0133.png,non_hemmorhage_data
brain-tumor/0134.png,non_hemmorhage_data
brain-tumor/0135.png,non_hemmorhage_data
brain-tumor/0136.png,non_hemmorhage_data
brain-tumor/0137.png,non_hemmorhage_data
brain-tumor/0138.png,non_hemmorhage_data
brain-tumor/0139.png,non_hemmorhage_data
brain-tumor/0141.png,hemmorhage_data
brain-tumor/0142.png,hemmorhage_data
brain-tumor/0144.png,hemmorhage_data
brain-tumor/0145.png,hemmorhage_data
brain-tumor/0146.png,hemmorhage_data
brain-tumor/0147.png,hemmorhage_data
brain-tumor/0148.png,hemmorhage_data
brain-tumor/0149.png,hemmorhage_data
brain-tumor/0150.png,hemmorhage_data
brain-tumor/0151.png,hemmorhage_data
brain-tumor/0152.png,hemmorhage_data
brain-tumor/0153.png,hemmorhage_data
brain-tumor/0154.png,hemmorhage_data
brain-tumor/0156.png,hemmorhage_data
brain-tumor/0157.png,hemmorhage_data
brain-tumor/0158.png,hemmorhage_data
brain-tumor/0159.png,hemmorhage_data
brain-tumor/0160.png,non_hemmorhage_data
brain-tumor/0161.png,non_hemmorhage_data
brain-tumor/0162.png,non_hemmorhage_data
brain-tumor/0163.png,non_hemmorhage_data
brain-tumor/0164.png,non_hemmorhage_data
brain-tumor/0165.png,non_hemmorhage_data
brain-tumor/0166.png,non_hemmorhage_data
brain-tumor/0167.png,non_hemmorhage_data
brain-tumor/0169.png,non_hemmorhage_data
brain-tumor/0170.png,non_hemmorhage_data
brain-tumor/0171.png,non_hemmorhage_data
brain-tumor/0172.png,non_hemmorhage_data
brain-tumor/0173.png,non_hemmorhage_data
brain-tumor/0175.png,non_hemmorhage_data
brain-tumor/0176.png,non_hemmorhage_data
brain-tumor/0177.png,non_hemmorhage_data
brain-tumor/0178.png,non_hemmorhage_data
brain-tumor/0179.png,non_hemmorhage_data
brain-tumor/0180.png,hemmorhage_data
brain-tumor/0181.png,hemmorhage_data
brain-tumor/0182.png,hemmorhage_data
brain-tumor/0183.png,hemmorhage_data
brain-tumor/0184.png,hemmorhage_data
brain-tumor/0185.png,hemmorhage_data
brain-tumor/0186.png,hemmorhage_data
brain-tumor/0187.png,hemmorhage_data
brain-tumor/0188.png,hemmorhage_data
brain-tumor/0190.png,non_hemmorhage_data
brain-tumor/0191.png,non_hemmorhage_data
brain-tumor/0192.png,non_hemmorhage_data
brain-tumor/0194.png,non_hemmorhage_data
brain-tumor/0195.png,non_hemmorhage_data
brain-tumor/0196.png,non_hemmorhage_data
brain-tumor/0197.png,non_hemmorhage_data
brain-tumor/0198.png,non_hemmorhage_data
brain-tumor/0199.png,non_hemmorhage_data
brain-tumor/0200.png,hemmorhage_data
brain-tumor/0201.png,hemmorhage_data
brain-tumor/0202.png,hemmorhage_data
brain-tumor/0203.png,hemmorhage_data
brain-tumor/0204.png,hemmorhage_data
brain-tumor/0205.png,hemmorhage_data
brain-tumor/0206.png,hemmorhage_data
brain-tumor/0207.png,hemmorhage_data
brain-tumor/0208.png,hemmorhage_data
brain-tumor/0209.png,hemmorhage_data
brain-tumor/0211.png,hemmorhage_data
brain-tumor/0212.png,hemmorhage_data
brain-tumor/0213.png,hemmorhage_data
brain-tumor/0214.png,hemmorhage_data
brain-tumor/0215.png,hemmorhage_data
brain-tumor/0216.png,hemmorhage_data
brain-tumor/0217.png,hemmorhage_data
brain-tumor/0218.png,hemmorhage_data
brain-tumor/0219.png,hemmorhage_data
brain-tumor/0220.png,hemmorhage_data
brain-tumor/0221.png,hemmorhage_data
brain-tumor/0222.png,hemmorhage_data
brain-tumor/0223.png,hemmorhage_data
brain-tumor/0224.png,hemmorhage_data
brain-tumor/0225.png,hemmorhage_data
brain-tumor/0226.png,hemmorhage_data
brain-tumor/0227.png,hemmorhage_data
brain-tumor/0229.png,hemmorhage_data
brain-tumor/0231.png,hemmorhage_data
brain-tumor/0233.png,hemmorhage_data
brain-tumor/0234.png,hemmorhage_data
brain-tumor/0235.png,hemmorhage_data
brain-tumor/0236.png,hemmorhage_data
brain-tumor/0237.png,hemmorhage_data
brain-tumor/0238.png,hemmorhage_data
brain-tumor/0239.png,hemmorhage_data
brain-tumor/0240.png,hemmorhage_data
brain-tumor/0241.png,hemmorhage_data
brain-tumor/0242.png,hemmorhage_data
brain-tumor/0243.png,hemmorhage_data
brain-tumor/0245.png,hemmorhage_data
brain-tumor/0246.png,hemmorhage_data
brain-tumor/0247.png,hemmorhage_data
brain-tumor/0248.png,hemmorhage_data
brain-tumor/0249.png,hemmorhage_data
brain-tumor/0250.png,hemmorhage_data
brain-tumor/0253.png,hemmorhage_data
brain-tumor/0254.png,hemmorhage_data
brain-tumor/0255.png,hemmorhage_data
brain-tumor/0256.png,hemmorhage_data
brain-tumor/0258.png,hemmorhage_data
brain-tumor/0259.png,hemmorhage_data
brain-tumor/0260.png,hemmorhage_data
brain-tumor/0261.png,hemmorhage_data
brain-tumor/0262.png,hemmorhage_data
brain-tumor/0263.png,hemmorhage_data
brain-tumor/0264.png,hemmorhage_data
brain-tumor/0265.png,hemmorhage_data
brain-tumor/0266.png,hemmorhage_data
brain-tumor/0268.png,hemmorhage_data
brain-tumor/0269.png,hemmorhage_data
brain-tumor/0270.png,non_hemmorhage_data
brain-tumor/0271.png,non_hemmorhage_data
brain-tumor/0273.png,non_hemmorhage_data
brain-tumor/0274.png,non_hemmorhage_data
brain-tumor/0275.png,non_hemmorhage_data
brain-tumor/0276.png,non_hemmorhage_data
brain-tumor/0277.png,non_hemmorhage_data
brain-tumor/0278.png,non_hemmorhage_data
brain-tumor/0279.png,non_hemmorhage_data
brain-tumor/0280.png,non_hemmorhage_data
brain-tumor/0281.png,non_hemmorhage_data
brain-tumor/0282.png,non_hemmorhage_data
brain-tumor/0283.png,non_hemmorhage_data
brain-tumor/0284.png,non_hemmorhage_data
brain-tumor/0286.png,non_hemmorhage_data
brain-tumor/0287.png,non_hemmorhage_data
brain-tumor/0288.png,non_hemmorhage_data
brain-tumor/0289.png,non_hemmorhage_data
brain-tumor/0291.png,non_hemmorhage_data
brain-tumor/0292.png,non_hemmorhage_data
brain-tumor/0293.png,non_hemmorhage_data
brain-tumor/0294.png,non_hemmorhage_data
brain-tumor/0295.png,non_hemmorhage_data
brain-tumor/0296.png,non_hemmorhage_data
brain-tumor/0297.png,non_hemmorhage_data
brain-tumor/0298.png,non_hemmorhage_data
brain-tumor/0300.png,non_hemmorhage_data
brain-tumor/0301.png,non_hemmorhage_data
brain-tumor/0302.png,non_hemmorhage_data
brain-tumor/0304.png,non_hemmorhage_data
brain-tumor/0305.png,non_hemmorhage_data
brain-tumor/0306.png,non_hemmorhage_data
brain-tumor/0307.png,non_hemmorhage_data
brain-tumor/0308.png,non_hemmorhage_data
brain-tumor/0309.png,non_hemmorhage_data
brain-tumor/0310.png,non_hemmorhage_data
brain-tumor/0311.png,non_hemmorhage_data
brain-tumor/0312.png,non_hemmorhage_data
brain-tumor/0313.png,non_hemmorhage_data
brain-tumor/0314.png,non_hemmorhage_data
brain-tumor/0315.png,non_hemmorhage_data
brain-tumor/0316.png,non_hemmorhage_data
brain-tumor/0318.png,non_hemmorhage_data
brain-tumor/0319.png,non_hemmorhage_data
brain-tumor/0320.png,non_hemmorhage_data
brain-tumor/0321.png,non_hemmorhage_data
brain-tumor/0322.png,non_hemmorhage_data
brain-tumor/0323.png,non_hemmorhage_data
brain-tumor/0324.png,non_hemmorhage_data
brain-tumor/0325.png,non_hemmorhage_data
brain-tumor/0326.png,non_hemmorhage_data
brain-tumor/0327.png,non_hemmorhage_data
brain-tumor/0328.png,non_hemmorhage_data
brain-tumor/0329.png,non_hemmorhage_data
brain-tumor/0330.png,non_hemmorhage_data
brain-tumor/0331.png,non_hemmorhage_data
brain-tumor/0332.png,non_hemmorhage_data
brain-tumor/0333.png,non_hemmorhage_data
brain-tumor/0335.png,non_hemmorhage_data
brain-tumor/0336.png,non_hemmorhage_data
brain-tumor/0337.png,non_hemmorhage_data
brain-tumor/0338.png,non_hemmorhage_data
brain-tumor/0339.png,non_hemmorhage_data
brain-tumor/0340.png,hemmorhage_data
brain-tumor/0341.png,hemmorhage_data
brain-tumor/0342.png,hemmorhage_data
brain-tumor/0343.png,hemmorhage_data
brain-tumor/0344.png,hemmorhage_data
brain-tumor/0345.png,hemmorhage_data
brain-tumor/0346.png,hemmorhage_data
brain-tumor/0347.png,hemmorhage_data
brain-tumor/0348.png,hemmorhage_data
brain-tumor/0349.png,hemmorhage_data
brain-tumor/0350.png,hemmorhage_data
brain-tumor/0351.png,hemmorhage_data
brain-tumor/0352.png,hemmorhage_data
brain-tumor/0354.png,hemmorhage_data
brain-tumor/0355.png,hemmorhage_data
brain-tumor/0356.png,hemmorhage_data
brain-tumor/0357.png,hemmorhage_data
brain-tumor/0358.png,hemmorhage_data
brain-tumor/0359.png,hemmorhage_data
brain-tumor/0360.png,non_hemmorhage_data
brain-tumor/0361.png,non_hemmorhage_data
brain-tumor/0362.png,non_hemmorhage_data
brain-tumor/0363.png,non_hemmorhage_data
brain-tumor/0364.png,non_hemmorhage_data
brain-tumor/0365.png,non_hemmorhage_data
brain-tumor/0366.png,non_hemmorhage_data
brain-tumor/0368.png,non_hemmorhage_data
brain-tumor/0369.png,non_hemmorhage_data
brain-tumor/0370.png,non_hemmorhage_data
brain-tumor/0372.png,non_hemmorhage_data
brain-tumor/0375.png,non_hemmorhage_data
brain-tumor/0377.png,non_hemmorhage_data
brain-tumor/0378.png,non_hemmorhage_data
brain-tumor/0379.png,non_hemmorhage_data
brain-tumor/0381.png,hemmorhage_data
brain-tumor/0382.png,hemmorhage_data
brain-tumor/0383.png,hemmorhage_data
brain-tumor/0384.png,hemmorhage_data
brain-tumor/0385.png,hemmorhage_data
brain-tumor/0386.png,hemmorhage_data
brain-tumor/0387.png,hemmorhage_data
brain-tumor/0388.png,hemmorhage_data
brain-tumor/0390.png,non_hemmorhage_data
brain-tumor/0391.png,non_hemmorhage_data
brain-tumor/0392.png,non_hemmorhage_data
brain-tumor/0393.png,non_hemmorhage_data
brain-tumor/0394.png,non_hemmorhage_data
brain-tumor/0395.png,non_hemmorhage_data
brain-tumor/0396.png,non_hemmorhage_data
brain-tumor/0397.png,non_hemmorhage_data
brain-tumor/0398.png,non_hemmorhage_data
brain-tumor/0399.png,non_hemmorhage_data
