image,label
butterfly/0000.png,1
butterfly/0001.png,2
butterfly/0002.png,1
butterfly/0003.png,10
butterfly/0004.png,8
butterfly/0005.png,8
butterfly/0006.png,1
butterfly/0007.png,2
butterfly/0008.png,1
butterfly/0009.png,7
butterfly/0010.png,1
butterfly/0011.png,4
butterfly/0012.png,8
butterfly/0013.png,6
butterfly/0014.png,9
butterfly/0015.png,2
butterfly/0016.png,9
butterfly/0017.png,3
butterfly/0018.png,4
butterfly/0019.png,2
butterfly/0020.png,8
butterfly/0021.png,9
butterfly/0022.png,7
butterfly/0023.png,4
butterfly/0024.png,1
butterfly/0025.png,8
butterfly/0026.png,5
butterfly/0027.png,3
butterfly/0028.png,6
butterfly/0029.png,6
butterfly/0030.png,2
butterfly/0031.png,9
butterfly/0032.png,10
butterfly/0033.png,7
butterfly/0034.png,7
butterfly/0035.png,2
butterfly/0036.png,7
butterfly/0037.png,4
butterfly/0038.png,4
butterfly/0039.png,9
butterfly/0040.png,8
butterfly/0041.png,2
butterfly/0042.png,10
butterfly/0044.png,1
butterfly/0046.png,10
butterfly/0047.png,9
butterfly/0048.png,6
butterfly/0049.png,5
butterfly/0050.png,9
butterfly/0051.png,4
butterfly/0052.png,7
butterfly/0053.png,3
butterfly/0054.png,9
butterfly/0055.png,10
butterfly/0056.png,7
butterfly/0057.png,5
butterfly/0058.png,6
butterfly/0059.png,9
butterfly/0060.png,3
butterfly/0061.png,10
butterfly/0062.png,5
butterfly/0063.png,6
butterfly/0065.png,6
butterfly/0066.png,7
butterfly/0067.png,5
butterfly/0068.png,2
butterfly/0069.png,8
butterfly/0070.png,4
butterfly/0071.png,3
butterfly/0072.png,9
butterfly/0073.png,5
butterfly/0074.png,9
butterfly/0075.png,3
butterfly/0076.png,7
butterfly/0078.png,6
butterfly/0079.png,4
butterfly/0080.png,6
butterfly/0081.png,7
butterfly/0082.png,2
butterfly/0083.png,4
butterfly/0084.png,4
butterfly/0085.png,6
butterfly/0088.png,8
butterfly/0089.png,10
butterfly/0090.png,4
butterfly/0091.png,1
butterfly/0092.png,5
butterfly/0093.png,6
butterfly/0094.png,2
butterfly/0095.png,9
butterfly/0096.png,5
butterfly/0097.png,7
butterfly/0098.png,9
butterfly/0099.png,3
butterfly/0101.png,3
butterfly/0102.png,2
butterfly/0103.png,4
butterfly/0104.png,5
butterfly/0105.png,5
butterfly/0107.png,5
butterfly/0108.png,5
butterfly/0109.png,10
butterfly/0110.png,2
butterfly/0112.png,6
butterfly/0113.png,9
butterfly/0114.png,3
butterfly/0115.png,7
butterfly/0116.png,5
butterfly/0120.png,6
butterfly/0122.png,6
butterfly/0123.png,1
butterfly/0124.png,3
butterfly/0126.png,5
butterfly/0127.png,4
butterfly/0128.png,3
butterfly/0129.png,2
butterfly/0130.png,3
butterfly/0131.png,5
butterfly/0132.png,7
butterfly/0133.png,6
butterfly/0135.png,4
butterfly/0137.png,7
butterfly/0138.png,8
butterfly/0139.png,4
butterfly/0140.png,10
butterfly/0141.png,5
butterfly/0142.png,6
butterfly/0143.png,3
butterfly/0144.png,7
butterfly/0145.png,7
butterfly/0146.png,4
butterfly/0147.png,9
butterfly/0148.png,5
butterfly/0149.png,2
butterfly/0150.png,8
butterfly/0151.png,9
butterfly/0152.png,2
butterfly/0153.png,6
butterfly/0154.png,9
butterfly/0155.png,6
butterfly/0157.png,7
butterfly/0158.png,5
butterfly/0159.png,2
butterfly/0161.png,2
butterfly/0162.png,10
butterfly/0163.png,9
butterfly/0164.png,9
butterfly/0165.png,4
butterfly/0166.png,1
butterfly/0167.png,7
butterfly/0168.png,4
butterfly/0169.png,9
butterfly/0170.png,8
butterfly/0171.png,1
butterfly/0172.png,2
butterfly/0173.png,4
butterfly/0174.png,9
butterfly/0176.png,10
butterfly/0177.png,5
butterfly/0178.png,2
butterfly/0179.png,4
butterfly/0180.png,7
butterfly/0181.png,4
butterfly/0183.png,10
butterfly/0184.png,1
butterfly/0185.png,5
butterfly/0186.png,2
butterfly/0187.png,1
butterfly/0189.png,7
butterfly/0190.png,7
butterfly/0191.png,1
butterfly/0192.png,7
butterfly/0193.png,3
butterfly/0194.png,2
butterfly/0195.png,4
butterfly/0196.png,4
butterfly/0197.png,8
butterfly/0198.png,5
butterfly/0199.png,2
butterfly/0200.png,6
butterfly/0201.png,2
butterfly/0204.png,8
butterfly/0205.png,1
butterfly/0206.png,5
butterfly/0207.png,4
butterfly/0208.png,9
butterfly/0209.png,10
butterfly/0210.png,2
butterfly/0212.png,10
butterfly/0214.png,2
butterfly/0215.png,8
butterfly/0216.png,9
butterfly/0217.png,7
butterfly/0218.png,6
butterfly/0219.png,9
butterfly/0220.png,2
butterfly/0221.png,6
butterfly/0222.png,8
butterfly/0223.png,4
butterfly/0224.png,7
butterfly/0225.png,5
butterfly/0226.png,7
butterfly/0227.png,7
butterfly/0228.png,2
butterfly/0229.png,4
butterfly/0230.png,1
butterfly/0231.png,1
butterfly/0232.png,4
butterfly/0233.png,7
butterfly/0234.png,6
butterfly/0235.png,6
butterfly/0237.png,8
butterfly/0238.png,10
butterfly/0239.png,6
butterfly/0240.png,7
butterfly/0241.png,5
butterfly/0242.png,7
butterfly/0243.png,3
butterfly/0244.png,4
butterfly/0245.png,4
butterfly/0246.png,10
butterfly/0247.png,4
butterfly/0248.png,7
butterfly/0249.png,2
butterfly/0250.png,7
butterfly/0251.png,1
butterfly/0252.png,3
butterfly/0253.png,4
butterfly/0254.png,6
butterfly/0255.png,7
butterfly/0256.png,9
butterfly/0257.png,2
butterfly/0259.png,10
butterfly/0260.png,5
butterfly/0261.png,10
butterfly/0262.png,10
butterfly/0263.png,5
butterfly/0264.png,3
butterfly/0265.png,3
butterfly/0266.png,4
butterfly/0267.png,1
butterfly/0268.png,1
butterfly/0269.png,1
butterfly/0270.png,7
butterfly/0271.png,10
butterfly/0272.png,6
butterfly/0273.png,8
butterfly/0275.png,3
butterfly/0276.png,6
butterfly/0277.png,6
butterfly/0278.png,6
butterfly/0279.png,2
butterfly/0280.png,4
butterfly/0281.png,7
butterfly/0282.png,6
butterfly/0283.png,1
butterfly/0284.png,6
butterfly/0285.png,3
butterfly/0286.png,9
butterfly/0287.png,4
butterfly/0288.png,6
butterfly/0289.png,9
butterfly/0290.png,1
butterfly/0291.png,2
butterfly/0292.png,5
butterfly/0293.png,6
butterfly/0294.png,7
butterfly/0295.png,6
butterfly/0296.png,2
butterfly/0298.png,1
butterfly/0299.png,1
butterfly/0300.png,2
butterfly/0301.png,5
butterfly/0302.png,7
butterfly/0303.png,9
butterfly/0304.png,6
butterfly/0305.png,9
butterfly/0306.png,7
butterfly/0307.png,1
butterfly/0308.png,10
butterfly/0310.png,6
butterfly/0312.png,10
butterfly/0313.png,8
butterfly/0314.png,6
butterfly/0315.png,6
butterfly/0316.png,4
butterfly/0317.png,9
butterfly/0319.png,5
butterfly/0320.png,6
butterfly/0322.png,5
butterfly/0323.png,7
butterfly/0324.png,10
butterfly/0325.png,7
butterfly/0326.png,2
butterfly/0327.png,8
butterfly/0328.png,9
butterfly/0329.png,5
butterfly/0330.png,3
butterfly/0331.png,4
butterfly/0332.png,1
butterfly/0333.png,8
butterfly/0334.png,8
butterfly/0335.png,5
butterfly/0336.png,4
butterfly/0337.png,7
butterfly/0338.png,5
butterfly/0339.png,4
butterfly/0340.png,2
butterfly/0341.png,7
butterfly/0343.png,3
butterfly/0344.png,2
butterfly/0346.png,2
butterfly/0347.png,1
butterfly/0348.png,9
butterfly/0349.png,6
butterfly/0350.png,8
butterfly/0351.png,10
butterfly/0352.png,7
butterfly/0353.png,4
butterfly/0354.png,7
butterfly/0355.png,3
butterfly/0356.png,8
butterfly/0357.png,1
butterfly/0358.png,1
butterfly/0359.png,9
butterfly/0360.png,2
butterfly/0361.png,2
butterfly/0362.png,8
butterfly/0363.png,5
butterfly/0364.png,3
butterfly/0365.png,3
butterfly/0366.png,4
butterfly/0367.png,8
butterfly/0368.png,7
butterfly/0369.png,6
butterfly/0370.png,6
butterfly/0371.png,10
butterfly/0372.png,6
butterfly/0373.png,4
butterfly/0374.png,6
butterfly/0375.png,4
butterfly/0376.png,7
butterfly/0377.png,3
butterfly/0378.png,10
butterfly/0379.png,6
butterfly/0381.png,9
butterfly/0382.png,9
butterfly/0383.png,5
butterfly/0384.png,2
butterfly/0385.png,10
butterfly/0386.png,10
butterfly/0387.png,10
butterfly/0388.png,1
butterfly/0389.png,6
butterfly/0390.png,4
butterfly/0391.png,2
butterfly/0392.png,4
butterfly/0394.png,4
butterfly/0395.png,1
butterfly/0396.png,1
butterfly/0397.png,5
butterfly/0398.png,10
butterfly/0399.png,9
butterfly/0400.png,4
butterfly/0401.png,10
butterfly/0402.png,10
butterfly/0403.png,2
butterfly/0404.png,7
butterfly/0405.png,6
butterfly/0406.png,2
butterfly/0407.png,9
butterfly/0408.png,6
butterfly/0409.png,7
butterfly/0410.png,1
butterfly/0411.png,7
butterfly/0412.png,5
butterfly/0413.png,5
butterfly/0414.png,4
butterfly/0415.png,6
butterfly/0416.png,10
butterfly/0417.png,7
butterfly/0418.png,4
butterfly/0419.png,4
butterfly/0420.png,7
butterfly/0421.png,10
butterfly/0422.png,5
butterfly/0423.png,10
butterfly/0424.png,5
butterfly/0425.png,9
butterfly/0426.png,4
butterfly/0427.png,7
butterfly/0428.png,10
butterfly/0429.png,7
butterfly/0430.png,4
butterfly/0432.png,8
butterfly/0433.png,3
butterfly/0434.png,8
butterfly/0435.png,2
butterfly/0436.png,3
butterfly/0437.png,6
butterfly/0438.png,5
butterfly/0439.png,9
butterfly/0440.png,9
butterfly/0441.png,10
butterfly/0442.png,10
butterfly/0444.png,9
butterfly/0445.png,1
butterfly/0446.png,8
butterfly/0447.png,1
butterfly/0449.png,1
butterfly/0450.png,10
butterfly/0451.png,2
butterfly/0452.png,9
butterfly/0453.png,9
butterfly/0454.png,7
butterfly/0455.png,10
butterfly/0456.png,5
butterfly/0457.png,10
butterfly/0458.png,5
butterfly/0459.png,1
butterfly/0460.png,7
butterfly/0462.png,4
butterfly/0463.png,3
butterfly/0464.png,4
butterfly/0465.png,5
butterfly/0466.png,5
butterfly/0468.png,3
butterfly/0469.png,3
butterfly/0470.png,5
butterfly/0471.png,7
butterfly/0472.png,10
butterfly/0473.png,6
butterfly/0474.png,7
butterfly/0475.png,4
butterfly/0476.png,4
butterfly/0477.png,2
butterfly/0478.png,2
butterfly/0480.png,2
butterfly/0481.png,10
butterfly/0482.png,1
butterfly/0483.png,1
butterfly/0484.png,8
butterfly/0485.png,9
butterfly/0486.png,5
butterfly/0487.png,10
butterfly/0488.png,10
butterfly/0489.png,5
butterfly/0490.png,10
butterfly/0491.png,9
butterfly/0493.png,9
butterfly/0494.png,4
butterfly/0495.png,6
butterfly/0496.png,5
butterfly/0497.png,9
butterfly/0498.png,4
butterfly/0499.png,10
butterfly/0500.png,9
butterfly/0501.png,6
butterfly/0502.png,5
butterfly/0503.png,9
butterfly/0504.png,9
butterfly/0505.png,2
butterfly/0506.png,1
butterfly/0507.png,2
butterfly/0509.png,3
butterfly/0510.png,7
butterfly/0511.png,7
butterfly/0512.png,8
butterfly/0513.png,6
butterfly/0514.png,8
butterfly/0515.png,3
butterfly/0516.png,1
butterfly/0517.png,10
butterfly/0518.png,10
butterfly/0519.png,4
butterfly/0520.png,4
butterfly/0521.png,6
butterfly/0522.png,2
butterfly/0523.png,2
butterfly/0524.png,6
butterfly/0525.png,9
butterfly/0526.png,2
butterfly/0527.png,1
butterfly/0529.png,8
butterfly/0530.png,9
butterfly/0531.png,1
butterfly/0532.png,5
butterfly/0533.png,6
butterfly/0535.png,3
butterfly/0536.png,2
butterfly/0537.png,1
butterfly/0538.png,4
butterfly/0539.png,6
butterfly/0540.png,6
butterfly/0542.png,6
butterfly/0543.png,2
butterfly/0545.png,4
butterfly/0546.png,2
butterfly/0547.png,4
butterfly/0549.png,8
butterfly/0550.png,1
butterfly/0551.png,5
butterfly/0552.png,5
butterfly/0553.png,5
butterfly/0554.png,6
butterfly/0555.png,5
butterfly/0556.png,6
butterfly/0557.png,6
butterfly/0558.png,4
butterfly/0559.png,6
butterfly/0560.png,2
butterfly/0561.png,7
butterfly/0562.png,2
butterfly/0563.png,1
butterfly/0564.png,1
butterfly/0565.png,9
butterfly/0566.png,3
butterfly/0567.png,4
butterfly/0568.png,8
butterfly/0569.png,7
butterfly/0570.png,2
butterfly/0571.png,5
butterfly/0572.png,1
butterfly/0573.png,3
butterfly/0575.png,9
butterfly/0576.png,9
butterfly/0577.png,2
butterfly/0578.png,7
butterfly/0580.png,10
butterfly/0581.png,9
butterfly/0583.png,1
butterfly/0585.png,9
butterfly/0587.png,6
butterfly/0588.png,4
butterfly/0589.png,2
butterfly/0590.png,8
butterfly/0591.png,1
butterfly/0593.png,1
butterfly/0594.png,8
butterfly/0595.png,8
butterfly/0596.png,10
butterfly/0597.png,2
butterfly/0598.png,9
butterfly/0599.png,6
butterfly/0600.png,7
butterfly/0601.png,6
butterfly/0603.png,5
butterfly/0604.png,7
butterfly/0605.png,10
butterfly/0608.png,7
butterfly/0609.png,8
butterfly/0610.png,4
butterfly/0611.png,2
butterfly/0612.png,9
butterfly/0613.png,9
butterfly/0614.png,2
butterfly/0615.png,1
butterfly/0616.png,8
butterfly/0617.png,4
butterfly/0618.png,9
butterfly/0619.png,7
butterfly/0620.png,9
butterfly/0621.png,8
butterfly/0622.png,9
butterfly/0623.png,10
butterfly/0624.png,8
butterfly/0625.png,2
butterfly/0626.png,7
butterfly/0627.png,10
butterfly/0628.png,3
butterfly/0629.png,2
butterfly/0630.png,6
butterfly/0631.png,6
butterfly/0632.png,5
butterfly/0634.png,5
butterfly/0635.png,9
butterfly/0636.png,6
butterfly/0637.png,9
butterfly/0638.png,4
butterfly/0639.png,1
butterfly/0640.png,8
butterfly/0642.png,6
butterfly/0643.png,4
butterfly/0644.png,3
butterfly/0645.png,1
butterfly/0646.png,9
butterfly/0647.png,7
butterfly/0648.png,3
butterfly/0649.png,7
butterfly/0650.png,5
butterfly/0651.png,7
butterfly/0652.png,6
butterfly/0653.png,1
butterfly/0654.png,3
butterfly/0655.png,9
butterfly/0656.png,4
butterfly/0657.png,1
butterfly/0659.png,5
butterfly/0660.png,6
butterfly/0661.png,4
butterfly/0662.png,1
butterfly/0663.png,9
butterfly/0664.png,5
butterfly/0665.png,8
butterfly/0666.png,5
butterfly/0667.png,1
butterfly/0668.png,6
butterfly/0669.png,10
butterfly/0671.png,3
butterfly/0672.png,2
butterfly/0673.png,5
butterfly/0674.png,1
butterfly/0676.png,4
butterfly/0677.png,9
butterfly/0679.png,9
butterfly/0680.png,5
butterfly/0681.png,1
butterfly/0682.png,10
butterfly/0684.png,2
butterfly/0685.png,9
butterfly/0686.png,1
butterfly/0687.png,10
butterfly/0688.png,8
butterfly/0689.png,7
butterfly/0690.png,10
butterfly/0691.png,5
butterfly/0692.png,3
butterfly/0693.png,1
butterfly/0694.png,2
butterfly/0695.png,3
butterfly/0696.png,9
butterfly/0697.png,7
butterfly/0698.png,5
butterfly/0699.png,6
butterfly/0700.png,4
butterfly/0701.png,2
butterfly/0702.png,6
butterfly/0703.png,6
butterfly/0704.png,1
butterfly/0705.png,1
butterfly/0706.png,9
butterfly/0707.png,1
butterfly/0708.png,7
butterfly/0709.png,4
butterfly/0711.png,5
butterfly/0712.png,4
butterfly/0713.png,9
butterfly/0714.png,4
butterfly/0715.png,4
butterfly/0716.png,2
butterfly/0717.png,8
butterfly/0718.png,2
butterfly/0719.png,5
butterfly/0720.png,3
butterfly/0721.png,3
butterfly/0723.png,9
butterfly/0724.png,2
butterfly/0726.png,7
butterfly/0727.png,9
butterfly/0728.png,4
butterfly/0730.png,9
butterfly/0731.png,6
butterfly/0732.png,3
butterfly/0733.png,8
butterfly/0734.png,5
butterfly/0735.png,5
butterfly/0736.png,10
butterfly/0737.png,3
butterfly/0738.png,10
butterfly/0740.png,2
butterfly/0741.png,10
butterfly/0742.png,5
butterfly/0743.png,10
butterfly/0744.png,2
butterfly/0745.png,9
butterfly/0746.png,4
butterfly/0747.png,1
butterfly/0748.png,7
butterfly/0749.png,6
butterfly/0750.png,9
butterfly/0751.png,4
butterfly/0752.png,10
butterfly/0753.png,1
butterfly/0754.png,2
butterfly/0755.png,3
butterfly/0756.png,2
butterfly/0757.png,2
butterfly/0758.png,7
butterfly/0760.png,5
butterfly/0761.png,5
butterfly/0762.png,6
butterfly/0763.png,10
butterfly/0764.png,1
butterfly/0765.png,8
butterfly/0766.png,10
butterfly/0767.png,10
butterfly/0768.png,3
butterfly/0769.png,2
butterfly/0770.png,1
butterfly/0771.png,6
butterfly/0772.png,9
butterfly/0773.png,6
butterfly/0774.png,1
butterfly/0775.png,3
butterfly/0776.png,7
butterfly/0777.png,6
butterfly/0778.png,10
butterfly/0779.png,3
butterfly/0780.png,6
butterfly/0782.png,10
butterfly/0783.png,1
butterfly/0784.png,9
butterfly/0785.png,10
butterfly/0786.png,2
butterfly/0787.png,6
butterfly/0788.png,5
butterfly/0790.png,6
butterfly/0791.png,7
butterfly/0792.png,3
butterfly/0793.png,10
butterfly/0794.png,10
butterfly/0796.png,2
butterfly/0798.png,1
butterfly/0799.png,6
butterfly/0800.png,7
butterfly/0802.png,6
butterfly/0803.png,5
butterfly/0804.png,5
butterfly/0805.png,7
butterfly/0806.png,5
butterfly/0807.png,3
butterfly/0808.png,5
butterfly/0809.png,10
butterfly/0810.png,5
butterfly/0811.png,2
butterfly/0812.png,6
butterfly/0813.png,10
butterfly/0814.png,6
butterfly/0815.png,10
butterfly/0816.png,7
butterfly/0817.png,2
butterfly/0818.png,4
butterfly/0819.png,10
butterfly/0820.png,9
butterfly/0821.png,10
butterfly/0822.png,2
butterfly/0823.png,6
butterfly/0824.png,2
butterfly/0826.png,6
butterfly/0828.png,1
butterfly/0829.png,4
butterfly/0830.png,7
