image,label
chessman/0000.jpg,Bishop
chessman/0002.jpg,Bishop
chessman/0003.jpg,Bishop
chessman/0004.jpg,Bishop
chessman/0005.jpg,Bishop
chessman/0006.jpg,Bishop
chessman/0007.jpg,Bishop
chessman/0009.jpg,Bishop
chessman/0010.jpg,Bishop
chessman/0011.jpg,Bishop
chessman/0012.jpg,Bishop
chessman/0013.jpg,Bishop
chessman/0014.jpg,Bishop
chessman/0015.jpg,Bishop
chessman/0016.png,Bishop
chessman/0017.jpg,Bishop
chessman/0018.jpg,Bishop
chessman/0019.jpg,Bishop
chessman/0021.jpg,Bishop
chessman/0022.jpg,Bishop
chessman/0023.jpg,Bishop
chessman/0024.jpg,Bishop
chessman/0025.JPG,Bishop
chessman/0027.jpg,Bishop
chessman/0028.png,Bishop
chessman/0029.jpg,Bishop
chessman/0030.jpg,Bishop
chessman/0031.jpg,Bishop
chessman/0032.jpg,Bishop
chessman/0033.jpg,Bishop
chessman/0034.png,Bishop
chessman/0035.jpg,Bishop
chessman/0036.png,Bishop
chessman/0037.jpg,Bishop
chessman/0038.jpg,Bishop
chessman/0039.jpg,Bishop
chessman/0040.jpg,Bishop
chessman/0041.jpg,Bishop
chessman/0042.jpg,Bishop
chessman/0043.jpg,Bishop
chessman/0044.jpg,Bishop
chessman/0045.jpg,Bishop
chessman/0046.jpg,Bishop
chessman/0047.jpg,Bishop
chessman/0048.jpg,Bishop
chessman/0049.jpg,Bishop
chessman/0050.jpg,Bishop
chessman/0051.jpg,Bishop
chessman/0052.jpg,Bishop
chessman/0053.jpg,Bishop
chessman/0054.jpg,Bishop
chessman/0055.jpg,Bishop
chessman/0056.png,Bishop
chessman/0057.jpg,Bishop
chessman/0058.JPG,Bishop
chessman/0059.jpg,Bishop
chessman/0060.jpeg,Bishop
chessman/0062.png,Bishop
chessman/0063.jpg,Bishop
chessman/0064.jpg,Bishop
chessman/0065.jpg,Bishop
chessman/0066.jpg,Bishop
chessman/0067.jpg,Bishop
chessman/0068.jpg,Bishop
chessman/0069.gif,Bishop
chessman/0070.jpg,Bishop
chessman/0071.jpg,Bishop
chessman/0072.jpg,Bishop
chessman/0073.png,Bishop
chessman/0076.jpg,Bishop
chessman/0077.jpg,Bishop
chessman/0078.jpg,Bishop
chessman/0079.png,Bishop
chessman/0080.png,Bishop
chessman/0083.jpg,Bishop
chessman/0084.jpg,Bishop
chessman/0085.jpg,Bishop
chessman/0086.jpg,Bishop
chessman/0087.jpg,Knight
chessman/0088.jpg,Knight
chessman/0089.jpg,Knight
chessman/0090.jpg,Knight
chessman/0091.jpg,Knight
chessman/0092.jpg,Knight
chessman/0093.jpg,Knight
chessman/0095.jpg,Knight
chessman/0096.jpg,Knight
chessman/0097.jpg,Knight
chessman/0098.jpg,Knight
chessman/0100.jpg,Knight
chessman/0101.JPG,Knight
chessman/0102.png,Knight
chessman/0103.jpg,Knight
chessman/0105.jpg,Knight
chessman/0106.jpg,Knight
chessman/0107.jpg,Knight
chessman/0108.jpg,Knight
chessman/0109.jpg,Knight
chessman/0111.jpg,Knight
chessman/0112.jpg,Knight
chessman/0114.jpg,Knight
chessman/0117.jpg,Knight
chessman/0118.png,Knight
chessman/0119.jpg,Knight
chessman/0120.png,Knight
chessman/0121.jpg,Knight
chessman/0122.jpg,Knight
chessman/0123.jpg,Knight
chessman/0124.jpg,Knight
chessman/0125.jpg,Knight
chessman/0126.jpg,Knight
chessman/0127.jpg,Knight
chessman/0128.jpg,Knight
chessman/0129.jpg,Knight
chessman/0130.png,Knight
chessman/0131.jpg,Knight
chessman/0133.jpg,Knight
chessman/0134.jpg,Knight
chessman/0135.jpg,Knight
chessman/0136.jpg,Knight
chessman/0137.jpg,Knight
chessman/0138.jpg,Knight
chessman/0139.jpg,Knight
chessman/0141.jpg,Knight
chessman/0142.jpg,Knight
chessman/0143.jpg,Knight
chessman/0144.jpg,Knight
chessman/0145.jpg,Knight
chessman/0146.jpg,Knight
chessman/0147.jpg,Knight
chessman/0148.png,Knight
chessman/0149.jpg,Knight
chessman/0150.jpg,Knight
chessman/0151.jpg,Knight
chessman/0152.jpg,Knight
chessman/0153.jpg,Knight
chessman/0154.jpg,Knight
chessman/0155.jpg,Knight
chessman/0156.jpg,Knight
chessman/0157.jpg,Knight
chessman/0158.jpg,Knight
chessman/0159.jpg,Knight
chessman/0160.jpg,Knight
chessman/0161.png,Knight
chessman/0162.jpg,Knight
chessman/0163.jpg,Knight
chessman/0164.jpg,Knight
chessman/0165.jpg,Knight
chessman/0166.jpg,Knight
chessman/0167.jpg,Knight
chessman/0168.jpg,Knight
chessman/0169.jpg,Knight
chessman/0170.png,Knight
chessman/0171.jpg,Knight
chessman/0172.png,Knight
chessman/0173.jpg,Knight
chessman/0174.png,Knight
chessman/0175.JPG,Knight
chessman/0176.jpg,Knight
chessman/0177.jpg,Knight
chessman/0178.jpg,Knight
chessman/0179.jpg,Knight
chessman/0180.jpg,Knight
chessman/0181.jpg,Knight
chessman/0182.jpg,Knight
chessman/0183.jpg,Knight
chessman/0184.jpg,Knight
chessman/0185.jpg,Knight
chessman/0186.jpg,Knight
chessman/0187.jpg,Knight
chessman/0188.jpg,Knight
chessman/0189.jpg,Knight
chessman/0190.jpg,Knight
chessman/0191.jpg,Knight
chessman/0192.jpg,Rook
chessman/0193.jpg,Rook
chessman/0194.jpg,Rook
chessman/0195.jpg,Rook
chessman/0196.jpg,Rook
chessman/0198.jpg,Rook
chessman/0199.jpg,Rook
chessman/0200.jpg,Rook
chessman/0202.jpg,Rook
chessman/0203.jpg,Rook
chessman/0204.jpg,Rook
chessman/0205.jpg,Rook
chessman/0206.jpg,Rook
chessman/0207.jpg,Rook
chessman/0208.jpg,Rook
chessman/0209.JPG,Rook
chessman/0210.jpg,Rook
chessman/0211.jpg,Rook
chessman/0212.jpg,Rook
chessman/0213.png,Rook
chessman/0214.jpg,Rook
chessman/0215.jpg,Rook
chessman/0216.jpg,Rook
chessman/0217.jpg,Rook
chessman/0218.jpg,Rook
chessman/0219.jpg,Rook
chessman/0222.jpg,Rook
chessman/0223.jpg,Rook
chessman/0224.png,Rook
chessman/0225.jpeg,Rook
chessman/0226.jpg,Rook
chessman/0227.jpg,Rook
chessman/0228.png,Rook
chessman/0229.JPG,Rook
chessman/0230.jpg,Rook
chessman/0231.png,Rook
chessman/0232.jpg,Rook
chessman/0233.jpg,Rook
chessman/0234.jpg,Rook
chessman/0235.png,Rook
chessman/0236.png,Rook
chessman/0237.jpg,Rook
chessman/0239.jpg,Rook
chessman/0240.jpg,Rook
chessman/0241.jpg,Rook
chessman/0242.png,Rook
chessman/0244.png,Rook
chessman/0245.png,Rook
chessman/0246.jpg,Rook
chessman/0247.jpg,Rook
chessman/0248.jpg,Rook
chessman/0249.jpg,Rook
chessman/0250.jpg,Rook
chessman/0251.jpg,Rook
chessman/0252.jpg,Rook
chessman/0253.jpg,Rook
chessman/0254.jpg,Rook
chessman/0255.jpg,Rook
chessman/0256.jpg,Rook
chessman/0257.jpg,Rook
chessman/0258.jpg,Rook
chessman/0259.jpg,Rook
chessman/0260.jpg,Rook
chessman/0261.jpg,Rook
chessman/0262.jpg,Rook
chessman/0263.jpg,Rook
chessman/0265.jpg,Rook
chessman/0266.jpg,Rook
chessman/0267.jpg,Rook
chessman/0268.jpg,Rook
chessman/0269.jpg,Rook
chessman/0271.jpg,Rook
chessman/0272.jpg,Rook
chessman/0273.jpg,Rook
chessman/0274.jpg,Rook
chessman/0275.jpg,Rook
chessman/0276.jpg,Rook
chessman/0277.jpg,Rook
chessman/0278.JPG,Rook
chessman/0279.jpg,Rook
chessman/0280.jpg,Rook
chessman/0281.png,Rook
chessman/0282.jpg,Rook
chessman/0283.jpg,Rook
chessman/0284.jpeg,Rook
chessman/0285.jpg,Rook
chessman/0287.jpg,Rook
chessman/0288.jpg,Rook
chessman/0289.jpg,Rook
chessman/0290.jpg,Rook
chessman/0291.jpg,Rook
chessman/0292.jpg,Rook
chessman/0293.jpg,Rook
chessman/0294.jpg,Queen
chessman/0295.jpg,Queen
chessman/0296.jpg,Queen
chessman/0297.jpg,Queen
chessman/0298.jpg,Queen
chessman/0299.jpg,Queen
chessman/0300.jpg,Queen
chessman/0301.jpg,Queen
chessman/0302.jpg,Queen
chessman/0303.jpg,Queen
chessman/0304.jpg,Queen
chessman/0305.jpg,Queen
chessman/0306.jpg,Queen
chessman/0307.JPG,Queen
chessman/0309.jpg,Queen
chessman/0310.jpg,Queen
chessman/0311.jpg,Queen
chessman/0313.jpeg,Queen
chessman/0314.png,Queen
chessman/0315.jpg,Queen
chessman/0316.jpg,Queen
chessman/0317.jpg,Queen
chessman/0318.jpg,Queen
chessman/0319.jpg,Queen
chessman/0320.png,Queen
chessman/0321.png,Queen
chessman/0322.jpg,Queen
chessman/0323.jpg,Queen
chessman/0324.jpg,Queen
chessman/0325.jpg,Queen
chessman/0326.jpg,Queen
chessman/0327.jpeg,Queen
chessman/0328.jpg,Queen
chessman/0329.jpg,Queen
chessman/0330.jpg,Queen
chessman/0331.jpg,Queen
chessman/0332.jpg,Queen
chessman/0334.jpg,Queen
chessman/0335.jpg,Queen
chessman/0337.jpg,Queen
chessman/0339.jpg,Queen
chessman/0340.jpg,Queen
chessman/0341.jpg,Queen
chessman/0342.jpg,Queen
chessman/0343.png,Queen
chessman/0344.jpg,Queen
chessman/0345.jpg,Queen
chessman/0346.jpg,Queen
chessman/0348.jpg,Queen
chessman/0349.png,Queen
chessman/0351.jpg,Queen
chessman/0352.jpg,Queen
chessman/0353.jpg,Queen
chessman/0354.png,Queen
chessman/0355.jpg,Queen
chessman/0356.jpg,Queen
chessman/0357.jpg,Queen
chessman/0359.jpg,Queen
chessman/0360.jpg,Queen
chessman/0361.jpg,Queen
chessman/0362.jpg,Queen
chessman/0363.jpg,Queen
chessman/0364.jpg,Queen
chessman/0365.jpg,Queen
chessman/0366.jpg,Queen
chessman/0368.jpg,Queen
chessman/0369.jpg,Queen
chessman/0370.jpg,Queen
chessman/0372.png,King
chessman/0373.jpg,King
chessman/0374.jpg,King
chessman/0375.jpg,King
chessman/0376.png,King
chessman/0377.jpg,King
chessman/0379.jpg,King
chessman/0381.jpg,King
chessman/0383.jpg,King
chessman/0384.png,King
chessman/0385.jpg,King
chessman/0386.jpg,King
chessman/0387.jpg,King
chessman/0388.jpg,King
chessman/0389.jpg,King
chessman/0390.jpg,King
chessman/0391.jpg,King
chessman/0392.jpg,King
chessman/0393.JPG,King
chessman/0394.jpg,King
chessman/0395.jpg,King
chessman/0396.jpg,King
chessman/0397.jpg,King
chessman/0399.jpg,King
chessman/0400.png,King
chessman/0401.jpg,King
chessman/0402.jpg,King
chessman/0403.jpg,King
chessman/0404.jpg,King
chessman/0406.jpg,King
chessman/0407.jpg,King
chessman/0408.png,King
chessman/0409.jpg,King
chessman/0410.jpg,King
chessman/0411.jpg,King
chessman/0412.png,King
chessman/0413.png,King
chessman/0414.jpg,King
chessman/0415.jpg,King
chessman/0416.jpg,King
chessman/0417.jpg,King
chessman/0418.jpg,King
chessman/0419.jpg,King
chessman/0420.jpg,King
chessman/0421.jpg,King
chessman/0422.jpg,King
chessman/0423.jpg,King
chessman/0424.jpg,King
chessman/0425.jpg,King
chessman/0426.jpg,King
chessman/0427.jpg,King
chessman/0428.png,King
chessman/0429.jpg,King
chessman/0431.jpg,King
chessman/0432.png,King
chessman/0433.jpg,King
chessman/0434.jpg,King
chessman/0435.jpg,King
chessman/0437.jpg,King
chessman/0438.jpg,King
chessman/0439.jpg,King
chessman/0440.jpg,King
chessman/0441.png,King
chessman/0442.png,King
chessman/0443.jpg,King
chessman/0445.png,King
chessman/0446.jpg,Pawn
chessman/0447.JPG,Pawn
chessman/0448.png,Pawn
chessman/0450.png,Pawn
chessman/0451.png,Pawn
chessman/0454.jpg,Pawn
chessman/0455.jpg,Pawn
chessman/0456.jpg,Pawn
chessman/0457.jpg,Pawn
chessman/0459.jpg,Pawn
chessman/0460.jpg,Pawn
chessman/0461.jpg,Pawn
chessman/0462.png,Pawn
chessman/0463.jpg,Pawn
chessman/0464.jpg,Pawn
chessman/0465.jpg,Pawn
chessman/0466.jpg,Pawn
chessman/0467.jpg,Pawn
chessman/0468.jpg,Pawn
chessman/0469.png,Pawn
chessman/0470.jpg,Pawn
chessman/0471.jpg,Pawn
chessman/0473.jpg,Pawn
chessman/0474.jpg,Pawn
chessman/0476.jpg,Pawn
chessman/0477.jpg,Pawn
chessman/0478.jpg,Pawn
chessman/0479.png,Pawn
chessman/0480.jpeg,Pawn
chessman/0481.jpg,Pawn
chessman/0482.png,Pawn
chessman/0483.jpg,Pawn
chessman/0484.jpg,Pawn
chessman/0485.jpg,Pawn
chessman/0486.jpg,Pawn
chessman/0487.png,Pawn
chessman/0488.jpg,Pawn
chessman/0489.jpg,Pawn
chessman/0490.jpg,Pawn
chessman/0491.png,Pawn
chessman/0492.jpg,Pawn
chessman/0493.jpg,Pawn
chessman/0494.jpg,Pawn
chessman/0495.jpg,Pawn
chessman/0496.jpg,Pawn
chessman/0497.jpg,Pawn
chessman/0498.jpg,Pawn
chessman/0499.jpg,Pawn
chessman/0500.jpg,Pawn
chessman/0501.jpg,Pawn
chessman/0502.jpg,Pawn
chessman/0503.jpg,Pawn
chessman/0504.jpg,Pawn
chessman/0505.jpg,Pawn
chessman/0507.jpg,Pawn
chessman/0508.jpg,Pawn
chessman/0509.jpg,Pawn
chessman/0510.jpg,Pawn
chessman/0511.jpg,Pawn
chessman/0512.jpg,Pawn
chessman/0513.jpg,Pawn
chessman/0514.jpg,Pawn
chessman/0515.jpg,Pawn
chessman/0516.jpg,Pawn
chessman/0517.jpg,Pawn
chessman/0518.jpg,Pawn
chessman/0519.jpg,Pawn
chessman/0520.png,Pawn
chessman/0521.jpg,Pawn
chessman/0522.jpg,Pawn
chessman/0523.png,Pawn
chessman/0524.png,Pawn
chessman/0525.jpg,Pawn
chessman/0526.jpg,Pawn
chessman/0527.jpg,Pawn
chessman/0528.jpg,Pawn
chessman/0529.jpg,Pawn
chessman/0530.jpg,Pawn
chessman/0531.jpg,Pawn
chessman/0532.jpg,Pawn
chessman/0533.jpg,Pawn
chessman/0534.jpg,Pawn
chessman/0535.png,Pawn
chessman/0536.jpg,Pawn
chessman/0538.png,Pawn
chessman/0539.jpg,Pawn
chessman/0540.jpg,Pawn
chessman/0541.jpg,Pawn
chessman/0542.jpg,Pawn
chessman/0544.jpg,Pawn
chessman/0545.jpg,Pawn
chessman/0546.png,Pawn
chessman/0547.jpg,Pawn
chessman/0548.jpg,Pawn
chessman/0549.jpg,Pawn
chessman/0550.png,Pawn
chessman/0551.jpg,Pawn
