image,label
citrus-leaves/0000.png,blackspot
citrus-leaves/0001.png,blackspot
citrus-leaves/0002.png,blackspot
citrus-leaves/0003.png,blackspot
citrus-leaves/0004.png,blackspot
citrus-leaves/0005.png,blackspot
citrus-leaves/0006.png,blackspot
citrus-leaves/0007.png,blackspot
citrus-leaves/0008.png,blackspot
citrus-leaves/0009.png,blackspot
citrus-leaves/0010.png,blackspot
citrus-leaves/0011.png,blackspot
citrus-leaves/0012.png,blackspot
citrus-leaves/0013.png,blackspot
citrus-leaves/0014.png,blackspot
citrus-leaves/0015.png,blackspot
citrus-leaves/0016.png,blackspot
citrus-leaves/0017.png,blackspot
citrus-leaves/0018.png,blackspot
citrus-leaves/0019.png,blackspot
citrus-leaves/0020.png,blackspot
citrus-leaves/0021.png,blackspot
citrus-leaves/0022.png,blackspot
citrus-leaves/0023.png,blackspot
citrus-leaves/0024.png,blackspot
citrus-leaves/0025.png,blackspot
citrus-leaves/0026.png,blackspot
citrus-leaves/0027.png,blackspot
citrus-leaves/0028.png,blackspot
citrus-leaves/0029.png,blackspot
citrus-leaves/0030.png,blackspot
citrus-leaves/0031.png,blackspot
citrus-leaves/0032.png,blackspot
citrus-leaves/0033.png,blackspot
citrus-leaves/0034.png,blackspot
citrus-leaves/0035.png,canker
citrus-leaves/0036.png,canker
citrus-leaves/0037.png,canker
citrus-leaves/0038.png,canker
citrus-leaves/0040.png,canker
citrus-leaves/0041.png,canker
citrus-leaves/0042.png,canker
citrus-leaves/0043.png,canker
citrus-leaves/0044.png,canker
citrus-leaves/0045.png,canker
citrus-leaves/0046.png,canker
citrus-leaves/0047.png,canker
citrus-leaves/0048.png,canker
citrus-leaves/0049.png,canker
citrus-leaves/0050.png,canker
citrus-leaves/0051.png,canker
citrus-leaves/0053.png,canker
citrus-leaves/0054.png,canker
citrus-leaves/0055.png,canker
citrus-leaves/0056.png,canker
citrus-leaves/0057.png,canker
citrus-leaves/0058.png,canker
citrus-leaves/0059.png,canker
citrus-leaves/0060.png,canker
citrus-leaves/0061.png,canker
citrus-leaves/0062.png,canker
citrus-leaves/0063.png,canker
citrus-leaves/0065.png,canker
citrus-leaves/0066.png,canker
citrus-leaves/0068.png,greening
citrus-leaves/0070.png,greening
citrus-leaves/0071.png,greening
citrus-leaves/0072.png,greening
citrus-leaves/0073.png,greening
citrus-leaves/0074.png,greening
citrus-leaves/0075.png,greening
citrus-leaves/0076.png,greening
citrus-leaves/0077.png,greening
citrus-leaves/0078.png,greening
citrus-leaves/0079.png,greening
citrus-leaves/0080.png,greening
citrus-leaves/0081.png,greening
citrus-leaves/0082.png,greening
citrus-leaves/0083.png,greening
citrus-leaves/0084.png,greening
citrus-leaves/0085.png,greening
citrus-leaves/0086.png,greening
citrus-leaves/0087.png,greening
citrus-leaves/0088.png,greening
citrus-leaves/0089.png,greening
citrus-leaves/0090.png,greening
citrus-leaves/0091.png,greening
citrus-leaves/0092.png,greening
citrus-leaves/0093.png,greening
citrus-leaves/0094.png,greening
citrus-leaves/0095.png,greening
citrus-leaves/0096.png,greening
citrus-leaves/0097.png,greening
citrus-leaves/0098.png,greening
citrus-leaves/0099.png,greening
citrus-leaves/0100.png,greening
citrus-leaves/0101.png,greening
citrus-leaves/0102.png,greening
citrus-leaves/0104.png,greening
citrus-leaves/0105.png,greening
citrus-leaves/0106.png,greening
citrus-leaves/0107.png,greening
citrus-leaves/0108.png,greening
citrus-leaves/0109.png,healthy
citrus-leaves/0111.png,healthy
citrus-leaves/0112.png,healthy
citrus-leaves/0113.png,healthy
citrus-leaves/0114.png,healthy
citrus-leaves/0115.png,healthy
citrus-leaves/0116.png,healthy
citrus-leaves/0118.png,healthy
citrus-leaves/0120.png,healthy
citrus-leaves/0122.png,blackspot
citrus-leaves/0123.png,blackspot
citrus-leaves/0124.png,blackspot
citrus-leaves/0125.png,blackspot
citrus-leaves/0126.png,blackspot
citrus-leaves/0127.png,blackspot
citrus-leaves/0128.png,blackspot
citrus-leaves/0129.jpg,blackspot
citrus-leaves/0130.png,blackspot
citrus-leaves/0131.png,blackspot
citrus-leaves/0132.png,blackspot
citrus-leaves/0134.png,blackspot
citrus-leaves/0135.png,blackspot
citrus-leaves/0136.png,blackspot
citrus-leaves/0137.png,blackspot
citrus-leaves/0138.png,blackspot
citrus-leaves/0139.png,blackspot
citrus-leaves/0140.png,blackspot
citrus-leaves/0141.png,blackspot
citrus-leaves/0142.png,blackspot
citrus-leaves/0143.png,blackspot
citrus-leaves/0144.png,blackspot
citrus-leaves/0145.png,blackspot
citrus-leaves/0146.png,blackspot
citrus-leaves/0147.png,blackspot
citrus-leaves/0148.png,blackspot
citrus-leaves/0149.png,blackspot
citrus-leaves/0150.png,blackspot
citrus-leaves/0152.png,blackspot
citrus-leaves/0153.png,blackspot
citrus-leaves/0154.png,blackspot
citrus-leaves/0155.png,blackspot
citrus-leaves/0156.png,blackspot
citrus-leaves/0158.png,blackspot
citrus-leaves/0159.png,blackspot
citrus-leaves/0160.png,blackspot
citrus-leaves/0161.png,blackspot
citrus-leaves/0162.png,blackspot
citrus-leaves/0163.png,blackspot
citrus-leaves/0164.png,blackspot
citrus-leaves/0165.png,blackspot
citrus-leaves/0166.png,blackspot
citrus-leaves/0167.png,blackspot
citrus-leaves/0168.png,blackspot
citrus-leaves/0169.png,blackspot
citrus-leaves/0170.png,blackspot
citrus-leaves/0171.png,blackspot
citrus-leaves/0172.png,blackspot
citrus-leaves/0173.png,blackspot
citrus-leaves/0174.png,blackspot
citrus-leaves/0175.png,blackspot
citrus-leaves/0176.jpg,blackspot
citrus-leaves/0177.png,blackspot
citrus-leaves/0178.png,blackspot
citrus-leaves/0179.png,blackspot
citrus-leaves/0180.png,blackspot
citrus-leaves/0181.png,blackspot
citrus-leaves/0182.png,blackspot
citrus-leaves/0183.png,blackspot
citrus-leaves/0184.png,blackspot
citrus-leaves/0185.png,blackspot
citrus-leaves/0186.png,blackspot
citrus-leaves/0187.png,blackspot
citrus-leaves/0188.png,blackspot
citrus-leaves/0190.png,blackspot
citrus-leaves/0191.png,blackspot
citrus-leaves/0192.png,blackspot
citrus-leaves/0193.png,blackspot
citrus-leaves/0194.png,blackspot
citrus-leaves/0195.png,blackspot
citrus-leaves/0197.png,blackspot
citrus-leaves/0198.png,blackspot
citrus-leaves/0200.png,blackspot
citrus-leaves/0201.png,blackspot
citrus-leaves/0203.png,blackspot
citrus-leaves/0204.png,blackspot
citrus-leaves/0206.png,blackspot
citrus-leaves/0207.png,blackspot
citrus-leaves/0209.png,blackspot
citrus-leaves/0210.png,blackspot
citrus-leaves/0211.png,blackspot
citrus-leaves/0213.png,blackspot
citrus-leaves/0214.png,blackspot
citrus-leaves/0215.png,blackspot
citrus-leaves/0216.png,blackspot
citrus-leaves/0217.png,blackspot
citrus-leaves/0218.png,blackspot
citrus-leaves/0219.png,blackspot
citrus-leaves/0221.png,blackspot
citrus-leaves/0222.png,blackspot
citrus-leaves/0223.png,blackspot
citrus-leaves/0224.png,blackspot
citrus-leaves/0225.png,blackspot
citrus-leaves/0226.png,blackspot
citrus-leaves/0227.png,blackspot
citrus-leaves/0228.png,blackspot
citrus-leaves/0229.png,blackspot
citrus-leaves/0230.png,blackspot
citrus-leaves/0231.png,blackspot
citrus-leaves/0232.png,blackspot
citrus-leaves/0234.png,blackspot
citrus-leaves/0235.png,blackspot
citrus-leaves/0236.png,blackspot
citrus-leaves/0237.png,blackspot
citrus-leaves/0238.png,blackspot
citrus-leaves/0239.png,blackspot
citrus-leaves/0240.png,blackspot
citrus-leaves/0241.png,blackspot
citrus-leaves/0242.png,blackspot
citrus-leaves/0243.png,blackspot
citrus-leaves/0244.png,blackspot
citrus-leaves/0245.png,blackspot
citrus-leaves/0246.png,blackspot
citrus-leaves/0247.png,blackspot
citrus-leaves/0248.png,blackspot
citrus-leaves/0249.png,blackspot
citrus-leaves/0250.png,blackspot
citrus-leaves/0251.png,blackspot
citrus-leaves/0252.png,blackspot
citrus-leaves/0253.png,blackspot
citrus-leaves/0254.png,blackspot
citrus-leaves/0255.png,blackspot
citrus-leaves/0257.png,canker
citrus-leaves/0258.png,canker
citrus-leaves/0259.png,canker
citrus-leaves/0261.png,canker
citrus-leaves/0262.png,canker
citrus-leaves/0263.png,canker
citrus-leaves/0264.png,canker
citrus-leaves/0265.png,canker
citrus-leaves/0266.png,canker
citrus-leaves/0267.png,canker
citrus-leaves/0268.png,canker
citrus-leaves/0269.png,canker
citrus-leaves/0270.png,canker
citrus-leaves/0271.png,canker
citrus-leaves/0272.png,canker
citrus-leaves/0273.png,canker
citrus-leaves/0274.png,canker
citrus-leaves/0275.png,canker
citrus-leaves/0276.png,canker
citrus-leaves/0277.png,canker
citrus-leaves/0278.png,canker
citrus-leaves/0279.png,canker
citrus-leaves/0280.png,canker
citrus-leaves/0281.png,canker
citrus-leaves/0282.png,canker
citrus-leaves/0283.png,canker
citrus-leaves/0284.png,canker
citrus-leaves/0285.png,canker
citrus-leaves/0286.png,canker
citrus-leaves/0287.png,canker
citrus-leaves/0288.png,canker
citrus-leaves/0290.png,canker
citrus-leaves/0291.png,canker
citrus-leaves/0292.png,canker
citrus-leaves/0293.png,canker
citrus-leaves/0294.png,canker
citrus-leaves/0295.png,canker
citrus-leaves/0296.png,canker
citrus-leaves/0297.png,canker
citrus-leaves/0298.png,canker
citrus-leaves/0299.png,canker
citrus-leaves/0300.png,canker
citrus-leaves/0301.png,canker
citrus-leaves/0302.png,canker
citrus-leaves/0303.png,canker
citrus-leaves/0304.png,canker
citrus-leaves/0306.png,canker
citrus-leaves/0308.png,canker
citrus-leaves/0309.png,canker
citrus-leaves/0311.png,canker
citrus-leaves/0312.png,canker
citrus-leaves/0313.png,canker
citrus-leaves/0314.png,canker
citrus-leaves/0315.png,canker
citrus-leaves/0317.png,canker
citrus-leaves/0318.png,canker
citrus-leaves/0319.png,canker
citrus-leaves/0320.png,canker
citrus-leaves/0322.png,canker
citrus-leaves/0323.png,canker
citrus-leaves/0324.png,canker
citrus-leaves/0326.png,canker
citrus-leaves/0327.png,canker
citrus-leaves/0328.png,canker
citrus-leaves/0329.png,canker
citrus-leaves/0330.png,canker
citrus-leaves/0332.png,canker
citrus-leaves/0333.png,canker
citrus-leaves/0334.png,canker
citrus-leaves/0335.png,canker
citrus-leaves/0336.png,canker
citrus-leaves/0337.png,canker
citrus-leaves/0338.png,canker
citrus-leaves/0339.png,canker
citrus-leaves/0340.png,canker
citrus-leaves/0341.png,canker
citrus-leaves/0342.png,canker
citrus-leaves/0343.png,canker
citrus-leaves/0344.png,canker
citrus-leaves/0345.png,canker
citrus-leaves/0347.png,canker
citrus-leaves/0348.png,canker
citrus-leaves/0349.png,canker
citrus-leaves/0350.png,canker
citrus-leaves/0351.png,canker
citrus-leaves/0352.png,canker
citrus-leaves/0353.png,canker
citrus-leaves/0354.png,canker
citrus-leaves/0355.png,canker
citrus-leaves/0356.png,canker
citrus-leaves/0357.png,canker
citrus-leaves/0358.png,canker
citrus-leaves/0359.png,canker
citrus-leaves/0360.png,canker
citrus-leaves/0361.png,canker
citrus-leaves/0362.png,canker
citrus-leaves/0363.png,canker
citrus-leaves/0364.png,canker
citrus-leaves/0365.png,canker
citrus-leaves/0366.png,canker
citrus-leaves/0367.png,canker
citrus-leaves/0368.png,canker
citrus-leaves/0369.png,canker
citrus-leaves/0370.png,canker
citrus-leaves/0371.png,canker
citrus-leaves/0372.png,canker
citrus-leaves/0373.png,canker
citrus-leaves/0374.png,canker
citrus-leaves/0375.png,canker
citrus-leaves/0376.png,canker
citrus-leaves/0377.png,canker
citrus-leaves/0378.png,canker
citrus-leaves/0379.png,canker
citrus-leaves/0380.png,canker
citrus-leaves/0381.png,canker
citrus-leaves/0382.png,canker
citrus-leaves/0383.png,canker
citrus-leaves/0384.png,canker
citrus-leaves/0385.png,canker
citrus-leaves/0386.png,canker
citrus-leaves/0387.png,greening
citrus-leaves/0388.png,greening
citrus-leaves/0389.png,greening
citrus-leaves/0390.png,greening
citrus-leaves/0391.png,greening
citrus-leaves/0392.png,greening
citrus-leaves/0393.png,greening
citrus-leaves/0394.png,greening
citrus-leaves/0395.png,greening
citrus-leaves/0396.png,greening
citrus-leaves/0397.png,greening
citrus-leaves/0398.png,greening
citrus-leaves/0399.png,greening
citrus-leaves/0400.png,greening
citrus-leaves/0401.png,greening
citrus-leaves/0402.png,greening
citrus-leaves/0403.png,greening
citrus-leaves/0404.png,greening
citrus-leaves/0405.png,greening
citrus-leaves/0407.png,greening
citrus-leaves/0408.png,greening
citrus-leaves/0409.png,greening
citrus-leaves/0410.png,greening
citrus-leaves/0411.png,greening
citrus-leaves/0412.png,greening
citrus-leaves/0413.png,greening
citrus-leaves/0414.png,greening
citrus-leaves/0415.png,greening
citrus-leaves/0416.png,greening
citrus-leaves/0417.png,greening
citrus-leaves/0418.png,greening
citrus-leaves/0419.png,greening
citrus-leaves/0420.png,greening
citrus-leaves/0421.png,greening
citrus-leaves/0422.png,greening
citrus-leaves/0423.png,greening
citrus-leaves/0424.png,greening
citrus-leaves/0425.png,greening
citrus-leaves/0426.png,greening
citrus-leaves/0427.png,greening
citrus-leaves/0428.png,greening
citrus-leaves/0430.png,greening
citrus-leaves/0431.png,greening
citrus-leaves/0432.png,greening
citrus-leaves/0433.png,greening
citrus-leaves/0434.png,greening
citrus-leaves/0435.png,greening
citrus-leaves/0436.png,greening
citrus-leaves/0437.png,greening
citrus-leaves/0438.png,greening
citrus-leaves/0439.png,greening
citrus-leaves/0440.png,greening
citrus-leaves/0441.png,greening
citrus-leaves/0442.png,greening
citrus-leaves/0443.png,greening
citrus-leaves/0444.png,greening
citrus-leaves/0445.png,greening
citrus-leaves/0446.png,greening
citrus-leaves/0447.png,greening
citrus-leaves/0448.png,greening
citrus-leaves/0450.png,greening
citrus-leaves/0451.png,greening
citrus-leaves/0452.png,greening
citrus-leaves/0453.png,greening
citrus-leaves/0454.png,greening
citrus-leaves/0455.png,greening
citrus-leaves/0456.png,greening
citrus-leaves/0457.png,greening
citrus-leaves/0458.png,greening
citrus-leaves/0459.png,greening
citrus-leaves/0460.png,greening
citrus-leaves/0461.png,greening
citrus-leaves/0462.png,greening
citrus-leaves/0463.png,greening
citrus-leaves/0464.png,greening
citrus-leaves/0465.png,greening
citrus-leaves/0466.png,greening
citrus-leaves/0467.png,greening
citrus-leaves/0468.png,greening
citrus-leaves/0469.png,greening
citrus-leaves/0470.png,greening
citrus-leaves/0471.png,greening
citrus-leaves/0472.png,greening
citrus-leaves/0473.png,greening
citrus-leaves/0474.png,greening
citrus-leaves/0475.png,greening
citrus-leaves/0476.png,greening
citrus-leaves/0477.png,greening
citrus-leaves/0478.png,greening
citrus-leaves/0480.png,greening
citrus-leaves/0481.png,greening
citrus-leaves/0483.png,greening
citrus-leaves/0484.png,greening
citrus-leaves/0485.png,greening
citrus-leaves/0486.png,greening
citrus-leaves/0487.png,greening
citrus-leaves/0488.png,greening
citrus-leaves/0489.png,greening
citrus-leaves/0490.png,greening
citrus-leaves/0491.png,greening
citrus-leaves/0492.png,greening
citrus-leaves/0493.png,greening
citrus-leaves/0494.png,greening
citrus-leaves/0495.png,greening
citrus-leaves/0496.png,greening
citrus-leaves/0497.png,greening
citrus-leaves/0498.png,greening
citrus-leaves/0499.png,greening
citrus-leaves/0500.png,greening
citrus-leaves/0501.png,greening
citrus-leaves/0502.png,greening
citrus-leaves/0503.png,greening
citrus-leaves/0504.png,greening
citrus-leaves/0505.png,greening
citrus-leaves/0506.png,greening
citrus-leaves/0507.png,greening
citrus-leaves/0508.png,greening
citrus-leaves/0509.png,greening
citrus-leaves/0510.png,greening
citrus-leaves/0511.png,greening
citrus-leaves/0512.png,greening
citrus-leaves/0514.png,greening
citrus-leaves/0516.png,greening
citrus-leaves/0518.png,greening
citrus-leaves/0519.png,greening
citrus-leaves/0520.png,greening
citrus-leaves/0521.png,greening
citrus-leaves/0522.png,greening
citrus-leaves/0523.png,greening
citrus-leaves/0524.png,greening
citrus-leaves/0526.png,greening
citrus-leaves/0527.png,greening
citrus-leaves/0528.png,greening
citrus-leaves/0529.png,greening
citrus-leaves/0530.png,greening
citrus-leaves/0531.png,greening
citrus-leaves/0532.png,greening
citrus-leaves/0533.png,greening
citrus-leaves/0534.png,greening
citrus-leaves/0535.png,greening
citrus-leaves/0537.png,greening
citrus-leaves/0538.png,greening
citrus-leaves/0539.png,greening
citrus-leaves/0540.png,greening
citrus-leaves/0541.png,greening
citrus-leaves/0542.png,greening
citrus-leaves/0543.png,greening
citrus-leaves/0544.png,greening
citrus-leaves/0546.png,greening
citrus-leaves/0548.png,greening
citrus-leaves/0549.png,greening
citrus-leaves/0550.png,healthy
citrus-leaves/0551.png,healthy
citrus-leaves/0552.png,healthy
citrus-leaves/0553.png,healthy
citrus-leaves/0554.png,healthy
citrus-leaves/0556.png,healthy
citrus-leaves/0557.png,healthy
citrus-leaves/0558.png,healthy
citrus-leaves/0562.png,healthy
citrus-leaves/0563.png,healthy
citrus-leaves/0564.png,healthy
citrus-leaves/0565.png,healthy
citrus-leaves/0566.png,healthy
citrus-leaves/0568.png,healthy
citrus-leaves/0569.png,healthy
citrus-leaves/0571.png,healthy
citrus-leaves/0572.png,healthy
citrus-leaves/0573.png,healthy
citrus-leaves/0574.png,healthy
citrus-leaves/0576.png,healthy
citrus-leaves/0578.png,healthy
citrus-leaves/0579.png,healthy
citrus-leaves/0580.png,healthy
citrus-leaves/0583.png,healthy
citrus-leaves/0584.png,healthy
citrus-leaves/0585.png,healthy
citrus-leaves/0586.png,healthy
citrus-leaves/0587.png,healthy
citrus-leaves/0588.png,healthy
citrus-leaves/0589.png,healthy
citrus-leaves/0590.png,healthy
citrus-leaves/0591.png,healthy
citrus-leaves/0593.png,healthy
citrus-leaves/0594.png,healthy
citrus-leaves/0595.png,healthy
