image,label
dog-cat-panda/00003.jpg,dogs
dog-cat-panda/00004.jpg,dogs
dog-cat-panda/00005.jpg,dogs
dog-cat-panda/00006.jpg,dogs
dog-cat-panda/00007.jpg,dogs
dog-cat-panda/00008.jpg,dogs
dog-cat-panda/00009.jpg,dogs
dog-cat-panda/00010.jpg,dogs
dog-cat-panda/00011.jpg,dogs
dog-cat-panda/00012.jpg,dogs
dog-cat-panda/00013.jpg,dogs
dog-cat-panda/00014.jpg,dogs
dog-cat-panda/00015.jpg,dogs
dog-cat-panda/00016.jpg,dogs
dog-cat-panda/00017.jpg,dogs
dog-cat-panda/00018.jpg,dogs
dog-cat-panda/00019.jpg,dogs
dog-cat-panda/00020.jpg,dogs
dog-cat-panda/00021.jpg,dogs
dog-cat-panda/00022.jpg,dogs
dog-cat-panda/00023.jpg,dogs
dog-cat-panda/00024.jpg,dogs
dog-cat-panda/00025.jpg,dogs
dog-cat-panda/00026.jpg,dogs
dog-cat-panda/00027.jpg,dogs
dog-cat-panda/00028.jpg,dogs
dog-cat-panda/00029.jpg,dogs
dog-cat-panda/00030.jpg,dogs
dog-cat-panda/00031.jpg,dogs
dog-cat-panda/00032.jpg,dogs
dog-cat-panda/00033.jpg,dogs
dog-cat-panda/00034.jpg,dogs
dog-cat-panda/00035.jpg,dogs
dog-cat-panda/00036.jpg,dogs
dog-cat-panda/00037.jpg,dogs
dog-cat-panda/00038.jpg,dogs
dog-cat-panda/00039.jpg,dogs
dog-cat-panda/00040.jpg,dogs
dog-cat-panda/00041.jpg,dogs
dog-cat-panda/00042.jpg,dogs
dog-cat-panda/00043.jpg,dogs
dog-cat-panda/00044.jpg,dogs
dog-cat-panda/00045.jpg,dogs
dog-cat-panda/00046.jpg,dogs
dog-cat-panda/00047.jpg,dogs
dog-cat-panda/00048.jpg,dogs
dog-cat-panda/00049.jpg,dogs
dog-cat-panda/00050.jpg,dogs
dog-cat-panda/00051.jpg,dogs
dog-cat-panda/00052.jpg,dogs
dog-cat-panda/00053.jpg,dogs
dog-cat-panda/00055.jpg,dogs
dog-cat-panda/00056.jpg,dogs
dog-cat-panda/00057.jpg,dogs
dog-cat-panda/00058.jpg,dogs
dog-cat-panda/00059.jpg,dogs
dog-cat-panda/00060.jpg,dogs
dog-cat-panda/00061.jpg,dogs
dog-cat-panda/00062.jpg,dogs
dog-cat-panda/00063.jpg,dogs
dog-cat-panda/00064.jpg,dogs
dog-cat-panda/00065.jpg,dogs
dog-cat-panda/00066.jpg,dogs
dog-cat-panda/00067.jpg,dogs
dog-cat-panda/00068.jpg,dogs
dog-cat-panda/00069.jpg,dogs
dog-cat-panda/00070.jpg,dogs
dog-cat-panda/00071.jpg,dogs
dog-cat-panda/00072.jpg,dogs
dog-cat-panda/00073.jpg,dogs
dog-cat-panda/00074.jpg,dogs
dog-cat-panda/00075.jpg,dogs
dog-cat-panda/00076.jpg,dogs
dog-cat-panda/00077.jpg,dogs
dog-cat-panda/00078.jpg,dogs
dog-cat-panda/00079.jpg,dogs
dog-cat-panda/00080.jpg,dogs
dog-cat-panda/00081.jpg,dogs
dog-cat-panda/00082.jpg,dogs
dog-cat-panda/00083.jpg,dogs
dog-cat-panda/00084.jpg,dogs
dog-cat-panda/00085.jpg,dogs
dog-cat-panda/00086.jpg,dogs
dog-cat-panda/00087.jpg,dogs
dog-cat-panda/00088.jpg,dogs
dog-cat-panda/00089.jpg,dogs
dog-cat-panda/00090.jpg,dogs
dog-cat-panda/00091.jpg,dogs
dog-cat-panda/00092.jpg,dogs
dog-cat-panda/00093.jpg,dogs
dog-cat-panda/00094.jpg,dogs
dog-cat-panda/00095.jpg,dogs
dog-cat-panda/00096.jpg,dogs
dog-cat-panda/00097.jpg,dogs
dog-cat-panda/00098.jpg,dogs
dog-cat-panda/00099.jpg,dogs
dog-cat-panda/00100.jpg,dogs
dog-cat-panda/00101.jpg,dogs
dog-cat-panda/00102.jpg,dogs
dog-cat-panda/00103.jpg,dogs
dog-cat-panda/00104.jpg,dogs
dog-cat-panda/00105.jpg,dogs
dog-cat-panda/00106.jpg,dogs
dog-cat-panda/00107.jpg,dogs
dog-cat-panda/00108.jpg,dogs
dog-cat-panda/00109.jpg,dogs
dog-cat-panda/00110.jpg,dogs
dog-cat-panda/00111.jpg,dogs
dog-cat-panda/00112.jpg,dogs
dog-cat-panda/00113.jpg,dogs
dog-cat-panda/00115.jpg,dogs
dog-cat-panda/00116.jpg,dogs
dog-cat-panda/00117.jpg,dogs
dog-cat-panda/00118.jpg,dogs
dog-cat-panda/00119.jpg,dogs
dog-cat-panda/00120.jpg,dogs
dog-cat-panda/00121.jpg,dogs
dog-cat-panda/00122.jpg,dogs
dog-cat-panda/00123.jpg,dogs
dog-cat-panda/00124.jpg,dogs
dog-cat-panda/00125.jpg,dogs
dog-cat-panda/00126.jpg,dogs
dog-cat-panda/00127.jpg,dogs
dog-cat-panda/00128.jpg,dogs
dog-cat-panda/00129.jpg,dogs
dog-cat-panda/00130.jpg,dogs
dog-cat-panda/00131.jpg,dogs
dog-cat-panda/00132.jpg,dogs
dog-cat-panda/00133.jpg,dogs
dog-cat-panda/00134.jpg,dogs
dog-cat-panda/00135.jpg,dogs
dog-cat-panda/00136.jpg,dogs
dog-cat-panda/00137.jpg,dogs
dog-cat-panda/00138.jpg,dogs
dog-cat-panda/00139.jpg,dogs
dog-cat-panda/00140.jpg,dogs
dog-cat-panda/00141.jpg,dogs
dog-cat-panda/00142.jpg,dogs
dog-cat-panda/00143.jpg,dogs
dog-cat-panda/00144.jpg,dogs
dog-cat-panda/00145.jpg,dogs
dog-cat-panda/00146.jpg,dogs
dog-cat-panda/00147.jpg,dogs
dog-cat-panda/00148.jpg,dogs
dog-cat-panda/00149.jpg,dogs
dog-cat-panda/00150.jpg,dogs
dog-cat-panda/00151.jpg,dogs
dog-cat-panda/00152.jpg,dogs
dog-cat-panda/00153.jpg,dogs
dog-cat-panda/00154.jpg,dogs
dog-cat-panda/00155.jpg,dogs
dog-cat-panda/00156.jpg,dogs
dog-cat-panda/00157.jpg,dogs
dog-cat-panda/00158.jpg,dogs
dog-cat-panda/00159.jpg,dogs
dog-cat-panda/00160.jpg,dogs
dog-cat-panda/00161.jpg,dogs
dog-cat-panda/00162.jpg,dogs
dog-cat-panda/00163.jpg,dogs
dog-cat-panda/00164.jpg,dogs
dog-cat-panda/00165.jpg,dogs
dog-cat-panda/00166.jpg,dogs
dog-cat-panda/00167.jpg,dogs
dog-cat-panda/00168.jpg,dogs
dog-cat-panda/00169.jpg,dogs
dog-cat-panda/00170.jpg,dogs
dog-cat-panda/00171.jpg,dogs
dog-cat-panda/00172.jpg,dogs
dog-cat-panda/00173.jpg,dogs
dog-cat-panda/00174.jpg,dogs
dog-cat-panda/00175.jpg,dogs
dog-cat-panda/00176.jpg,dogs
dog-cat-panda/00177.jpg,dogs
dog-cat-panda/00178.jpg,dogs
dog-cat-panda/00179.jpg,dogs
dog-cat-panda/00180.jpg,dogs
dog-cat-panda/00181.jpg,dogs
dog-cat-panda/00182.jpg,dogs
dog-cat-panda/00183.jpg,dogs
dog-cat-panda/00184.jpg,dogs
dog-cat-panda/00185.jpg,dogs
dog-cat-panda/00186.jpg,dogs
dog-cat-panda/00187.jpg,dogs
dog-cat-panda/00188.jpg,dogs
dog-cat-panda/00189.jpg,dogs
dog-cat-panda/00190.jpg,dogs
dog-cat-panda/00191.jpg,dogs
dog-cat-panda/00192.jpg,dogs
dog-cat-panda/00193.jpg,dogs
dog-cat-panda/00194.jpg,dogs
dog-cat-panda/00195.jpg,dogs
dog-cat-panda/00196.jpg,dogs
dog-cat-panda/00197.jpg,dogs
dog-cat-panda/00198.jpg,dogs
dog-cat-panda/00199.jpg,dogs
dog-cat-panda/00200.jpg,dogs
dog-cat-panda/00201.jpg,dogs
dog-cat-panda/00202.jpg,dogs
dog-cat-panda/00203.jpg,dogs
dog-cat-panda/00204.jpg,dogs
dog-cat-panda/00205.jpg,dogs
dog-cat-panda/00206.jpg,dogs
dog-cat-panda/00207.jpg,dogs
dog-cat-panda/00208.jpg,dogs
dog-cat-panda/00209.jpg,dogs
dog-cat-panda/00210.jpg,dogs
dog-cat-panda/00211.jpg,dogs
dog-cat-panda/00212.jpg,dogs
dog-cat-panda/00213.jpg,dogs
dog-cat-panda/00214.jpg,dogs
dog-cat-panda/00215.jpg,dogs
dog-cat-panda/00216.jpg,dogs
dog-cat-panda/00217.jpg,dogs
dog-cat-panda/00218.jpg,dogs
dog-cat-panda/00219.jpg,dogs
dog-cat-panda/00220.jpg,dogs
dog-cat-panda/00221.jpg,dogs
dog-cat-panda/00222.jpg,dogs
dog-cat-panda/00223.jpg,dogs
dog-cat-panda/00224.jpg,dogs
dog-cat-panda/00225.jpg,dogs
dog-cat-panda/00226.jpg,dogs
dog-cat-panda/00227.jpg,dogs
dog-cat-panda/00228.jpg,dogs
dog-cat-panda/00229.jpg,dogs
dog-cat-panda/00230.jpg,dogs
dog-cat-panda/00231.jpg,dogs
dog-cat-panda/00232.jpg,dogs
dog-cat-panda/00233.jpg,dogs
dog-cat-panda/00234.jpg,dogs
dog-cat-panda/00235.jpg,dogs
dog-cat-panda/00236.jpg,dogs
dog-cat-panda/00237.jpg,dogs
dog-cat-panda/00238.jpg,dogs
dog-cat-panda/00239.jpg,dogs
dog-cat-panda/00240.jpg,dogs
dog-cat-panda/00241.jpg,dogs
dog-cat-panda/00242.jpg,dogs
dog-cat-panda/00243.jpg,dogs
dog-cat-panda/00244.jpg,dogs
dog-cat-panda/00245.jpg,dogs
dog-cat-panda/00246.jpg,dogs
dog-cat-panda/00247.jpg,dogs
dog-cat-panda/00248.jpg,dogs
dog-cat-panda/00249.jpg,dogs
dog-cat-panda/00250.jpg,dogs
dog-cat-panda/00251.jpg,dogs
dog-cat-panda/00252.jpg,dogs
dog-cat-panda/00253.jpg,dogs
dog-cat-panda/00254.jpg,dogs
dog-cat-panda/00255.jpg,dogs
dog-cat-panda/00256.jpg,dogs
dog-cat-panda/00257.jpg,dogs
dog-cat-panda/00258.jpg,dogs
dog-cat-panda/00259.jpg,dogs
dog-cat-panda/00260.jpg,dogs
dog-cat-panda/00261.jpg,dogs
dog-cat-panda/00262.jpg,dogs
dog-cat-panda/00263.jpg,dogs
dog-cat-panda/00264.jpg,dogs
dog-cat-panda/00265.jpg,dogs
dog-cat-panda/00266.jpg,dogs
dog-cat-panda/00267.jpg,dogs
dog-cat-panda/00268.jpg,dogs
dog-cat-panda/00269.jpg,dogs
dog-cat-panda/00270.jpg,dogs
dog-cat-panda/00271.jpg,dogs
dog-cat-panda/00272.jpg,dogs
dog-cat-panda/00273.jpg,dogs
dog-cat-panda/00274.jpg,dogs
dog-cat-panda/00275.jpg,dogs
dog-cat-panda/00276.jpg,dogs
dog-cat-panda/00277.jpg,dogs
dog-cat-panda/00278.jpg,dogs
dog-cat-panda/00279.jpg,dogs
dog-cat-panda/00280.jpg,dogs
dog-cat-panda/00281.jpg,dogs
dog-cat-panda/00282.jpg,dogs
dog-cat-panda/00283.jpg,dogs
dog-cat-panda/00284.jpg,dogs
dog-cat-panda/00285.jpg,dogs
dog-cat-panda/00286.jpg,dogs
dog-cat-panda/00287.jpg,dogs
dog-cat-panda/00288.jpg,dogs
dog-cat-panda/00289.jpg,dogs
dog-cat-panda/00290.jpg,dogs
dog-cat-panda/00291.jpg,dogs
dog-cat-panda/00292.jpg,dogs
dog-cat-panda/00293.jpg,dogs
dog-cat-panda/00294.jpg,dogs
dog-cat-panda/00295.jpg,dogs
dog-cat-panda/00296.jpg,dogs
dog-cat-panda/00297.jpg,dogs
dog-cat-panda/00298.jpg,dogs
dog-cat-panda/00299.jpg,dogs
dog-cat-panda/00300.jpg,dogs
dog-cat-panda/00301.jpg,dogs
dog-cat-panda/00302.jpg,dogs
dog-cat-panda/00303.jpg,dogs
dog-cat-panda/00304.jpg,dogs
dog-cat-panda/00305.jpg,dogs
dog-cat-panda/00306.jpg,dogs
dog-cat-panda/00307.jpg,dogs
dog-cat-panda/00308.jpg,dogs
dog-cat-panda/00309.jpg,dogs
dog-cat-panda/00310.jpg,dogs
dog-cat-panda/00311.jpg,dogs
dog-cat-panda/00312.jpg,dogs
dog-cat-panda/00313.jpg,dogs
dog-cat-panda/00314.jpg,dogs
dog-cat-panda/00315.jpg,dogs
dog-cat-panda/00316.jpg,dogs
dog-cat-panda/00317.jpg,dogs
dog-cat-panda/00318.jpg,dogs
dog-cat-panda/00319.jpg,dogs
dog-cat-panda/00320.jpg,dogs
dog-cat-panda/00321.jpg,dogs
dog-cat-panda/00322.jpg,dogs
dog-cat-panda/00323.jpg,dogs
dog-cat-panda/00324.jpg,dogs
dog-cat-panda/00325.jpg,dogs
dog-cat-panda/00326.jpg,dogs
dog-cat-panda/00327.jpg,dogs
dog-cat-panda/00328.jpg,dogs
dog-cat-panda/00329.jpg,dogs
dog-cat-panda/00330.jpg,dogs
dog-cat-panda/00331.jpg,dogs
dog-cat-panda/00332.jpg,dogs
dog-cat-panda/00333.jpg,dogs
dog-cat-panda/00334.jpg,dogs
dog-cat-panda/00335.jpg,dogs
dog-cat-panda/00336.jpg,dogs
dog-cat-panda/00337.jpg,dogs
dog-cat-panda/00338.jpg,dogs
dog-cat-panda/00339.jpg,dogs
dog-cat-panda/00340.jpg,dogs
dog-cat-panda/00341.jpg,dogs
dog-cat-panda/00342.jpg,dogs
dog-cat-panda/00343.jpg,dogs
dog-cat-panda/00344.jpg,dogs
dog-cat-panda/00345.jpg,dogs
dog-cat-panda/00346.jpg,dogs
dog-cat-panda/00347.jpg,dogs
dog-cat-panda/00348.jpg,dogs
dog-cat-panda/00349.jpg,dogs
dog-cat-panda/00350.jpg,dogs
dog-cat-panda/00351.jpg,dogs
dog-cat-panda/00352.jpg,dogs
dog-cat-panda/00353.jpg,dogs
dog-cat-panda/00354.jpg,dogs
dog-cat-panda/00355.jpg,dogs
dog-cat-panda/00356.jpg,dogs
dog-cat-panda/00357.jpg,dogs
dog-cat-panda/00358.jpg,dogs
dog-cat-panda/00359.jpg,dogs
dog-cat-panda/00360.jpg,dogs
dog-cat-panda/00361.jpg,dogs
dog-cat-panda/00362.jpg,dogs
dog-cat-panda/00363.jpg,dogs
dog-cat-panda/00364.jpg,dogs
dog-cat-panda/00365.jpg,dogs
dog-cat-panda/00366.jpg,dogs
dog-cat-panda/00367.jpg,dogs
dog-cat-panda/00368.jpg,dogs
dog-cat-panda/00369.jpg,dogs
dog-cat-panda/00370.jpg,dogs
dog-cat-panda/00371.jpg,dogs
dog-cat-panda/00372.jpg,dogs
dog-cat-panda/00373.jpg,dogs
dog-cat-panda/00374.jpg,dogs
dog-cat-panda/00375.jpg,dogs
dog-cat-panda/00376.jpg,dogs
dog-cat-panda/00377.jpg,dogs
dog-cat-panda/00378.jpg,dogs
dog-cat-panda/00379.jpg,dogs
dog-cat-panda/00380.jpg,dogs
dog-cat-panda/00381.jpg,dogs
dog-cat-panda/00382.jpg,dogs
dog-cat-panda/00383.jpg,dogs
dog-cat-panda/00384.jpg,dogs
dog-cat-panda/00385.jpg,dogs
dog-cat-panda/00386.jpg,dogs
dog-cat-panda/00387.jpg,dogs
dog-cat-panda/00388.jpg,dogs
dog-cat-panda/00389.jpg,dogs
dog-cat-panda/00390.jpg,dogs
dog-cat-panda/00391.jpg,dogs
dog-cat-panda/00392.jpg,dogs
dog-cat-panda/00393.jpg,dogs
dog-cat-panda/00394.jpg,dogs
dog-cat-panda/00395.jpg,dogs
dog-cat-panda/00396.jpg,dogs
dog-cat-panda/00397.jpg,dogs
dog-cat-panda/00398.jpg,dogs
dog-cat-panda/00399.jpg,dogs
dog-cat-panda/00400.jpg,dogs
dog-cat-panda/00401.jpg,dogs
dog-cat-panda/00402.jpg,dogs
dog-cat-panda/00403.jpg,dogs
dog-cat-panda/00404.jpg,dogs
dog-cat-panda/00405.jpg,dogs
dog-cat-panda/00406.jpg,dogs
dog-cat-panda/00407.jpg,dogs
dog-cat-panda/00408.jpg,dogs
dog-cat-panda/00409.jpg,dogs
dog-cat-panda/00410.jpg,dogs
dog-cat-panda/00411.jpg,dogs
dog-cat-panda/00412.jpg,dogs
dog-cat-panda/00413.jpg,dogs
dog-cat-panda/00414.jpg,dogs
dog-cat-panda/00415.jpg,dogs
dog-cat-panda/00416.jpg,dogs
dog-cat-panda/00417.jpg,dogs
dog-cat-panda/00418.jpg,dogs
dog-cat-panda/00419.jpg,dogs
dog-cat-panda/00420.jpg,dogs
dog-cat-panda/00421.jpg,dogs
dog-cat-panda/00422.jpg,dogs
dog-cat-panda/00423.jpg,dogs
dog-cat-panda/00424.jpg,dogs
dog-cat-panda/00425.jpg,dogs
dog-cat-panda/00426.jpg,dogs
dog-cat-panda/00427.jpg,dogs
dog-cat-panda/00428.jpg,dogs
dog-cat-panda/00429.jpg,dogs
dog-cat-panda/00430.jpg,dogs
dog-cat-panda/00431.jpg,dogs
dog-cat-panda/00432.jpg,dogs
dog-cat-panda/00433.jpg,dogs
dog-cat-panda/00434.jpg,dogs
dog-cat-panda/00435.jpg,dogs
dog-cat-panda/00436.jpg,dogs
dog-cat-panda/00437.jpg,dogs
dog-cat-panda/00438.jpg,dogs
dog-cat-panda/00439.jpg,dogs
dog-cat-panda/00440.jpg,dogs
dog-cat-panda/00441.jpg,dogs
dog-cat-panda/00442.jpg,dogs
dog-cat-panda/00443.jpg,dogs
dog-cat-panda/00444.jpg,dogs
dog-cat-panda/00445.jpg,dogs
dog-cat-panda/00446.jpg,dogs
dog-cat-panda/00447.jpg,dogs
dog-cat-panda/00448.jpg,dogs
dog-cat-panda/00449.jpg,dogs
dog-cat-panda/00450.jpg,dogs
dog-cat-panda/00451.jpg,dogs
dog-cat-panda/00452.jpg,dogs
dog-cat-panda/00453.jpg,dogs
dog-cat-panda/00454.jpg,dogs
dog-cat-panda/00455.jpg,dogs
dog-cat-panda/00456.jpg,dogs
dog-cat-panda/00457.jpg,dogs
dog-cat-panda/00458.jpg,dogs
dog-cat-panda/00459.jpg,dogs
dog-cat-panda/00460.jpg,dogs
dog-cat-panda/00461.jpg,dogs
dog-cat-panda/00462.jpg,dogs
dog-cat-panda/00463.jpg,dogs
dog-cat-panda/00464.jpg,dogs
dog-cat-panda/00465.jpg,dogs
dog-cat-panda/00466.jpg,dogs
dog-cat-panda/00467.jpg,dogs
dog-cat-panda/00468.jpg,dogs
dog-cat-panda/00469.jpg,dogs
dog-cat-panda/00470.jpg,dogs
dog-cat-panda/00471.jpg,dogs
dog-cat-panda/00472.jpg,dogs
dog-cat-panda/00473.jpg,dogs
dog-cat-panda/00474.jpg,dogs
dog-cat-panda/00475.jpg,dogs
dog-cat-panda/00476.jpg,dogs
dog-cat-panda/00477.jpg,dogs
dog-cat-panda/00478.jpg,dogs
dog-cat-panda/00479.jpg,dogs
dog-cat-panda/00480.jpg,dogs
dog-cat-panda/00481.jpg,dogs
dog-cat-panda/00482.jpg,dogs
dog-cat-panda/00483.jpg,dogs
dog-cat-panda/00484.jpg,dogs
dog-cat-panda/00485.jpg,dogs
dog-cat-panda/00486.jpg,dogs
dog-cat-panda/00487.jpg,dogs
dog-cat-panda/00488.jpg,dogs
dog-cat-panda/00489.jpg,dogs
dog-cat-panda/00490.jpg,dogs
dog-cat-panda/00491.jpg,dogs
dog-cat-panda/00492.jpg,dogs
dog-cat-panda/00493.jpg,dogs
dog-cat-panda/00494.jpg,dogs
dog-cat-panda/00495.jpg,dogs
dog-cat-panda/00496.jpg,dogs
dog-cat-panda/00497.jpg,dogs
dog-cat-panda/00498.jpg,dogs
dog-cat-panda/00499.jpg,dogs
dog-cat-panda/00500.jpg,dogs
dog-cat-panda/00501.jpg,dogs
dog-cat-panda/00502.jpg,dogs
dog-cat-panda/00503.jpg,dogs
dog-cat-panda/00504.jpg,dogs
dog-cat-panda/00505.jpg,dogs
dog-cat-panda/00506.jpg,dogs
dog-cat-panda/00507.jpg,dogs
dog-cat-panda/00508.jpg,dogs
dog-cat-panda/00509.jpg,dogs
dog-cat-panda/00510.jpg,dogs
dog-cat-panda/00511.jpg,dogs
dog-cat-panda/00512.jpg,dogs
dog-cat-panda/00513.jpg,dogs
dog-cat-panda/00514.jpg,dogs
dog-cat-panda/00515.jpg,dogs
dog-cat-panda/00516.jpg,dogs
dog-cat-panda/00517.jpg,dogs
dog-cat-panda/00518.jpg,dogs
dog-cat-panda/00519.jpg,dogs
dog-cat-panda/00520.jpg,dogs
dog-cat-panda/00521.jpg,dogs
dog-cat-panda/00522.jpg,dogs
dog-cat-panda/00523.jpg,dogs
dog-cat-panda/00524.jpg,dogs
dog-cat-panda/00525.jpg,dogs
dog-cat-panda/00526.jpg,dogs
dog-cat-panda/00527.jpg,dogs
dog-cat-panda/00528.jpg,dogs
dog-cat-panda/00529.jpg,dogs
dog-cat-panda/00530.jpg,dogs
dog-cat-panda/00531.jpg,dogs
dog-cat-panda/00532.jpg,dogs
dog-cat-panda/00533.jpg,dogs
dog-cat-panda/00534.jpg,dogs
dog-cat-panda/00535.jpg,dogs
dog-cat-panda/00536.jpg,dogs
dog-cat-panda/00537.jpg,dogs
dog-cat-panda/00538.jpg,dogs
dog-cat-panda/00539.jpg,dogs
dog-cat-panda/00540.jpg,dogs
dog-cat-panda/00541.jpg,dogs
dog-cat-panda/00542.jpg,dogs
dog-cat-panda/00543.jpg,dogs
dog-cat-panda/00544.jpg,dogs
dog-cat-panda/00545.jpg,dogs
dog-cat-panda/00546.jpg,dogs
dog-cat-panda/00547.jpg,dogs
dog-cat-panda/00548.jpg,dogs
dog-cat-panda/00549.jpg,dogs
dog-cat-panda/00550.jpg,dogs
dog-cat-panda/00551.jpg,dogs
dog-cat-panda/00552.jpg,dogs
dog-cat-panda/00553.jpg,dogs
dog-cat-panda/00554.jpg,dogs
dog-cat-panda/00555.jpg,dogs
dog-cat-panda/00556.jpg,dogs
dog-cat-panda/00557.jpg,dogs
dog-cat-panda/00558.jpg,dogs
dog-cat-panda/00559.jpg,dogs
dog-cat-panda/00560.jpg,dogs
dog-cat-panda/00561.jpg,dogs
dog-cat-panda/00562.jpg,dogs
dog-cat-panda/00563.jpg,dogs
dog-cat-panda/00564.jpg,dogs
dog-cat-panda/00565.jpg,dogs
dog-cat-panda/00566.jpg,dogs
dog-cat-panda/00567.jpg,dogs
dog-cat-panda/00568.jpg,dogs
dog-cat-panda/00569.jpg,dogs
dog-cat-panda/00570.jpg,dogs
dog-cat-panda/00571.jpg,dogs
dog-cat-panda/00572.jpg,dogs
dog-cat-panda/00573.jpg,dogs
dog-cat-panda/00574.jpg,dogs
dog-cat-panda/00575.jpg,dogs
dog-cat-panda/00576.jpg,dogs
dog-cat-panda/00577.jpg,dogs
dog-cat-panda/00578.jpg,dogs
dog-cat-panda/00579.jpg,dogs
dog-cat-panda/00580.jpg,dogs
dog-cat-panda/00581.jpg,dogs
dog-cat-panda/00582.jpg,dogs
dog-cat-panda/00583.jpg,dogs
dog-cat-panda/00584.jpg,dogs
dog-cat-panda/00585.jpg,dogs
dog-cat-panda/00586.jpg,dogs
dog-cat-panda/00587.jpg,dogs
dog-cat-panda/00588.jpg,dogs
dog-cat-panda/00589.jpg,dogs
dog-cat-panda/00590.jpg,dogs
dog-cat-panda/00591.jpg,dogs
dog-cat-panda/00592.jpg,dogs
dog-cat-panda/00593.jpg,dogs
dog-cat-panda/00594.jpg,dogs
dog-cat-panda/00595.jpg,dogs
dog-cat-panda/00596.jpg,dogs
dog-cat-panda/00597.jpg,dogs
dog-cat-panda/00598.jpg,dogs
dog-cat-panda/00599.jpg,dogs
dog-cat-panda/00600.jpg,dogs
dog-cat-panda/00601.jpg,dogs
dog-cat-panda/00602.jpg,dogs
dog-cat-panda/00603.jpg,dogs
dog-cat-panda/00604.jpg,dogs
dog-cat-panda/00605.jpg,dogs
dog-cat-panda/00606.jpg,dogs
dog-cat-panda/00607.jpg,dogs
dog-cat-panda/00608.jpg,dogs
dog-cat-panda/00609.jpg,dogs
dog-cat-panda/00610.jpg,dogs
dog-cat-panda/00611.jpg,dogs
dog-cat-panda/00612.jpg,dogs
dog-cat-panda/00613.jpg,dogs
dog-cat-panda/00614.jpg,dogs
dog-cat-panda/00615.jpg,dogs
dog-cat-panda/00616.jpg,dogs
dog-cat-panda/00617.jpg,dogs
dog-cat-panda/00618.jpg,dogs
dog-cat-panda/00619.jpg,dogs
dog-cat-panda/00620.jpg,dogs
dog-cat-panda/00621.jpg,dogs
dog-cat-panda/00622.jpg,dogs
dog-cat-panda/00623.jpg,dogs
dog-cat-panda/00624.jpg,dogs
dog-cat-panda/00625.jpg,dogs
dog-cat-panda/00626.jpg,dogs
dog-cat-panda/00627.jpg,dogs
dog-cat-panda/00628.jpg,dogs
dog-cat-panda/00629.jpg,dogs
dog-cat-panda/00630.jpg,dogs
dog-cat-panda/00631.jpg,dogs
dog-cat-panda/00632.jpg,dogs
dog-cat-panda/00633.jpg,dogs
dog-cat-panda/00634.jpg,dogs
dog-cat-panda/00635.jpg,dogs
dog-cat-panda/00636.jpg,dogs
dog-cat-panda/00637.jpg,dogs
dog-cat-panda/00638.jpg,dogs
dog-cat-panda/00639.jpg,dogs
dog-cat-panda/00640.jpg,dogs
dog-cat-panda/00641.jpg,dogs
dog-cat-panda/00642.jpg,dogs
dog-cat-panda/00643.jpg,dogs
dog-cat-panda/00644.jpg,dogs
dog-cat-panda/00645.jpg,dogs
dog-cat-panda/00646.jpg,dogs
dog-cat-panda/00647.jpg,dogs
dog-cat-panda/00648.jpg,dogs
dog-cat-panda/00649.jpg,dogs
dog-cat-panda/00650.jpg,dogs
dog-cat-panda/00651.jpg,dogs
dog-cat-panda/00652.jpg,dogs
dog-cat-panda/00653.jpg,dogs
dog-cat-panda/00654.jpg,dogs
dog-cat-panda/00655.jpg,dogs
dog-cat-panda/00656.jpg,dogs
dog-cat-panda/00657.jpg,dogs
dog-cat-panda/00658.jpg,dogs
dog-cat-panda/00659.jpg,dogs
dog-cat-panda/00660.jpg,dogs
dog-cat-panda/00661.jpg,dogs
dog-cat-panda/00662.jpg,dogs
dog-cat-panda/00663.jpg,dogs
dog-cat-panda/00664.jpg,dogs
dog-cat-panda/00665.jpg,dogs
dog-cat-panda/00666.jpg,dogs
dog-cat-panda/00667.jpg,dogs
dog-cat-panda/00668.jpg,dogs
dog-cat-panda/00669.jpg,dogs
dog-cat-panda/00670.jpg,dogs
dog-cat-panda/00671.jpg,dogs
dog-cat-panda/00672.jpg,dogs
dog-cat-panda/00673.jpg,dogs
dog-cat-panda/00674.jpg,dogs
dog-cat-panda/00675.jpg,dogs
dog-cat-panda/00676.jpg,dogs
dog-cat-panda/00677.jpg,dogs
dog-cat-panda/00678.jpg,dogs
dog-cat-panda/00679.jpg,dogs
dog-cat-panda/00680.jpg,dogs
dog-cat-panda/00681.jpg,dogs
dog-cat-panda/00682.jpg,dogs
dog-cat-panda/00683.jpg,dogs
dog-cat-panda/00684.jpg,dogs
dog-cat-panda/00685.jpg,dogs
dog-cat-panda/00686.jpg,dogs
dog-cat-panda/00687.jpg,dogs
dog-cat-panda/00688.jpg,dogs
dog-cat-panda/00689.jpg,dogs
dog-cat-panda/00690.jpg,dogs
dog-cat-panda/00691.jpg,dogs
dog-cat-panda/00692.jpg,dogs
dog-cat-panda/00693.jpg,dogs
dog-cat-panda/00694.jpg,dogs
dog-cat-panda/00695.jpg,dogs
dog-cat-panda/00696.jpg,dogs
dog-cat-panda/00697.jpg,dogs
dog-cat-panda/00698.jpg,dogs
dog-cat-panda/00699.jpg,dogs
dog-cat-panda/00700.jpg,dogs
dog-cat-panda/00701.jpg,dogs
dog-cat-panda/00702.jpg,dogs
dog-cat-panda/00703.jpg,dogs
dog-cat-panda/00704.jpg,dogs
dog-cat-panda/00705.jpg,dogs
dog-cat-panda/00706.jpg,dogs
dog-cat-panda/00707.jpg,dogs
dog-cat-panda/00708.jpg,dogs
dog-cat-panda/00709.jpg,dogs
dog-cat-panda/00710.jpg,dogs
dog-cat-panda/00711.jpg,dogs
dog-cat-panda/00712.jpg,dogs
dog-cat-panda/00713.jpg,dogs
dog-cat-panda/00714.jpg,dogs
dog-cat-panda/00715.jpg,dogs
dog-cat-panda/00716.jpg,dogs
dog-cat-panda/00717.jpg,dogs
dog-cat-panda/00718.jpg,dogs
dog-cat-panda/00719.jpg,dogs
dog-cat-panda/00720.jpg,dogs
dog-cat-panda/00721.jpg,dogs
dog-cat-panda/00722.jpg,dogs
dog-cat-panda/00723.jpg,dogs
dog-cat-panda/00724.jpg,dogs
dog-cat-panda/00725.jpg,dogs
dog-cat-panda/00726.jpg,dogs
dog-cat-panda/00727.jpg,dogs
dog-cat-panda/00728.jpg,dogs
dog-cat-panda/00729.jpg,dogs
dog-cat-panda/00730.jpg,dogs
dog-cat-panda/00731.jpg,dogs
dog-cat-panda/00732.jpg,dogs
dog-cat-panda/00733.jpg,dogs
dog-cat-panda/00734.jpg,dogs
dog-cat-panda/00735.jpg,dogs
dog-cat-panda/00736.jpg,dogs
dog-cat-panda/00737.jpg,dogs
dog-cat-panda/00738.jpg,dogs
dog-cat-panda/00739.jpg,dogs
dog-cat-panda/00740.jpg,dogs
dog-cat-panda/00741.jpg,dogs
dog-cat-panda/00742.jpg,dogs
dog-cat-panda/00743.jpg,dogs
dog-cat-panda/00744.jpg,dogs
dog-cat-panda/00745.jpg,dogs
dog-cat-panda/00746.jpg,dogs
dog-cat-panda/00747.jpg,dogs
dog-cat-panda/00748.jpg,dogs
dog-cat-panda/00749.jpg,dogs
dog-cat-panda/00751.jpg,dogs
dog-cat-panda/00752.jpg,dogs
dog-cat-panda/00753.jpg,dogs
dog-cat-panda/00754.jpg,dogs
dog-cat-panda/00755.jpg,dogs
dog-cat-panda/00756.jpg,dogs
dog-cat-panda/00757.jpg,dogs
dog-cat-panda/00758.jpg,dogs
dog-cat-panda/00759.jpg,dogs
dog-cat-panda/00760.jpg,dogs
dog-cat-panda/00761.jpg,dogs
dog-cat-panda/00762.jpg,dogs
dog-cat-panda/00763.jpg,dogs
dog-cat-panda/00764.jpg,dogs
dog-cat-panda/00765.jpg,dogs
dog-cat-panda/00766.jpg,dogs
dog-cat-panda/00767.jpg,dogs
dog-cat-panda/00768.jpg,dogs
dog-cat-panda/00769.jpg,dogs
dog-cat-panda/00770.jpg,dogs
dog-cat-panda/00771.jpg,dogs
dog-cat-panda/00772.jpg,dogs
dog-cat-panda/00773.jpg,dogs
dog-cat-panda/00774.jpg,dogs
dog-cat-panda/00775.jpg,dogs
dog-cat-panda/00776.jpg,dogs
dog-cat-panda/00777.jpg,dogs
dog-cat-panda/00778.jpg,dogs
dog-cat-panda/00779.jpg,dogs
dog-cat-panda/00780.jpg,dogs
dog-cat-panda/00781.jpg,dogs
dog-cat-panda/00782.jpg,dogs
dog-cat-panda/00783.jpg,dogs
dog-cat-panda/00784.jpg,dogs
dog-cat-panda/00785.jpg,dogs
dog-cat-panda/00786.jpg,dogs
dog-cat-panda/00787.jpg,dogs
dog-cat-panda/00788.jpg,dogs
dog-cat-panda/00789.jpg,dogs
dog-cat-panda/00790.jpg,dogs
dog-cat-panda/00791.jpg,dogs
dog-cat-panda/00792.jpg,dogs
dog-cat-panda/00793.jpg,dogs
dog-cat-panda/00794.jpg,dogs
dog-cat-panda/00795.jpg,dogs
dog-cat-panda/00796.jpg,dogs
dog-cat-panda/00797.jpg,dogs
dog-cat-panda/00798.jpg,dogs
dog-cat-panda/00799.jpg,dogs
dog-cat-panda/00800.jpg,dogs
dog-cat-panda/00801.jpg,dogs
dog-cat-panda/00802.jpg,dogs
dog-cat-panda/00803.jpg,dogs
dog-cat-panda/00804.jpg,dogs
dog-cat-panda/00805.jpg,dogs
dog-cat-panda/00806.jpg,dogs
dog-cat-panda/00807.jpg,dogs
dog-cat-panda/00808.jpg,dogs
dog-cat-panda/00809.jpg,dogs
dog-cat-panda/00810.jpg,dogs
dog-cat-panda/00811.jpg,dogs
dog-cat-panda/00812.jpg,dogs
dog-cat-panda/00813.jpg,dogs
dog-cat-panda/00814.jpg,dogs
dog-cat-panda/00815.jpg,dogs
dog-cat-panda/00816.jpg,dogs
dog-cat-panda/00817.jpg,dogs
dog-cat-panda/00818.jpg,dogs
dog-cat-panda/00819.jpg,dogs
dog-cat-panda/00820.jpg,dogs
dog-cat-panda/00821.jpg,dogs
dog-cat-panda/00822.jpg,dogs
dog-cat-panda/00823.jpg,dogs
dog-cat-panda/00824.jpg,dogs
dog-cat-panda/00825.jpg,dogs
dog-cat-panda/00826.jpg,dogs
dog-cat-panda/00827.jpg,dogs
dog-cat-panda/00828.jpg,dogs
dog-cat-panda/00829.jpg,dogs
dog-cat-panda/00830.jpg,dogs
dog-cat-panda/00831.jpg,dogs
dog-cat-panda/00832.jpg,dogs
dog-cat-panda/00833.jpg,dogs
dog-cat-panda/00834.jpg,dogs
dog-cat-panda/00835.jpg,dogs
dog-cat-panda/00836.jpg,dogs
dog-cat-panda/00837.jpg,dogs
dog-cat-panda/00838.jpg,dogs
dog-cat-panda/00839.jpg,dogs
dog-cat-panda/00840.jpg,dogs
dog-cat-panda/00841.jpg,dogs
dog-cat-panda/00842.jpg,dogs
dog-cat-panda/00843.jpg,dogs
dog-cat-panda/00844.jpg,dogs
dog-cat-panda/00845.jpg,dogs
dog-cat-panda/00846.jpg,dogs
dog-cat-panda/00847.jpg,dogs
dog-cat-panda/00848.jpg,dogs
dog-cat-panda/00849.jpg,dogs
dog-cat-panda/00850.jpg,dogs
dog-cat-panda/00851.jpg,dogs
dog-cat-panda/00852.jpg,dogs
dog-cat-panda/00853.jpg,dogs
dog-cat-panda/00854.jpg,dogs
dog-cat-panda/00855.jpg,dogs
dog-cat-panda/00856.jpg,dogs
dog-cat-panda/00857.jpg,dogs
dog-cat-panda/00858.jpg,dogs
dog-cat-panda/00859.jpg,dogs
dog-cat-panda/00860.jpg,dogs
dog-cat-panda/00861.jpg,dogs
dog-cat-panda/00862.jpg,dogs
dog-cat-panda/00863.jpg,dogs
dog-cat-panda/00864.jpg,dogs
dog-cat-panda/00865.jpg,dogs
dog-cat-panda/00866.jpg,dogs
dog-cat-panda/00867.jpg,dogs
dog-cat-panda/00868.jpg,dogs
dog-cat-panda/00869.jpg,dogs
dog-cat-panda/00870.jpg,dogs
dog-cat-panda/00871.jpg,dogs
dog-cat-panda/00872.jpg,dogs
dog-cat-panda/00873.jpg,dogs
dog-cat-panda/00874.jpg,dogs
dog-cat-panda/00875.jpg,dogs
dog-cat-panda/00876.jpg,dogs
dog-cat-panda/00877.jpg,dogs
dog-cat-panda/00878.jpg,dogs
dog-cat-panda/00879.jpg,dogs
dog-cat-panda/00880.jpg,dogs
dog-cat-panda/00881.jpg,dogs
dog-cat-panda/00882.jpg,dogs
dog-cat-panda/00883.jpg,dogs
dog-cat-panda/00884.jpg,dogs
dog-cat-panda/00885.jpg,dogs
dog-cat-panda/00886.jpg,dogs
dog-cat-panda/00887.jpg,dogs
dog-cat-panda/00888.jpg,dogs
dog-cat-panda/00889.jpg,dogs
dog-cat-panda/00890.jpg,dogs
dog-cat-panda/00891.jpg,dogs
dog-cat-panda/00892.jpg,dogs
dog-cat-panda/00893.jpg,dogs
dog-cat-panda/00894.jpg,dogs
dog-cat-panda/00895.jpg,dogs
dog-cat-panda/00896.jpg,dogs
dog-cat-panda/00897.jpg,dogs
dog-cat-panda/00898.jpg,dogs
dog-cat-panda/00899.jpg,dogs
dog-cat-panda/00900.jpg,dogs
dog-cat-panda/00901.jpg,dogs
dog-cat-panda/00902.jpg,dogs
dog-cat-panda/00903.jpg,dogs
dog-cat-panda/00904.jpg,dogs
dog-cat-panda/00905.jpg,dogs
dog-cat-panda/00906.jpg,dogs
dog-cat-panda/00907.jpg,dogs
dog-cat-panda/00908.jpg,dogs
dog-cat-panda/00909.jpg,dogs
dog-cat-panda/00910.jpg,dogs
dog-cat-panda/00911.jpg,dogs
dog-cat-panda/00912.jpg,dogs
dog-cat-panda/00913.jpg,dogs
dog-cat-panda/00914.jpg,dogs
dog-cat-panda/00915.jpg,dogs
dog-cat-panda/00916.jpg,dogs
dog-cat-panda/00917.jpg,dogs
dog-cat-panda/00918.jpg,dogs
dog-cat-panda/00919.jpg,dogs
dog-cat-panda/00920.jpg,dogs
dog-cat-panda/00921.jpg,dogs
dog-cat-panda/00922.jpg,dogs
dog-cat-panda/00923.jpg,dogs
dog-cat-panda/00924.jpg,dogs
dog-cat-panda/00925.jpg,dogs
dog-cat-panda/00926.jpg,dogs
dog-cat-panda/00927.jpg,dogs
dog-cat-panda/00928.jpg,dogs
dog-cat-panda/00929.jpg,dogs
dog-cat-panda/00930.jpg,dogs
dog-cat-panda/00931.jpg,dogs
dog-cat-panda/00932.jpg,dogs
dog-cat-panda/00933.jpg,dogs
dog-cat-panda/00934.jpg,dogs
dog-cat-panda/00935.jpg,dogs
dog-cat-panda/00936.jpg,dogs
dog-cat-panda/00937.jpg,dogs
dog-cat-panda/00938.jpg,dogs
dog-cat-panda/00939.jpg,dogs
dog-cat-panda/00940.jpg,dogs
dog-cat-panda/00941.jpg,dogs
dog-cat-panda/00942.jpg,dogs
dog-cat-panda/00943.jpg,dogs
dog-cat-panda/00944.jpg,dogs
dog-cat-panda/00945.jpg,dogs
dog-cat-panda/00946.jpg,dogs
dog-cat-panda/00947.jpg,dogs
dog-cat-panda/00948.jpg,dogs
dog-cat-panda/00949.jpg,dogs
dog-cat-panda/00950.jpg,dogs
dog-cat-panda/00951.jpg,dogs
dog-cat-panda/00952.jpg,dogs
dog-cat-panda/00953.jpg,dogs
dog-cat-panda/00954.jpg,dogs
dog-cat-panda/00955.jpg,dogs
dog-cat-panda/00956.jpg,dogs
dog-cat-panda/00957.jpg,dogs
dog-cat-panda/00958.jpg,dogs
dog-cat-panda/00959.jpg,dogs
dog-cat-panda/00960.jpg,dogs
dog-cat-panda/00961.jpg,dogs
dog-cat-panda/00962.jpg,dogs
dog-cat-panda/00963.jpg,dogs
dog-cat-panda/00964.jpg,dogs
dog-cat-panda/00965.jpg,dogs
dog-cat-panda/00966.jpg,dogs
dog-cat-panda/00967.jpg,dogs
dog-cat-panda/00968.jpg,dogs
dog-cat-panda/00969.jpg,dogs
dog-cat-panda/00970.jpg,dogs
dog-cat-panda/00971.jpg,dogs
dog-cat-panda/00972.jpg,dogs
dog-cat-panda/00973.jpg,dogs
dog-cat-panda/00974.jpg,dogs
dog-cat-panda/00975.jpg,dogs
dog-cat-panda/00976.jpg,dogs
dog-cat-panda/00977.jpg,dogs
dog-cat-panda/00978.jpg,dogs
dog-cat-panda/00979.jpg,dogs
dog-cat-panda/00980.jpg,dogs
dog-cat-panda/00981.jpg,dogs
dog-cat-panda/00982.jpg,dogs
dog-cat-panda/00983.jpg,dogs
dog-cat-panda/00984.jpg,dogs
dog-cat-panda/00985.jpg,dogs
dog-cat-panda/00986.jpg,dogs
dog-cat-panda/00987.jpg,dogs
dog-cat-panda/00988.jpg,dogs
dog-cat-panda/00989.jpg,dogs
dog-cat-panda/00990.jpg,dogs
dog-cat-panda/00991.jpg,dogs
dog-cat-panda/00992.jpg,dogs
dog-cat-panda/00993.jpg,dogs
dog-cat-panda/00994.jpg,dogs
dog-cat-panda/00995.jpg,dogs
dog-cat-panda/00996.jpg,dogs
dog-cat-panda/00997.jpg,dogs
dog-cat-panda/00998.jpg,dogs
dog-cat-panda/00999.jpg,dogs
dog-cat-panda/01000.jpg,dogs
dog-cat-panda/01001.jpg,dogs
dog-cat-panda/01002.jpg,dogs
dog-cat-panda/01003.jpg,cats
dog-cat-panda/01004.jpg,cats
dog-cat-panda/01005.jpg,cats
dog-cat-panda/01006.jpg,cats
dog-cat-panda/01007.jpg,cats
dog-cat-panda/01008.jpg,cats
dog-cat-panda/01009.jpg,cats
dog-cat-panda/01010.jpg,cats
dog-cat-panda/01011.jpg,cats
dog-cat-panda/01012.jpg,cats
dog-cat-panda/01013.jpg,cats
dog-cat-panda/01014.jpg,cats
dog-cat-panda/01015.jpg,cats
dog-cat-panda/01016.jpg,cats
dog-cat-panda/01017.jpg,cats
dog-cat-panda/01018.jpg,cats
dog-cat-panda/01019.jpg,cats
dog-cat-panda/01020.jpg,cats
dog-cat-panda/01021.jpg,cats
dog-cat-panda/01022.jpg,cats
dog-cat-panda/01023.jpg,cats
dog-cat-panda/01024.jpg,cats
dog-cat-panda/01025.jpg,cats
dog-cat-panda/01026.jpg,cats
dog-cat-panda/01027.jpg,cats
dog-cat-panda/01028.jpg,cats
dog-cat-panda/01029.jpg,cats
dog-cat-panda/01030.jpg,cats
dog-cat-panda/01031.jpg,cats
dog-cat-panda/01032.jpg,cats
dog-cat-panda/01033.jpg,cats
dog-cat-panda/01034.jpg,cats
dog-cat-panda/01035.jpg,cats
dog-cat-panda/01036.jpg,cats
dog-cat-panda/01037.jpg,cats
dog-cat-panda/01038.jpg,cats
dog-cat-panda/01039.jpg,cats
dog-cat-panda/01040.jpg,cats
dog-cat-panda/01041.jpg,cats
dog-cat-panda/01042.jpg,cats
dog-cat-panda/01043.jpg,cats
dog-cat-panda/01044.jpg,cats
dog-cat-panda/01045.jpg,cats
dog-cat-panda/01046.jpg,cats
dog-cat-panda/01047.jpg,cats
dog-cat-panda/01048.jpg,cats
dog-cat-panda/01049.jpg,cats
dog-cat-panda/01050.jpg,cats
dog-cat-panda/01051.jpg,cats
dog-cat-panda/01052.jpg,cats
dog-cat-panda/01053.jpg,cats
dog-cat-panda/01054.jpg,cats
dog-cat-panda/01055.jpg,cats
dog-cat-panda/01056.jpg,cats
dog-cat-panda/01057.jpg,cats
dog-cat-panda/01058.jpg,cats
dog-cat-panda/01059.jpg,cats
dog-cat-panda/01060.jpg,cats
dog-cat-panda/01061.jpg,cats
dog-cat-panda/01062.jpg,cats
dog-cat-panda/01063.jpg,cats
dog-cat-panda/01064.jpg,cats
dog-cat-panda/01065.jpg,cats
dog-cat-panda/01066.jpg,cats
dog-cat-panda/01067.jpg,cats
dog-cat-panda/01068.jpg,cats
dog-cat-panda/01069.jpg,cats
dog-cat-panda/01070.jpg,cats
dog-cat-panda/01071.jpg,cats
dog-cat-panda/01072.jpg,cats
dog-cat-panda/01073.jpg,cats
dog-cat-panda/01074.jpg,cats
dog-cat-panda/01075.jpg,cats
dog-cat-panda/01076.jpg,cats
dog-cat-panda/01077.jpg,cats
dog-cat-panda/01078.jpg,cats
dog-cat-panda/01079.jpg,cats
dog-cat-panda/01080.jpg,cats
dog-cat-panda/01081.jpg,cats
dog-cat-panda/01082.jpg,cats
dog-cat-panda/01083.jpg,cats
dog-cat-panda/01084.jpg,cats
dog-cat-panda/01085.jpg,cats
dog-cat-panda/01086.jpg,cats
dog-cat-panda/01087.jpg,cats
dog-cat-panda/01088.jpg,cats
dog-cat-panda/01089.jpg,cats
dog-cat-panda/01090.jpg,cats
dog-cat-panda/01091.jpg,cats
dog-cat-panda/01092.jpg,cats
dog-cat-panda/01093.jpg,cats
dog-cat-panda/01094.jpg,cats
dog-cat-panda/01095.jpg,cats
dog-cat-panda/01096.jpg,cats
dog-cat-panda/01097.jpg,cats
dog-cat-panda/01098.jpg,cats
dog-cat-panda/01099.jpg,cats
dog-cat-panda/01100.jpg,cats
dog-cat-panda/01101.jpg,cats
dog-cat-panda/01102.jpg,cats
dog-cat-panda/01103.jpg,cats
dog-cat-panda/01104.jpg,cats
dog-cat-panda/01105.jpg,cats
dog-cat-panda/01106.jpg,cats
dog-cat-panda/01107.jpg,cats
dog-cat-panda/01108.jpg,cats
dog-cat-panda/01109.jpg,cats
dog-cat-panda/01110.jpg,cats
dog-cat-panda/01111.jpg,cats
dog-cat-panda/01112.jpg,cats
dog-cat-panda/01113.jpg,cats
dog-cat-panda/01114.jpg,cats
dog-cat-panda/01115.jpg,cats
dog-cat-panda/01116.jpg,cats
dog-cat-panda/01117.jpg,cats
dog-cat-panda/01118.jpg,cats
dog-cat-panda/01119.jpg,cats
dog-cat-panda/01120.jpg,cats
dog-cat-panda/01121.jpg,cats
dog-cat-panda/01122.jpg,cats
dog-cat-panda/01123.jpg,cats
dog-cat-panda/01124.jpg,cats
dog-cat-panda/01125.jpg,cats
dog-cat-panda/01126.jpg,cats
dog-cat-panda/01127.jpg,cats
dog-cat-panda/01128.jpg,cats
dog-cat-panda/01129.jpg,cats
dog-cat-panda/01130.jpg,cats
dog-cat-panda/01131.jpg,cats
dog-cat-panda/01132.jpg,cats
dog-cat-panda/01133.jpg,cats
dog-cat-panda/01134.jpg,cats
dog-cat-panda/01135.jpg,cats
dog-cat-panda/01136.jpg,cats
dog-cat-panda/01137.jpg,cats
dog-cat-panda/01138.jpg,cats
dog-cat-panda/01139.jpg,cats
dog-cat-panda/01140.jpg,cats
dog-cat-panda/01141.jpg,cats
dog-cat-panda/01142.jpg,cats
dog-cat-panda/01143.jpg,cats
dog-cat-panda/01144.jpg,cats
dog-cat-panda/01145.jpg,cats
dog-cat-panda/01146.jpg,cats
dog-cat-panda/01147.jpg,cats
dog-cat-panda/01148.jpg,cats
dog-cat-panda/01149.jpg,cats
dog-cat-panda/01150.jpg,cats
dog-cat-panda/01151.jpg,cats
dog-cat-panda/01152.jpg,cats
dog-cat-panda/01153.jpg,cats
dog-cat-panda/01154.jpg,cats
dog-cat-panda/01155.jpg,cats
dog-cat-panda/01156.jpg,cats
dog-cat-panda/01157.jpg,cats
dog-cat-panda/01158.jpg,cats
dog-cat-panda/01159.jpg,cats
dog-cat-panda/01160.jpg,cats
dog-cat-panda/01161.jpg,cats
dog-cat-panda/01162.jpg,cats
dog-cat-panda/01163.jpg,cats
dog-cat-panda/01164.jpg,cats
dog-cat-panda/01165.jpg,cats
dog-cat-panda/01166.jpg,cats
dog-cat-panda/01167.jpg,cats
dog-cat-panda/01168.jpg,cats
dog-cat-panda/01169.jpg,cats
dog-cat-panda/01170.jpg,cats
dog-cat-panda/01171.jpg,cats
dog-cat-panda/01172.jpg,cats
dog-cat-panda/01173.jpg,cats
dog-cat-panda/01174.jpg,cats
dog-cat-panda/01175.jpg,cats
dog-cat-panda/01176.jpg,cats
dog-cat-panda/01177.jpg,cats
dog-cat-panda/01178.jpg,cats
dog-cat-panda/01179.jpg,cats
dog-cat-panda/01180.jpg,cats
dog-cat-panda/01181.jpg,cats
dog-cat-panda/01182.jpg,cats
dog-cat-panda/01183.jpg,cats
dog-cat-panda/01184.jpg,cats
dog-cat-panda/01185.jpg,cats
dog-cat-panda/01186.jpg,cats
dog-cat-panda/01187.jpg,cats
dog-cat-panda/01188.jpg,cats
dog-cat-panda/01189.jpg,cats
dog-cat-panda/01190.jpg,cats
dog-cat-panda/01191.jpg,cats
dog-cat-panda/01192.jpg,cats
dog-cat-panda/01193.jpg,cats
dog-cat-panda/01194.jpg,cats
dog-cat-panda/01195.jpg,cats
dog-cat-panda/01196.jpg,cats
dog-cat-panda/01197.jpg,cats
dog-cat-panda/01198.jpg,cats
dog-cat-panda/01199.jpg,cats
dog-cat-panda/01200.jpg,cats
dog-cat-panda/01201.jpg,cats
dog-cat-panda/01202.jpg,cats
dog-cat-panda/01203.jpg,cats
dog-cat-panda/01204.jpg,cats
dog-cat-panda/01205.jpg,cats
dog-cat-panda/01206.jpg,cats
dog-cat-panda/01207.jpg,cats
dog-cat-panda/01208.jpg,cats
dog-cat-panda/01209.jpg,cats
dog-cat-panda/01210.jpg,cats
dog-cat-panda/01211.jpg,cats
dog-cat-panda/01212.jpg,cats
dog-cat-panda/01213.jpg,cats
dog-cat-panda/01214.jpg,cats
dog-cat-panda/01215.jpg,cats
dog-cat-panda/01216.jpg,cats
dog-cat-panda/01217.jpg,cats
dog-cat-panda/01218.jpg,cats
dog-cat-panda/01219.jpg,cats
dog-cat-panda/01220.jpg,cats
dog-cat-panda/01221.jpg,cats
dog-cat-panda/01222.jpg,cats
dog-cat-panda/01223.jpg,cats
dog-cat-panda/01224.jpg,cats
dog-cat-panda/01225.jpg,cats
dog-cat-panda/01226.jpg,cats
dog-cat-panda/01227.jpg,cats
dog-cat-panda/01228.jpg,cats
dog-cat-panda/01229.jpg,cats
dog-cat-panda/01230.jpg,cats
dog-cat-panda/01231.jpg,cats
dog-cat-panda/01232.jpg,cats
dog-cat-panda/01233.jpg,cats
dog-cat-panda/01234.jpg,cats
dog-cat-panda/01235.jpg,cats
dog-cat-panda/01236.jpg,cats
dog-cat-panda/01237.jpg,cats
dog-cat-panda/01238.jpg,cats
dog-cat-panda/01239.jpg,cats
dog-cat-panda/01240.jpg,cats
dog-cat-panda/01241.jpg,cats
dog-cat-panda/01242.jpg,cats
dog-cat-panda/01243.jpg,cats
dog-cat-panda/01244.jpg,cats
dog-cat-panda/01245.jpg,cats
dog-cat-panda/01246.jpg,cats
dog-cat-panda/01247.jpg,cats
dog-cat-panda/01249.jpg,cats
dog-cat-panda/01250.jpg,cats
dog-cat-panda/01251.jpg,cats
dog-cat-panda/01252.jpg,cats
dog-cat-panda/01253.jpg,cats
dog-cat-panda/01254.jpg,cats
dog-cat-panda/01255.jpg,cats
dog-cat-panda/01256.jpg,cats
dog-cat-panda/01257.jpg,cats
dog-cat-panda/01258.jpg,cats
dog-cat-panda/01259.jpg,cats
dog-cat-panda/01260.jpg,cats
dog-cat-panda/01261.jpg,cats
dog-cat-panda/01262.jpg,cats
dog-cat-panda/01263.jpg,cats
dog-cat-panda/01264.jpg,cats
dog-cat-panda/01265.jpg,cats
dog-cat-panda/01266.jpg,cats
dog-cat-panda/01267.jpg,cats
dog-cat-panda/01268.jpg,cats
dog-cat-panda/01269.jpg,cats
dog-cat-panda/01270.jpg,cats
dog-cat-panda/01271.jpg,cats
dog-cat-panda/01272.jpg,cats
dog-cat-panda/01273.jpg,cats
dog-cat-panda/01274.jpg,cats
dog-cat-panda/01275.jpg,cats
dog-cat-panda/01276.jpg,cats
dog-cat-panda/01277.jpg,cats
dog-cat-panda/01278.jpg,cats
dog-cat-panda/01279.jpg,cats
dog-cat-panda/01280.jpg,cats
dog-cat-panda/01281.jpg,cats
dog-cat-panda/01282.jpg,cats
dog-cat-panda/01283.jpg,cats
dog-cat-panda/01284.jpg,cats
dog-cat-panda/01285.jpg,cats
dog-cat-panda/01286.jpg,cats
dog-cat-panda/01287.jpg,cats
dog-cat-panda/01288.jpg,cats
dog-cat-panda/01289.jpg,cats
dog-cat-panda/01290.jpg,cats
dog-cat-panda/01291.jpg,cats
dog-cat-panda/01292.jpg,cats
dog-cat-panda/01293.jpg,cats
dog-cat-panda/01294.jpg,cats
dog-cat-panda/01295.jpg,cats
dog-cat-panda/01296.jpg,cats
dog-cat-panda/01297.jpg,cats
dog-cat-panda/01298.jpg,cats
dog-cat-panda/01299.jpg,cats
dog-cat-panda/01300.jpg,cats
dog-cat-panda/01301.jpg,cats
dog-cat-panda/01302.jpg,cats
dog-cat-panda/01303.jpg,cats
dog-cat-panda/01304.jpg,cats
dog-cat-panda/01305.jpg,cats
dog-cat-panda/01306.jpg,cats
dog-cat-panda/01307.jpg,cats
dog-cat-panda/01308.jpg,cats
dog-cat-panda/01309.jpg,cats
dog-cat-panda/01310.jpg,cats
dog-cat-panda/01311.jpg,cats
dog-cat-panda/01312.jpg,cats
dog-cat-panda/01313.jpg,cats
dog-cat-panda/01314.jpg,cats
dog-cat-panda/01315.jpg,cats
dog-cat-panda/01316.jpg,cats
dog-cat-panda/01317.jpg,cats
dog-cat-panda/01318.jpg,cats
dog-cat-panda/01319.jpg,cats
dog-cat-panda/01320.jpg,cats
dog-cat-panda/01321.jpg,cats
dog-cat-panda/01322.jpg,cats
dog-cat-panda/01323.jpg,cats
dog-cat-panda/01324.jpg,cats
dog-cat-panda/01325.jpg,cats
dog-cat-panda/01326.jpg,cats
dog-cat-panda/01327.jpg,cats
dog-cat-panda/01328.jpg,cats
dog-cat-panda/01329.jpg,cats
dog-cat-panda/01330.jpg,cats
dog-cat-panda/01331.jpg,cats
dog-cat-panda/01332.jpg,cats
dog-cat-panda/01333.jpg,cats
dog-cat-panda/01334.jpg,cats
dog-cat-panda/01335.jpg,cats
dog-cat-panda/01336.jpg,cats
dog-cat-panda/01337.jpg,cats
dog-cat-panda/01338.jpg,cats
dog-cat-panda/01339.jpg,cats
dog-cat-panda/01340.jpg,cats
dog-cat-panda/01341.jpg,cats
dog-cat-panda/01342.jpg,cats
dog-cat-panda/01343.jpg,cats
dog-cat-panda/01344.jpg,cats
dog-cat-panda/01345.jpg,cats
dog-cat-panda/01346.jpg,cats
dog-cat-panda/01347.jpg,cats
dog-cat-panda/01348.jpg,cats
dog-cat-panda/01349.jpg,cats
dog-cat-panda/01350.jpg,cats
dog-cat-panda/01351.jpg,cats
dog-cat-panda/01352.jpg,cats
dog-cat-panda/01353.jpg,cats
dog-cat-panda/01354.jpg,cats
dog-cat-panda/01355.jpg,cats
dog-cat-panda/01356.jpg,cats
dog-cat-panda/01357.jpg,cats
dog-cat-panda/01358.jpg,cats
dog-cat-panda/01359.jpg,cats
dog-cat-panda/01360.jpg,cats
dog-cat-panda/01361.jpg,cats
dog-cat-panda/01362.jpg,cats
dog-cat-panda/01363.jpg,cats
dog-cat-panda/01364.jpg,cats
dog-cat-panda/01365.jpg,cats
dog-cat-panda/01366.jpg,cats
dog-cat-panda/01367.jpg,cats
dog-cat-panda/01368.jpg,cats
dog-cat-panda/01369.jpg,cats
dog-cat-panda/01370.jpg,cats
dog-cat-panda/01371.jpg,cats
dog-cat-panda/01372.jpg,cats
dog-cat-panda/01373.jpg,cats
dog-cat-panda/01374.jpg,cats
dog-cat-panda/01375.jpg,cats
dog-cat-panda/01376.jpg,cats
dog-cat-panda/01377.jpg,cats
dog-cat-panda/01378.jpg,cats
dog-cat-panda/01379.jpg,cats
dog-cat-panda/01380.jpg,cats
dog-cat-panda/01381.jpg,cats
dog-cat-panda/01382.jpg,cats
dog-cat-panda/01383.jpg,cats
dog-cat-panda/01384.jpg,cats
dog-cat-panda/01385.jpg,cats
dog-cat-panda/01386.jpg,cats
dog-cat-panda/01387.jpg,cats
dog-cat-panda/01388.jpg,cats
dog-cat-panda/01389.jpg,cats
dog-cat-panda/01390.jpg,cats
dog-cat-panda/01391.jpg,cats
dog-cat-panda/01392.jpg,cats
dog-cat-panda/01393.jpg,cats
dog-cat-panda/01394.jpg,cats
dog-cat-panda/01395.jpg,cats
dog-cat-panda/01396.jpg,cats
dog-cat-panda/01397.jpg,cats
dog-cat-panda/01398.jpg,cats
dog-cat-panda/01399.jpg,cats
dog-cat-panda/01400.jpg,cats
dog-cat-panda/01401.jpg,cats
dog-cat-panda/01402.jpg,cats
dog-cat-panda/01403.jpg,cats
dog-cat-panda/01404.jpg,cats
dog-cat-panda/01405.jpg,cats
dog-cat-panda/01406.jpg,cats
dog-cat-panda/01407.jpg,cats
dog-cat-panda/01408.jpg,cats
dog-cat-panda/01409.jpg,cats
dog-cat-panda/01410.jpg,cats
dog-cat-panda/01411.jpg,cats
dog-cat-panda/01412.jpg,cats
dog-cat-panda/01413.jpg,cats
dog-cat-panda/01414.jpg,cats
dog-cat-panda/01415.jpg,cats
dog-cat-panda/01416.jpg,cats
dog-cat-panda/01417.jpg,cats
dog-cat-panda/01418.jpg,cats
dog-cat-panda/01419.jpg,cats
dog-cat-panda/01420.jpg,cats
dog-cat-panda/01421.jpg,cats
dog-cat-panda/01422.jpg,cats
dog-cat-panda/01423.jpg,cats
dog-cat-panda/01424.jpg,cats
dog-cat-panda/01425.jpg,cats
dog-cat-panda/01426.jpg,cats
dog-cat-panda/01427.jpg,cats
dog-cat-panda/01428.jpg,cats
dog-cat-panda/01429.jpg,cats
dog-cat-panda/01430.jpg,cats
dog-cat-panda/01431.jpg,cats
dog-cat-panda/01432.jpg,cats
dog-cat-panda/01433.jpg,cats
dog-cat-panda/01434.jpg,cats
dog-cat-panda/01435.jpg,cats
dog-cat-panda/01436.jpg,cats
dog-cat-panda/01437.jpg,cats
dog-cat-panda/01438.jpg,cats
dog-cat-panda/01439.jpg,cats
dog-cat-panda/01440.jpg,cats
dog-cat-panda/01441.jpg,cats
dog-cat-panda/01442.jpg,cats
dog-cat-panda/01443.jpg,cats
dog-cat-panda/01444.jpg,cats
dog-cat-panda/01445.jpg,cats
dog-cat-panda/01446.jpg,cats
dog-cat-panda/01447.jpg,cats
dog-cat-panda/01448.jpg,cats
dog-cat-panda/01449.jpg,cats
dog-cat-panda/01450.jpg,cats
dog-cat-panda/01451.jpg,cats
dog-cat-panda/01452.jpg,cats
dog-cat-panda/01453.jpg,cats
dog-cat-panda/01454.jpg,cats
dog-cat-panda/01455.jpg,cats
dog-cat-panda/01456.jpg,cats
dog-cat-panda/01457.jpg,cats
dog-cat-panda/01458.jpg,cats
dog-cat-panda/01459.jpg,cats
dog-cat-panda/01460.jpg,cats
dog-cat-panda/01461.jpg,cats
dog-cat-panda/01462.jpg,cats
dog-cat-panda/01463.jpg,cats
dog-cat-panda/01464.jpg,cats
dog-cat-panda/01465.jpg,cats
dog-cat-panda/01466.jpg,cats
dog-cat-panda/01467.jpg,cats
dog-cat-panda/01468.jpg,cats
dog-cat-panda/01469.jpg,cats
dog-cat-panda/01470.jpg,cats
dog-cat-panda/01471.jpg,cats
dog-cat-panda/01472.jpg,cats
dog-cat-panda/01473.jpg,cats
dog-cat-panda/01474.jpg,cats
dog-cat-panda/01475.jpg,cats
dog-cat-panda/01476.jpg,cats
dog-cat-panda/01477.jpg,cats
dog-cat-panda/01478.jpg,cats
dog-cat-panda/01479.jpg,cats
dog-cat-panda/01480.jpg,cats
dog-cat-panda/01481.jpg,cats
dog-cat-panda/01482.jpg,cats
dog-cat-panda/01483.jpg,cats
dog-cat-panda/01484.jpg,cats
dog-cat-panda/01485.jpg,cats
dog-cat-panda/01486.jpg,cats
dog-cat-panda/01487.jpg,cats
dog-cat-panda/01488.jpg,cats
dog-cat-panda/01489.jpg,cats
dog-cat-panda/01490.jpg,cats
dog-cat-panda/01491.jpg,cats
dog-cat-panda/01492.jpg,cats
dog-cat-panda/01493.jpg,cats
dog-cat-panda/01494.jpg,cats
dog-cat-panda/01495.jpg,cats
dog-cat-panda/01496.jpg,cats
dog-cat-panda/01497.jpg,cats
dog-cat-panda/01498.jpg,cats
dog-cat-panda/01499.jpg,cats
dog-cat-panda/01500.jpg,cats
dog-cat-panda/01501.jpg,cats
dog-cat-panda/01502.jpg,cats
dog-cat-panda/01503.jpg,cats
dog-cat-panda/01504.jpg,cats
dog-cat-panda/01505.jpg,cats
dog-cat-panda/01506.jpg,cats
dog-cat-panda/01507.jpg,cats
dog-cat-panda/01508.jpg,cats
dog-cat-panda/01509.jpg,cats
dog-cat-panda/01510.jpg,cats
dog-cat-panda/01511.jpg,cats
dog-cat-panda/01512.jpg,cats
dog-cat-panda/01513.jpg,cats
dog-cat-panda/01514.jpg,cats
dog-cat-panda/01515.jpg,cats
dog-cat-panda/01516.jpg,cats
dog-cat-panda/01517.jpg,cats
dog-cat-panda/01518.jpg,cats
dog-cat-panda/01519.jpg,cats
dog-cat-panda/01520.jpg,cats
dog-cat-panda/01521.jpg,cats
dog-cat-panda/01522.jpg,cats
dog-cat-panda/01523.jpg,cats
dog-cat-panda/01524.jpg,cats
dog-cat-panda/01525.jpg,cats
dog-cat-panda/01526.jpg,cats
dog-cat-panda/01527.jpg,cats
dog-cat-panda/01528.jpg,cats
dog-cat-panda/01529.jpg,cats
dog-cat-panda/01530.jpg,cats
dog-cat-panda/01531.jpg,cats
dog-cat-panda/01532.jpg,cats
dog-cat-panda/01533.jpg,cats
dog-cat-panda/01534.jpg,cats
dog-cat-panda/01535.jpg,cats
dog-cat-panda/01536.jpg,cats
dog-cat-panda/01537.jpg,cats
dog-cat-panda/01538.jpg,cats
dog-cat-panda/01539.jpg,cats
dog-cat-panda/01540.jpg,cats
dog-cat-panda/01541.jpg,cats
dog-cat-panda/01542.jpg,cats
dog-cat-panda/01543.jpg,cats
dog-cat-panda/01544.jpg,cats
dog-cat-panda/01545.jpg,cats
dog-cat-panda/01546.jpg,cats
dog-cat-panda/01547.jpg,cats
dog-cat-panda/01548.jpg,cats
dog-cat-panda/01549.jpg,cats
dog-cat-panda/01550.jpg,cats
dog-cat-panda/01551.jpg,cats
dog-cat-panda/01552.jpg,cats
dog-cat-panda/01553.jpg,cats
dog-cat-panda/01554.jpg,cats
dog-cat-panda/01555.jpg,cats
dog-cat-panda/01556.jpg,cats
dog-cat-panda/01557.jpg,cats
dog-cat-panda/01558.jpg,cats
dog-cat-panda/01559.jpg,cats
dog-cat-panda/01560.jpg,cats
dog-cat-panda/01561.jpg,cats
dog-cat-panda/01562.jpg,cats
dog-cat-panda/01563.jpg,cats
dog-cat-panda/01564.jpg,cats
dog-cat-panda/01565.jpg,cats
dog-cat-panda/01566.jpg,cats
dog-cat-panda/01567.jpg,cats
dog-cat-panda/01568.jpg,cats
dog-cat-panda/01569.jpg,cats
dog-cat-panda/01570.jpg,cats
dog-cat-panda/01571.jpg,cats
dog-cat-panda/01572.jpg,cats
dog-cat-panda/01573.jpg,cats
dog-cat-panda/01574.jpg,cats
dog-cat-panda/01575.jpg,cats
dog-cat-panda/01576.jpg,cats
dog-cat-panda/01577.jpg,cats
dog-cat-panda/01578.jpg,cats
dog-cat-panda/01579.jpg,cats
dog-cat-panda/01580.jpg,cats
dog-cat-panda/01581.jpg,cats
dog-cat-panda/01582.jpg,cats
dog-cat-panda/01583.jpg,cats
dog-cat-panda/01584.jpg,cats
dog-cat-panda/01585.jpg,cats
dog-cat-panda/01586.jpg,cats
dog-cat-panda/01587.jpg,cats
dog-cat-panda/01588.jpg,cats
dog-cat-panda/01589.jpg,cats
dog-cat-panda/01590.jpg,cats
dog-cat-panda/01591.jpg,cats
dog-cat-panda/01592.jpg,cats
dog-cat-panda/01593.jpg,cats
dog-cat-panda/01594.jpg,cats
dog-cat-panda/01595.jpg,cats
dog-cat-panda/01596.jpg,cats
dog-cat-panda/01597.jpg,cats
dog-cat-panda/01598.jpg,cats
dog-cat-panda/01599.jpg,cats
dog-cat-panda/01600.jpg,cats
dog-cat-panda/01601.jpg,cats
dog-cat-panda/01602.jpg,cats
dog-cat-panda/01603.jpg,cats
dog-cat-panda/01604.jpg,cats
dog-cat-panda/01605.jpg,cats
dog-cat-panda/01606.jpg,cats
dog-cat-panda/01607.jpg,cats
dog-cat-panda/01608.jpg,cats
dog-cat-panda/01609.jpg,cats
dog-cat-panda/01610.jpg,cats
dog-cat-panda/01611.jpg,cats
dog-cat-panda/01612.jpg,cats
dog-cat-panda/01613.jpg,cats
dog-cat-panda/01614.jpg,cats
dog-cat-panda/01615.jpg,cats
dog-cat-panda/01616.jpg,cats
dog-cat-panda/01617.jpg,cats
dog-cat-panda/01618.jpg,cats
dog-cat-panda/01619.jpg,cats
dog-cat-panda/01620.jpg,cats
dog-cat-panda/01621.jpg,cats
dog-cat-panda/01622.jpg,cats
dog-cat-panda/01623.jpg,cats
dog-cat-panda/01624.jpg,cats
dog-cat-panda/01625.jpg,cats
dog-cat-panda/01626.jpg,cats
dog-cat-panda/01627.jpg,cats
dog-cat-panda/01628.jpg,cats
dog-cat-panda/01629.jpg,cats
dog-cat-panda/01630.jpg,cats
dog-cat-panda/01631.jpg,cats
dog-cat-panda/01632.jpg,cats
dog-cat-panda/01633.jpg,cats
dog-cat-panda/01634.jpg,cats
dog-cat-panda/01635.jpg,cats
dog-cat-panda/01636.jpg,cats
dog-cat-panda/01637.jpg,cats
dog-cat-panda/01638.jpg,cats
dog-cat-panda/01639.jpg,cats
dog-cat-panda/01640.jpg,cats
dog-cat-panda/01641.jpg,cats
dog-cat-panda/01642.jpg,cats
dog-cat-panda/01643.jpg,cats
dog-cat-panda/01644.jpg,cats
dog-cat-panda/01645.jpg,cats
dog-cat-panda/01646.jpg,cats
dog-cat-panda/01647.jpg,cats
dog-cat-panda/01648.jpg,cats
dog-cat-panda/01649.jpg,cats
dog-cat-panda/01650.jpg,cats
dog-cat-panda/01651.jpg,cats
dog-cat-panda/01652.jpg,cats
dog-cat-panda/01653.jpg,cats
dog-cat-panda/01654.jpg,cats
dog-cat-panda/01655.jpg,cats
dog-cat-panda/01656.jpg,cats
dog-cat-panda/01657.jpg,cats
dog-cat-panda/01658.jpg,cats
dog-cat-panda/01659.jpg,cats
dog-cat-panda/01660.jpg,cats
dog-cat-panda/01661.jpg,cats
dog-cat-panda/01662.jpg,cats
dog-cat-panda/01663.jpg,cats
dog-cat-panda/01664.jpg,cats
dog-cat-panda/01665.jpg,cats
dog-cat-panda/01666.jpg,cats
dog-cat-panda/01667.jpg,cats
dog-cat-panda/01668.jpg,cats
dog-cat-panda/01669.jpg,cats
dog-cat-panda/01670.jpg,cats
dog-cat-panda/01671.jpg,cats
dog-cat-panda/01672.jpg,cats
dog-cat-panda/01673.jpg,cats
dog-cat-panda/01674.jpg,cats
dog-cat-panda/01675.jpg,cats
dog-cat-panda/01676.jpg,cats
dog-cat-panda/01677.jpg,cats
dog-cat-panda/01678.jpg,cats
dog-cat-panda/01679.jpg,cats
dog-cat-panda/01680.jpg,cats
dog-cat-panda/01681.jpg,cats
dog-cat-panda/01682.jpg,cats
dog-cat-panda/01683.jpg,cats
dog-cat-panda/01684.jpg,cats
dog-cat-panda/01685.jpg,cats
dog-cat-panda/01686.jpg,cats
dog-cat-panda/01687.jpg,cats
dog-cat-panda/01688.jpg,cats
dog-cat-panda/01689.jpg,cats
dog-cat-panda/01690.jpg,cats
dog-cat-panda/01691.jpg,cats
dog-cat-panda/01692.jpg,cats
dog-cat-panda/01693.jpg,cats
dog-cat-panda/01694.jpg,cats
dog-cat-panda/01695.jpg,cats
dog-cat-panda/01696.jpg,cats
dog-cat-panda/01697.jpg,cats
dog-cat-panda/01698.jpg,cats
dog-cat-panda/01699.jpg,cats
dog-cat-panda/01700.jpg,cats
dog-cat-panda/01701.jpg,cats
dog-cat-panda/01702.jpg,cats
dog-cat-panda/01703.jpg,cats
dog-cat-panda/01704.jpg,cats
dog-cat-panda/01705.jpg,cats
dog-cat-panda/01706.jpg,cats
dog-cat-panda/01707.jpg,cats
dog-cat-panda/01708.jpg,cats
dog-cat-panda/01709.jpg,cats
dog-cat-panda/01710.jpg,cats
dog-cat-panda/01711.jpg,cats
dog-cat-panda/01712.jpg,cats
dog-cat-panda/01713.jpg,cats
dog-cat-panda/01714.jpg,cats
dog-cat-panda/01715.jpg,cats
dog-cat-panda/01716.jpg,cats
dog-cat-panda/01717.jpg,cats
dog-cat-panda/01718.jpg,cats
dog-cat-panda/01719.jpg,cats
dog-cat-panda/01720.jpg,cats
dog-cat-panda/01721.jpg,cats
dog-cat-panda/01722.jpg,cats
dog-cat-panda/01723.jpg,cats
dog-cat-panda/01724.jpg,cats
dog-cat-panda/01725.jpg,cats
dog-cat-panda/01726.jpg,cats
dog-cat-panda/01727.jpg,cats
dog-cat-panda/01728.jpg,cats
dog-cat-panda/01729.jpg,cats
dog-cat-panda/01730.jpg,cats
dog-cat-panda/01731.jpg,cats
dog-cat-panda/01732.jpg,cats
dog-cat-panda/01733.jpg,cats
dog-cat-panda/01734.jpg,cats
dog-cat-panda/01735.jpg,cats
dog-cat-panda/01736.jpg,cats
dog-cat-panda/01737.jpg,cats
dog-cat-panda/01738.jpg,cats
dog-cat-panda/01739.jpg,cats
dog-cat-panda/01740.jpg,cats
dog-cat-panda/01741.jpg,cats
dog-cat-panda/01742.jpg,cats
dog-cat-panda/01743.jpg,cats
dog-cat-panda/01744.jpg,cats
dog-cat-panda/01745.jpg,cats
dog-cat-panda/01746.jpg,cats
dog-cat-panda/01747.jpg,cats
dog-cat-panda/01748.jpg,cats
dog-cat-panda/01749.jpg,cats
dog-cat-panda/01750.jpg,cats
dog-cat-panda/01751.jpg,cats
dog-cat-panda/01752.jpg,cats
dog-cat-panda/01753.jpg,cats
dog-cat-panda/01754.jpg,cats
dog-cat-panda/01755.jpg,cats
dog-cat-panda/01756.jpg,cats
dog-cat-panda/01757.jpg,cats
dog-cat-panda/01758.jpg,cats
dog-cat-panda/01759.jpg,cats
dog-cat-panda/01760.jpg,cats
dog-cat-panda/01761.jpg,cats
dog-cat-panda/01762.jpg,cats
dog-cat-panda/01763.jpg,cats
dog-cat-panda/01764.jpg,cats
dog-cat-panda/01765.jpg,cats
dog-cat-panda/01766.jpg,cats
dog-cat-panda/01767.jpg,cats
dog-cat-panda/01768.jpg,cats
dog-cat-panda/01769.jpg,cats
dog-cat-panda/01770.jpg,cats
dog-cat-panda/01771.jpg,cats
dog-cat-panda/01772.jpg,cats
dog-cat-panda/01773.jpg,cats
dog-cat-panda/01774.jpg,cats
dog-cat-panda/01775.jpg,cats
dog-cat-panda/01777.jpg,cats
dog-cat-panda/01778.jpg,cats
dog-cat-panda/01779.jpg,cats
dog-cat-panda/01780.jpg,cats
dog-cat-panda/01781.jpg,cats
dog-cat-panda/01782.jpg,cats
dog-cat-panda/01783.jpg,cats
dog-cat-panda/01784.jpg,cats
dog-cat-panda/01785.jpg,cats
dog-cat-panda/01786.jpg,cats
dog-cat-panda/01787.jpg,cats
dog-cat-panda/01788.jpg,cats
dog-cat-panda/01789.jpg,cats
dog-cat-panda/01790.jpg,cats
dog-cat-panda/01791.jpg,cats
dog-cat-panda/01792.jpg,cats
dog-cat-panda/01793.jpg,cats
dog-cat-panda/01794.jpg,cats
dog-cat-panda/01795.jpg,cats
dog-cat-panda/01796.jpg,cats
dog-cat-panda/01797.jpg,cats
dog-cat-panda/01798.jpg,cats
dog-cat-panda/01799.jpg,cats
dog-cat-panda/01800.jpg,cats
dog-cat-panda/01801.jpg,cats
dog-cat-panda/01802.jpg,cats
dog-cat-panda/01803.jpg,cats
dog-cat-panda/01804.jpg,cats
dog-cat-panda/01805.jpg,cats
dog-cat-panda/01806.jpg,cats
dog-cat-panda/01807.jpg,cats
dog-cat-panda/01808.jpg,cats
dog-cat-panda/01809.jpg,cats
dog-cat-panda/01810.jpg,cats
dog-cat-panda/01811.jpg,cats
dog-cat-panda/01812.jpg,cats
dog-cat-panda/01813.jpg,cats
dog-cat-panda/01814.jpg,cats
dog-cat-panda/01815.jpg,cats
dog-cat-panda/01816.jpg,cats
dog-cat-panda/01817.jpg,cats
dog-cat-panda/01818.jpg,cats
dog-cat-panda/01819.jpg,cats
dog-cat-panda/01820.jpg,cats
dog-cat-panda/01821.jpg,cats
dog-cat-panda/01822.jpg,cats
dog-cat-panda/01823.jpg,cats
dog-cat-panda/01824.jpg,cats
dog-cat-panda/01825.jpg,cats
dog-cat-panda/01826.jpg,cats
dog-cat-panda/01827.jpg,cats
dog-cat-panda/01828.jpg,cats
dog-cat-panda/01829.jpg,cats
dog-cat-panda/01830.jpg,cats
dog-cat-panda/01831.jpg,cats
dog-cat-panda/01832.jpg,cats
dog-cat-panda/01833.jpg,cats
dog-cat-panda/01834.jpg,cats
dog-cat-panda/01835.jpg,cats
dog-cat-panda/01836.jpg,cats
dog-cat-panda/01837.jpg,cats
dog-cat-panda/01838.jpg,cats
dog-cat-panda/01839.jpg,cats
dog-cat-panda/01840.jpg,cats
dog-cat-panda/01841.jpg,cats
dog-cat-panda/01842.jpg,cats
dog-cat-panda/01843.jpg,cats
dog-cat-panda/01844.jpg,cats
dog-cat-panda/01845.jpg,cats
dog-cat-panda/01846.jpg,cats
dog-cat-panda/01847.jpg,cats
dog-cat-panda/01848.jpg,cats
dog-cat-panda/01849.jpg,cats
dog-cat-panda/01850.jpg,cats
dog-cat-panda/01851.jpg,cats
dog-cat-panda/01852.jpg,cats
dog-cat-panda/01853.jpg,cats
dog-cat-panda/01854.jpg,cats
dog-cat-panda/01855.jpg,cats
dog-cat-panda/01856.jpg,cats
dog-cat-panda/01857.jpg,cats
dog-cat-panda/01858.jpg,cats
dog-cat-panda/01859.jpg,cats
dog-cat-panda/01860.jpg,cats
dog-cat-panda/01861.jpg,cats
dog-cat-panda/01862.jpg,cats
dog-cat-panda/01863.jpg,cats
dog-cat-panda/01864.jpg,cats
dog-cat-panda/01865.jpg,cats
dog-cat-panda/01866.jpg,cats
dog-cat-panda/01867.jpg,cats
dog-cat-panda/01868.jpg,cats
dog-cat-panda/01869.jpg,cats
dog-cat-panda/01870.jpg,cats
dog-cat-panda/01871.jpg,cats
dog-cat-panda/01872.jpg,cats
dog-cat-panda/01873.jpg,cats
dog-cat-panda/01874.jpg,cats
dog-cat-panda/01875.jpg,cats
dog-cat-panda/01876.jpg,cats
dog-cat-panda/01877.jpg,cats
dog-cat-panda/01878.jpg,cats
dog-cat-panda/01879.jpg,cats
dog-cat-panda/01880.jpg,cats
dog-cat-panda/01881.jpg,cats
dog-cat-panda/01882.jpg,cats
dog-cat-panda/01883.jpg,cats
dog-cat-panda/01884.jpg,cats
dog-cat-panda/01885.jpg,cats
dog-cat-panda/01886.jpg,cats
dog-cat-panda/01887.jpg,cats
dog-cat-panda/01888.jpg,cats
dog-cat-panda/01889.jpg,cats
dog-cat-panda/01890.jpg,cats
dog-cat-panda/01891.jpg,cats
dog-cat-panda/01892.jpg,cats
dog-cat-panda/01893.jpg,cats
dog-cat-panda/01894.jpg,cats
dog-cat-panda/01895.jpg,cats
dog-cat-panda/01896.jpg,cats
dog-cat-panda/01897.jpg,cats
dog-cat-panda/01898.jpg,cats
dog-cat-panda/01899.jpg,cats
dog-cat-panda/01900.jpg,cats
dog-cat-panda/01901.jpg,cats
dog-cat-panda/01902.jpg,cats
dog-cat-panda/01903.jpg,cats
dog-cat-panda/01904.jpg,cats
dog-cat-panda/01905.jpg,cats
dog-cat-panda/01906.jpg,cats
dog-cat-panda/01907.jpg,cats
dog-cat-panda/01908.jpg,cats
dog-cat-panda/01909.jpg,cats
dog-cat-panda/01910.jpg,cats
dog-cat-panda/01911.jpg,cats
dog-cat-panda/01912.jpg,cats
dog-cat-panda/01913.jpg,cats
dog-cat-panda/01914.jpg,cats
dog-cat-panda/01915.jpg,cats
dog-cat-panda/01916.jpg,cats
dog-cat-panda/01917.jpg,cats
dog-cat-panda/01918.jpg,cats
dog-cat-panda/01919.jpg,cats
dog-cat-panda/01920.jpg,cats
dog-cat-panda/01921.jpg,cats
dog-cat-panda/01922.jpg,cats
dog-cat-panda/01923.jpg,cats
dog-cat-panda/01924.jpg,cats
dog-cat-panda/01925.jpg,cats
dog-cat-panda/01926.jpg,cats
dog-cat-panda/01927.jpg,cats
dog-cat-panda/01928.jpg,cats
dog-cat-panda/01929.jpg,cats
dog-cat-panda/01930.jpg,cats
dog-cat-panda/01931.jpg,cats
dog-cat-panda/01932.jpg,cats
dog-cat-panda/01933.jpg,cats
dog-cat-panda/01934.jpg,cats
dog-cat-panda/01935.jpg,cats
dog-cat-panda/01936.jpg,cats
dog-cat-panda/01937.jpg,cats
dog-cat-panda/01938.jpg,cats
dog-cat-panda/01939.jpg,cats
dog-cat-panda/01940.jpg,cats
dog-cat-panda/01941.jpg,cats
dog-cat-panda/01942.jpg,cats
dog-cat-panda/01943.jpg,cats
dog-cat-panda/01944.jpg,cats
dog-cat-panda/01945.jpg,cats
dog-cat-panda/01946.jpg,cats
dog-cat-panda/01947.jpg,cats
dog-cat-panda/01948.jpg,cats
dog-cat-panda/01949.jpg,cats
dog-cat-panda/01950.jpg,cats
dog-cat-panda/01951.jpg,cats
dog-cat-panda/01952.jpg,cats
dog-cat-panda/01953.jpg,cats
dog-cat-panda/01954.jpg,cats
dog-cat-panda/01956.jpg,cats
dog-cat-panda/01957.jpg,cats
dog-cat-panda/01958.jpg,cats
dog-cat-panda/01959.jpg,cats
dog-cat-panda/01960.jpg,cats
dog-cat-panda/01961.jpg,cats
dog-cat-panda/01962.jpg,cats
dog-cat-panda/01963.jpg,cats
dog-cat-panda/01964.jpg,cats
dog-cat-panda/01965.jpg,cats
dog-cat-panda/01966.jpg,cats
dog-cat-panda/01967.jpg,cats
dog-cat-panda/01968.jpg,cats
dog-cat-panda/01969.jpg,cats
dog-cat-panda/01970.jpg,cats
dog-cat-panda/01971.jpg,cats
dog-cat-panda/01972.jpg,cats
dog-cat-panda/01973.jpg,cats
dog-cat-panda/01974.jpg,cats
dog-cat-panda/01975.jpg,cats
dog-cat-panda/01976.jpg,cats
dog-cat-panda/01977.jpg,cats
dog-cat-panda/01978.jpg,cats
dog-cat-panda/01979.jpg,cats
dog-cat-panda/01980.jpg,cats
dog-cat-panda/01981.jpg,cats
dog-cat-panda/01982.jpg,cats
dog-cat-panda/01983.jpg,cats
dog-cat-panda/01984.jpg,cats
dog-cat-panda/01985.jpg,cats
dog-cat-panda/01986.jpg,cats
dog-cat-panda/01987.jpg,cats
dog-cat-panda/01988.jpg,cats
dog-cat-panda/01989.jpg,cats
dog-cat-panda/01990.jpg,cats
dog-cat-panda/01991.jpg,cats
dog-cat-panda/01992.jpg,cats
dog-cat-panda/01993.jpg,cats
dog-cat-panda/01994.jpg,cats
dog-cat-panda/01995.jpg,cats
dog-cat-panda/01996.jpg,cats
dog-cat-panda/01997.jpg,cats
dog-cat-panda/01998.jpg,cats
dog-cat-panda/01999.jpg,cats
dog-cat-panda/02000.jpg,cats
dog-cat-panda/02001.jpg,cats
dog-cat-panda/02002.jpg,cats
dog-cat-panda/02003.jpg,panda
dog-cat-panda/02004.jpg,panda
dog-cat-panda/02005.jpg,panda
dog-cat-panda/02006.jpg,panda
dog-cat-panda/02007.jpg,panda
dog-cat-panda/02008.jpg,panda
dog-cat-panda/02009.jpg,panda
dog-cat-panda/02010.jpg,panda
dog-cat-panda/02011.jpg,panda
dog-cat-panda/02012.jpg,panda
dog-cat-panda/02013.jpg,panda
dog-cat-panda/02014.jpg,panda
dog-cat-panda/02015.jpg,panda
dog-cat-panda/02016.jpg,panda
dog-cat-panda/02017.jpg,panda
dog-cat-panda/02018.jpg,panda
dog-cat-panda/02019.jpg,panda
dog-cat-panda/02020.jpg,panda
dog-cat-panda/02021.jpg,panda
dog-cat-panda/02022.jpg,panda
dog-cat-panda/02023.jpg,panda
dog-cat-panda/02024.jpg,panda
dog-cat-panda/02025.jpg,panda
dog-cat-panda/02026.jpg,panda
dog-cat-panda/02027.jpg,panda
dog-cat-panda/02028.jpg,panda
dog-cat-panda/02029.jpg,panda
dog-cat-panda/02030.jpg,panda
dog-cat-panda/02031.jpg,panda
dog-cat-panda/02032.jpg,panda
dog-cat-panda/02033.jpg,panda
dog-cat-panda/02034.jpg,panda
dog-cat-panda/02035.jpg,panda
dog-cat-panda/02036.jpg,panda
dog-cat-panda/02037.jpg,panda
dog-cat-panda/02038.jpg,panda
dog-cat-panda/02039.jpg,panda
dog-cat-panda/02040.jpg,panda
dog-cat-panda/02041.jpg,panda
dog-cat-panda/02042.jpg,panda
dog-cat-panda/02043.jpg,panda
dog-cat-panda/02044.jpg,panda
dog-cat-panda/02045.jpg,panda
dog-cat-panda/02046.jpg,panda
dog-cat-panda/02047.jpg,panda
dog-cat-panda/02048.jpg,panda
dog-cat-panda/02049.jpg,panda
dog-cat-panda/02050.jpg,panda
dog-cat-panda/02051.jpg,panda
dog-cat-panda/02052.jpg,panda
dog-cat-panda/02053.jpg,panda
dog-cat-panda/02054.jpg,panda
dog-cat-panda/02055.jpg,panda
dog-cat-panda/02056.jpg,panda
dog-cat-panda/02057.jpg,panda
dog-cat-panda/02058.jpg,panda
dog-cat-panda/02059.jpg,panda
dog-cat-panda/02060.jpg,panda
dog-cat-panda/02061.jpg,panda
dog-cat-panda/02062.jpg,panda
dog-cat-panda/02063.jpg,panda
dog-cat-panda/02064.jpg,panda
dog-cat-panda/02065.jpg,panda
dog-cat-panda/02066.jpg,panda
dog-cat-panda/02067.jpg,panda
dog-cat-panda/02068.jpg,panda
dog-cat-panda/02069.jpg,panda
dog-cat-panda/02070.jpg,panda
dog-cat-panda/02071.jpg,panda
dog-cat-panda/02072.jpg,panda
dog-cat-panda/02073.jpg,panda
dog-cat-panda/02074.jpg,panda
dog-cat-panda/02075.jpg,panda
dog-cat-panda/02076.jpg,panda
dog-cat-panda/02077.jpg,panda
dog-cat-panda/02078.jpg,panda
dog-cat-panda/02079.jpg,panda
dog-cat-panda/02080.jpg,panda
dog-cat-panda/02081.jpg,panda
dog-cat-panda/02082.jpg,panda
dog-cat-panda/02083.jpg,panda
dog-cat-panda/02084.jpg,panda
dog-cat-panda/02085.jpg,panda
dog-cat-panda/02086.jpg,panda
dog-cat-panda/02087.jpg,panda
dog-cat-panda/02088.jpg,panda
dog-cat-panda/02089.jpg,panda
dog-cat-panda/02090.jpg,panda
dog-cat-panda/02091.jpg,panda
dog-cat-panda/02092.jpg,panda
dog-cat-panda/02093.jpg,panda
dog-cat-panda/02094.jpg,panda
dog-cat-panda/02095.jpg,panda
dog-cat-panda/02096.jpg,panda
dog-cat-panda/02097.jpg,panda
dog-cat-panda/02098.jpg,panda
dog-cat-panda/02099.jpg,panda
dog-cat-panda/02100.jpg,panda
dog-cat-panda/02101.jpg,panda
dog-cat-panda/02102.jpg,panda
dog-cat-panda/02103.jpg,panda
dog-cat-panda/02104.jpg,panda
dog-cat-panda/02105.jpg,panda
dog-cat-panda/02106.jpg,panda
dog-cat-panda/02107.jpg,panda
dog-cat-panda/02108.jpg,panda
dog-cat-panda/02109.jpg,panda
dog-cat-panda/02110.jpg,panda
dog-cat-panda/02111.jpg,panda
dog-cat-panda/02112.jpg,panda
dog-cat-panda/02113.jpg,panda
dog-cat-panda/02114.jpg,panda
dog-cat-panda/02115.jpg,panda
dog-cat-panda/02116.jpg,panda
dog-cat-panda/02117.jpg,panda
dog-cat-panda/02118.jpg,panda
dog-cat-panda/02119.jpg,panda
dog-cat-panda/02120.jpg,panda
dog-cat-panda/02121.jpg,panda
dog-cat-panda/02122.jpg,panda
dog-cat-panda/02123.jpg,panda
dog-cat-panda/02124.jpg,panda
dog-cat-panda/02125.jpg,panda
dog-cat-panda/02126.jpg,panda
dog-cat-panda/02127.jpg,panda
dog-cat-panda/02128.jpg,panda
dog-cat-panda/02129.jpg,panda
dog-cat-panda/02130.jpg,panda
dog-cat-panda/02131.jpg,panda
dog-cat-panda/02132.jpg,panda
dog-cat-panda/02133.jpg,panda
dog-cat-panda/02134.jpg,panda
dog-cat-panda/02135.jpg,panda
dog-cat-panda/02136.jpg,panda
dog-cat-panda/02137.jpg,panda
dog-cat-panda/02138.jpg,panda
dog-cat-panda/02139.jpg,panda
dog-cat-panda/02140.jpg,panda
dog-cat-panda/02141.jpg,panda
dog-cat-panda/02142.jpg,panda
dog-cat-panda/02143.jpg,panda
dog-cat-panda/02144.jpg,panda
dog-cat-panda/02145.jpg,panda
dog-cat-panda/02146.jpg,panda
dog-cat-panda/02147.jpg,panda
dog-cat-panda/02148.jpg,panda
dog-cat-panda/02149.jpg,panda
dog-cat-panda/02150.jpg,panda
dog-cat-panda/02151.jpg,panda
dog-cat-panda/02152.jpg,panda
dog-cat-panda/02153.jpg,panda
dog-cat-panda/02154.jpg,panda
dog-cat-panda/02155.jpg,panda
dog-cat-panda/02156.jpg,panda
dog-cat-panda/02157.jpg,panda
dog-cat-panda/02158.jpg,panda
dog-cat-panda/02159.jpg,panda
dog-cat-panda/02160.jpg,panda
dog-cat-panda/02161.jpg,panda
dog-cat-panda/02162.jpg,panda
dog-cat-panda/02163.jpg,panda
dog-cat-panda/02164.jpg,panda
dog-cat-panda/02165.jpg,panda
dog-cat-panda/02166.jpg,panda
dog-cat-panda/02167.jpg,panda
dog-cat-panda/02168.jpg,panda
dog-cat-panda/02169.jpg,panda
dog-cat-panda/02170.jpg,panda
dog-cat-panda/02171.jpg,panda
dog-cat-panda/02172.jpg,panda
dog-cat-panda/02173.jpg,panda
dog-cat-panda/02174.jpg,panda
dog-cat-panda/02175.jpg,panda
dog-cat-panda/02176.jpg,panda
dog-cat-panda/02177.jpg,panda
dog-cat-panda/02178.jpg,panda
dog-cat-panda/02179.jpg,panda
dog-cat-panda/02180.jpg,panda
dog-cat-panda/02181.jpg,panda
dog-cat-panda/02182.jpg,panda
dog-cat-panda/02183.jpg,panda
dog-cat-panda/02184.jpg,panda
dog-cat-panda/02185.jpg,panda
dog-cat-panda/02186.jpg,panda
dog-cat-panda/02187.jpg,panda
dog-cat-panda/02188.jpg,panda
dog-cat-panda/02189.jpg,panda
dog-cat-panda/02190.jpg,panda
dog-cat-panda/02191.jpg,panda
dog-cat-panda/02192.jpg,panda
dog-cat-panda/02193.jpg,panda
dog-cat-panda/02194.jpg,panda
dog-cat-panda/02195.jpg,panda
dog-cat-panda/02196.jpg,panda
dog-cat-panda/02197.jpg,panda
dog-cat-panda/02198.jpg,panda
dog-cat-panda/02199.jpg,panda
dog-cat-panda/02200.jpg,panda
dog-cat-panda/02201.jpg,panda
dog-cat-panda/02202.jpg,panda
dog-cat-panda/02203.jpg,panda
dog-cat-panda/02204.jpg,panda
dog-cat-panda/02205.jpg,panda
dog-cat-panda/02206.jpg,panda
dog-cat-panda/02207.jpg,panda
dog-cat-panda/02208.jpg,panda
dog-cat-panda/02209.jpg,panda
dog-cat-panda/02210.jpg,panda
dog-cat-panda/02211.jpg,panda
dog-cat-panda/02212.jpg,panda
dog-cat-panda/02213.jpg,panda
dog-cat-panda/02214.jpg,panda
dog-cat-panda/02215.jpg,panda
dog-cat-panda/02216.jpg,panda
dog-cat-panda/02217.jpg,panda
dog-cat-panda/02218.jpg,panda
dog-cat-panda/02219.jpg,panda
dog-cat-panda/02220.jpg,panda
dog-cat-panda/02221.jpg,panda
dog-cat-panda/02222.jpg,panda
dog-cat-panda/02223.jpg,panda
dog-cat-panda/02224.jpg,panda
dog-cat-panda/02225.jpg,panda
dog-cat-panda/02226.jpg,panda
dog-cat-panda/02227.jpg,panda
dog-cat-panda/02228.jpg,panda
dog-cat-panda/02229.jpg,panda
dog-cat-panda/02230.jpg,panda
dog-cat-panda/02231.jpg,panda
dog-cat-panda/02232.jpg,panda
dog-cat-panda/02233.jpg,panda
dog-cat-panda/02234.jpg,panda
dog-cat-panda/02235.jpg,panda
dog-cat-panda/02236.jpg,panda
dog-cat-panda/02237.jpg,panda
dog-cat-panda/02238.jpg,panda
dog-cat-panda/02239.jpg,panda
dog-cat-panda/02240.jpg,panda
dog-cat-panda/02241.jpg,panda
dog-cat-panda/02242.jpg,panda
dog-cat-panda/02243.jpg,panda
dog-cat-panda/02244.jpg,panda
dog-cat-panda/02245.jpg,panda
dog-cat-panda/02246.jpg,panda
dog-cat-panda/02247.jpg,panda
dog-cat-panda/02248.jpg,panda
dog-cat-panda/02249.jpg,panda
dog-cat-panda/02250.jpg,panda
dog-cat-panda/02251.jpg,panda
dog-cat-panda/02252.jpg,panda
dog-cat-panda/02253.jpg,panda
dog-cat-panda/02254.jpg,panda
dog-cat-panda/02255.jpg,panda
dog-cat-panda/02256.jpg,panda
dog-cat-panda/02257.jpg,panda
dog-cat-panda/02258.jpg,panda
dog-cat-panda/02259.jpg,panda
dog-cat-panda/02260.jpg,panda
dog-cat-panda/02261.jpg,panda
dog-cat-panda/02262.jpg,panda
dog-cat-panda/02263.jpg,panda
dog-cat-panda/02264.jpg,panda
dog-cat-panda/02265.jpg,panda
dog-cat-panda/02266.jpg,panda
dog-cat-panda/02267.jpg,panda
dog-cat-panda/02268.jpg,panda
dog-cat-panda/02269.jpg,panda
dog-cat-panda/02270.jpg,panda
dog-cat-panda/02271.jpg,panda
dog-cat-panda/02272.jpg,panda
dog-cat-panda/02273.jpg,panda
dog-cat-panda/02274.jpg,panda
dog-cat-panda/02275.jpg,panda
dog-cat-panda/02276.jpg,panda
dog-cat-panda/02277.jpg,panda
dog-cat-panda/02278.jpg,panda
dog-cat-panda/02279.jpg,panda
dog-cat-panda/02280.jpg,panda
dog-cat-panda/02281.jpg,panda
dog-cat-panda/02282.jpg,panda
dog-cat-panda/02283.jpg,panda
dog-cat-panda/02284.jpg,panda
dog-cat-panda/02285.jpg,panda
dog-cat-panda/02286.jpg,panda
dog-cat-panda/02287.jpg,panda
dog-cat-panda/02288.jpg,panda
dog-cat-panda/02289.jpg,panda
dog-cat-panda/02290.jpg,panda
dog-cat-panda/02291.jpg,panda
dog-cat-panda/02292.jpg,panda
dog-cat-panda/02293.jpg,panda
dog-cat-panda/02294.jpg,panda
dog-cat-panda/02295.jpg,panda
dog-cat-panda/02296.jpg,panda
dog-cat-panda/02297.jpg,panda
dog-cat-panda/02298.jpg,panda
dog-cat-panda/02299.jpg,panda
dog-cat-panda/02300.jpg,panda
dog-cat-panda/02301.jpg,panda
dog-cat-panda/02302.jpg,panda
dog-cat-panda/02303.jpg,panda
dog-cat-panda/02304.jpg,panda
dog-cat-panda/02305.jpg,panda
dog-cat-panda/02306.jpg,panda
dog-cat-panda/02307.jpg,panda
dog-cat-panda/02308.jpg,panda
dog-cat-panda/02309.jpg,panda
dog-cat-panda/02310.jpg,panda
dog-cat-panda/02311.jpg,panda
dog-cat-panda/02312.jpg,panda
dog-cat-panda/02313.jpg,panda
dog-cat-panda/02314.jpg,panda
dog-cat-panda/02315.jpg,panda
dog-cat-panda/02317.jpg,panda
dog-cat-panda/02318.jpg,panda
dog-cat-panda/02319.jpg,panda
dog-cat-panda/02320.jpg,panda
dog-cat-panda/02321.jpg,panda
dog-cat-panda/02322.jpg,panda
dog-cat-panda/02323.jpg,panda
dog-cat-panda/02324.jpg,panda
dog-cat-panda/02325.jpg,panda
dog-cat-panda/02326.jpg,panda
dog-cat-panda/02327.jpg,panda
dog-cat-panda/02328.jpg,panda
dog-cat-panda/02329.jpg,panda
dog-cat-panda/02330.jpg,panda
dog-cat-panda/02331.jpg,panda
dog-cat-panda/02332.jpg,panda
dog-cat-panda/02333.jpg,panda
dog-cat-panda/02334.jpg,panda
dog-cat-panda/02335.jpg,panda
dog-cat-panda/02336.jpg,panda
dog-cat-panda/02337.jpg,panda
dog-cat-panda/02338.jpg,panda
dog-cat-panda/02339.jpg,panda
dog-cat-panda/02340.jpg,panda
dog-cat-panda/02341.jpg,panda
dog-cat-panda/02342.jpg,panda
dog-cat-panda/02343.jpg,panda
dog-cat-panda/02344.jpg,panda
dog-cat-panda/02345.jpg,panda
dog-cat-panda/02346.jpg,panda
dog-cat-panda/02347.jpg,panda
dog-cat-panda/02348.jpg,panda
dog-cat-panda/02349.jpg,panda
dog-cat-panda/02350.jpg,panda
dog-cat-panda/02351.jpg,panda
dog-cat-panda/02352.jpg,panda
dog-cat-panda/02353.jpg,panda
dog-cat-panda/02354.jpg,panda
dog-cat-panda/02355.jpg,panda
dog-cat-panda/02356.jpg,panda
dog-cat-panda/02357.jpg,panda
dog-cat-panda/02358.jpg,panda
dog-cat-panda/02359.jpg,panda
dog-cat-panda/02360.jpg,panda
dog-cat-panda/02361.jpg,panda
dog-cat-panda/02362.jpg,panda
dog-cat-panda/02363.jpg,panda
dog-cat-panda/02364.jpg,panda
dog-cat-panda/02365.jpg,panda
dog-cat-panda/02366.jpg,panda
dog-cat-panda/02367.jpg,panda
dog-cat-panda/02368.jpg,panda
dog-cat-panda/02369.jpg,panda
dog-cat-panda/02370.jpg,panda
dog-cat-panda/02371.jpg,panda
dog-cat-panda/02372.jpg,panda
dog-cat-panda/02373.jpg,panda
dog-cat-panda/02374.jpg,panda
dog-cat-panda/02375.jpg,panda
dog-cat-panda/02376.jpg,panda
dog-cat-panda/02377.jpg,panda
dog-cat-panda/02378.jpg,panda
dog-cat-panda/02379.jpg,panda
dog-cat-panda/02380.jpg,panda
dog-cat-panda/02381.jpg,panda
dog-cat-panda/02382.jpg,panda
dog-cat-panda/02383.jpg,panda
dog-cat-panda/02384.jpg,panda
dog-cat-panda/02385.jpg,panda
dog-cat-panda/02386.jpg,panda
dog-cat-panda/02387.jpg,panda
dog-cat-panda/02388.jpg,panda
dog-cat-panda/02389.jpg,panda
dog-cat-panda/02390.jpg,panda
dog-cat-panda/02391.jpg,panda
dog-cat-panda/02392.jpg,panda
dog-cat-panda/02393.jpg,panda
dog-cat-panda/02394.jpg,panda
dog-cat-panda/02395.jpg,panda
dog-cat-panda/02396.jpg,panda
dog-cat-panda/02397.jpg,panda
dog-cat-panda/02398.jpg,panda
dog-cat-panda/02399.jpg,panda
dog-cat-panda/02400.jpg,panda
dog-cat-panda/02401.jpg,panda
dog-cat-panda/02402.jpg,panda
dog-cat-panda/02403.jpg,panda
dog-cat-panda/02404.jpg,panda
dog-cat-panda/02405.jpg,panda
dog-cat-panda/02406.jpg,panda
dog-cat-panda/02407.jpg,panda
dog-cat-panda/02408.jpg,panda
dog-cat-panda/02409.jpg,panda
dog-cat-panda/02410.jpg,panda
dog-cat-panda/02411.jpg,panda
dog-cat-panda/02412.jpg,panda
dog-cat-panda/02413.jpg,panda
dog-cat-panda/02414.jpg,panda
dog-cat-panda/02415.jpg,panda
dog-cat-panda/02416.jpg,panda
dog-cat-panda/02417.jpg,panda
dog-cat-panda/02418.jpg,panda
dog-cat-panda/02419.jpg,panda
dog-cat-panda/02420.jpg,panda
dog-cat-panda/02421.jpg,panda
dog-cat-panda/02422.jpg,panda
dog-cat-panda/02423.jpg,panda
dog-cat-panda/02424.jpg,panda
dog-cat-panda/02425.jpg,panda
dog-cat-panda/02426.jpg,panda
dog-cat-panda/02427.jpg,panda
dog-cat-panda/02428.jpg,panda
dog-cat-panda/02429.jpg,panda
dog-cat-panda/02430.jpg,panda
dog-cat-panda/02431.jpg,panda
dog-cat-panda/02432.jpg,panda
dog-cat-panda/02433.jpg,panda
dog-cat-panda/02434.jpg,panda
dog-cat-panda/02435.jpg,panda
dog-cat-panda/02436.jpg,panda
dog-cat-panda/02437.jpg,panda
dog-cat-panda/02438.jpg,panda
dog-cat-panda/02439.jpg,panda
dog-cat-panda/02440.jpg,panda
dog-cat-panda/02441.jpg,panda
dog-cat-panda/02442.jpg,panda
dog-cat-panda/02443.jpg,panda
dog-cat-panda/02444.jpg,panda
dog-cat-panda/02445.jpg,panda
dog-cat-panda/02446.jpg,panda
dog-cat-panda/02447.jpg,panda
dog-cat-panda/02448.jpg,panda
dog-cat-panda/02449.jpg,panda
dog-cat-panda/02450.jpg,panda
dog-cat-panda/02451.jpg,panda
dog-cat-panda/02452.jpg,panda
dog-cat-panda/02453.jpg,panda
dog-cat-panda/02454.jpg,panda
dog-cat-panda/02455.jpg,panda
dog-cat-panda/02456.jpg,panda
dog-cat-panda/02457.jpg,panda
dog-cat-panda/02458.jpg,panda
dog-cat-panda/02459.jpg,panda
dog-cat-panda/02460.jpg,panda
dog-cat-panda/02461.jpg,panda
dog-cat-panda/02462.jpg,panda
dog-cat-panda/02463.jpg,panda
dog-cat-panda/02464.jpg,panda
dog-cat-panda/02465.jpg,panda
dog-cat-panda/02467.jpg,panda
dog-cat-panda/02468.jpg,panda
dog-cat-panda/02469.jpg,panda
dog-cat-panda/02470.jpg,panda
dog-cat-panda/02471.jpg,panda
dog-cat-panda/02472.jpg,panda
dog-cat-panda/02473.jpg,panda
dog-cat-panda/02474.jpg,panda
dog-cat-panda/02475.jpg,panda
dog-cat-panda/02476.jpg,panda
dog-cat-panda/02477.jpg,panda
dog-cat-panda/02478.jpg,panda
dog-cat-panda/02479.jpg,panda
dog-cat-panda/02480.jpg,panda
dog-cat-panda/02481.jpg,panda
dog-cat-panda/02482.jpg,panda
dog-cat-panda/02483.jpg,panda
dog-cat-panda/02484.jpg,panda
dog-cat-panda/02485.jpg,panda
dog-cat-panda/02486.jpg,panda
dog-cat-panda/02487.jpg,panda
dog-cat-panda/02488.jpg,panda
dog-cat-panda/02489.jpg,panda
dog-cat-panda/02490.jpg,panda
dog-cat-panda/02491.jpg,panda
dog-cat-panda/02492.jpg,panda
dog-cat-panda/02493.jpg,panda
dog-cat-panda/02494.jpg,panda
dog-cat-panda/02495.jpg,panda
dog-cat-panda/02496.jpg,panda
dog-cat-panda/02497.jpg,panda
dog-cat-panda/02498.jpg,panda
dog-cat-panda/02499.jpg,panda
dog-cat-panda/02500.jpg,panda
dog-cat-panda/02501.jpg,panda
dog-cat-panda/02502.jpg,panda
dog-cat-panda/02503.jpg,panda
dog-cat-panda/02504.jpg,panda
dog-cat-panda/02505.jpg,panda
dog-cat-panda/02506.jpg,panda
dog-cat-panda/02507.jpg,panda
dog-cat-panda/02508.jpg,panda
dog-cat-panda/02509.jpg,panda
dog-cat-panda/02510.jpg,panda
dog-cat-panda/02511.jpg,panda
dog-cat-panda/02512.jpg,panda
dog-cat-panda/02513.jpg,panda
dog-cat-panda/02514.jpg,panda
dog-cat-panda/02515.jpg,panda
dog-cat-panda/02516.jpg,panda
dog-cat-panda/02517.jpg,panda
dog-cat-panda/02518.jpg,panda
dog-cat-panda/02519.jpg,panda
dog-cat-panda/02520.jpg,panda
dog-cat-panda/02521.jpg,panda
dog-cat-panda/02522.jpg,panda
dog-cat-panda/02523.jpg,panda
dog-cat-panda/02524.jpg,panda
dog-cat-panda/02525.jpg,panda
dog-cat-panda/02526.jpg,panda
dog-cat-panda/02527.jpg,panda
dog-cat-panda/02528.jpg,panda
dog-cat-panda/02529.jpg,panda
dog-cat-panda/02530.jpg,panda
dog-cat-panda/02531.jpg,panda
dog-cat-panda/02532.jpg,panda
dog-cat-panda/02533.jpg,panda
dog-cat-panda/02534.jpg,panda
dog-cat-panda/02535.jpg,panda
dog-cat-panda/02536.jpg,panda
dog-cat-panda/02537.jpg,panda
dog-cat-panda/02538.jpg,panda
dog-cat-panda/02539.jpg,panda
dog-cat-panda/02540.jpg,panda
dog-cat-panda/02541.jpg,panda
dog-cat-panda/02542.jpg,panda
dog-cat-panda/02543.jpg,panda
dog-cat-panda/02544.jpg,panda
dog-cat-panda/02545.jpg,panda
dog-cat-panda/02546.jpg,panda
dog-cat-panda/02547.jpg,panda
dog-cat-panda/02548.jpg,panda
dog-cat-panda/02549.jpg,panda
dog-cat-panda/02550.jpg,panda
dog-cat-panda/02551.jpg,panda
dog-cat-panda/02552.jpg,panda
dog-cat-panda/02553.jpg,panda
dog-cat-panda/02554.jpg,panda
dog-cat-panda/02555.jpg,panda
dog-cat-panda/02556.jpg,panda
dog-cat-panda/02557.jpg,panda
dog-cat-panda/02558.jpg,panda
dog-cat-panda/02559.jpg,panda
dog-cat-panda/02561.jpg,panda
dog-cat-panda/02562.jpg,panda
dog-cat-panda/02563.jpg,panda
dog-cat-panda/02564.jpg,panda
dog-cat-panda/02565.jpg,panda
dog-cat-panda/02566.jpg,panda
dog-cat-panda/02567.jpg,panda
dog-cat-panda/02568.jpg,panda
dog-cat-panda/02569.jpg,panda
dog-cat-panda/02570.jpg,panda
dog-cat-panda/02571.jpg,panda
dog-cat-panda/02572.jpg,panda
dog-cat-panda/02573.jpg,panda
dog-cat-panda/02574.jpg,panda
dog-cat-panda/02575.jpg,panda
dog-cat-panda/02576.jpg,panda
dog-cat-panda/02577.jpg,panda
dog-cat-panda/02578.jpg,panda
dog-cat-panda/02579.jpg,panda
dog-cat-panda/02580.jpg,panda
dog-cat-panda/02581.jpg,panda
dog-cat-panda/02582.jpg,panda
dog-cat-panda/02583.jpg,panda
dog-cat-panda/02584.jpg,panda
dog-cat-panda/02585.jpg,panda
dog-cat-panda/02586.jpg,panda
dog-cat-panda/02587.jpg,panda
dog-cat-panda/02588.jpg,panda
dog-cat-panda/02589.jpg,panda
dog-cat-panda/02590.jpg,panda
dog-cat-panda/02591.jpg,panda
dog-cat-panda/02592.jpg,panda
dog-cat-panda/02593.jpg,panda
dog-cat-panda/02594.jpg,panda
dog-cat-panda/02595.jpg,panda
dog-cat-panda/02596.jpg,panda
dog-cat-panda/02597.jpg,panda
dog-cat-panda/02598.jpg,panda
dog-cat-panda/02599.jpg,panda
dog-cat-panda/02600.jpg,panda
dog-cat-panda/02601.jpg,panda
dog-cat-panda/02602.jpg,panda
dog-cat-panda/02603.jpg,panda
dog-cat-panda/02604.jpg,panda
dog-cat-panda/02605.jpg,panda
dog-cat-panda/02606.jpg,panda
dog-cat-panda/02607.jpg,panda
dog-cat-panda/02608.jpg,panda
dog-cat-panda/02609.jpg,panda
dog-cat-panda/02610.jpg,panda
dog-cat-panda/02611.jpg,panda
dog-cat-panda/02612.jpg,panda
dog-cat-panda/02613.jpg,panda
dog-cat-panda/02614.jpg,panda
dog-cat-panda/02615.jpg,panda
dog-cat-panda/02616.jpg,panda
dog-cat-panda/02617.jpg,panda
dog-cat-panda/02618.jpg,panda
dog-cat-panda/02619.jpg,panda
dog-cat-panda/02620.jpg,panda
dog-cat-panda/02621.jpg,panda
dog-cat-panda/02622.jpg,panda
dog-cat-panda/02623.jpg,panda
dog-cat-panda/02624.jpg,panda
dog-cat-panda/02625.jpg,panda
dog-cat-panda/02626.jpg,panda
dog-cat-panda/02627.jpg,panda
dog-cat-panda/02628.jpg,panda
dog-cat-panda/02629.jpg,panda
dog-cat-panda/02630.jpg,panda
dog-cat-panda/02631.jpg,panda
dog-cat-panda/02632.jpg,panda
dog-cat-panda/02633.jpg,panda
dog-cat-panda/02634.jpg,panda
dog-cat-panda/02635.jpg,panda
dog-cat-panda/02636.jpg,panda
dog-cat-panda/02637.jpg,panda
dog-cat-panda/02638.jpg,panda
dog-cat-panda/02639.jpg,panda
dog-cat-panda/02640.jpg,panda
dog-cat-panda/02641.jpg,panda
dog-cat-panda/02642.jpg,panda
dog-cat-panda/02643.jpg,panda
dog-cat-panda/02644.jpg,panda
dog-cat-panda/02645.jpg,panda
dog-cat-panda/02646.jpg,panda
dog-cat-panda/02647.jpg,panda
dog-cat-panda/02648.jpg,panda
dog-cat-panda/02649.jpg,panda
dog-cat-panda/02650.jpg,panda
dog-cat-panda/02651.jpg,panda
dog-cat-panda/02652.jpg,panda
dog-cat-panda/02653.jpg,panda
dog-cat-panda/02654.jpg,panda
dog-cat-panda/02655.jpg,panda
dog-cat-panda/02656.jpg,panda
dog-cat-panda/02657.jpg,panda
dog-cat-panda/02658.jpg,panda
dog-cat-panda/02659.jpg,panda
dog-cat-panda/02660.jpg,panda
dog-cat-panda/02661.jpg,panda
dog-cat-panda/02662.jpg,panda
dog-cat-panda/02663.jpg,panda
dog-cat-panda/02664.jpg,panda
dog-cat-panda/02665.jpg,panda
dog-cat-panda/02666.jpg,panda
dog-cat-panda/02667.jpg,panda
dog-cat-panda/02668.jpg,panda
dog-cat-panda/02669.jpg,panda
dog-cat-panda/02670.jpg,panda
dog-cat-panda/02671.jpg,panda
dog-cat-panda/02672.jpg,panda
dog-cat-panda/02673.jpg,panda
dog-cat-panda/02674.jpg,panda
dog-cat-panda/02675.jpg,panda
dog-cat-panda/02676.jpg,panda
dog-cat-panda/02677.jpg,panda
dog-cat-panda/02678.jpg,panda
dog-cat-panda/02679.jpg,panda
dog-cat-panda/02680.jpg,panda
dog-cat-panda/02681.jpg,panda
dog-cat-panda/02682.jpg,panda
dog-cat-panda/02683.jpg,panda
dog-cat-panda/02684.jpg,panda
dog-cat-panda/02685.jpg,panda
dog-cat-panda/02686.jpg,panda
dog-cat-panda/02687.jpg,panda
dog-cat-panda/02688.jpg,panda
dog-cat-panda/02689.jpg,panda
dog-cat-panda/02690.jpg,panda
dog-cat-panda/02691.jpg,panda
dog-cat-panda/02692.jpg,panda
dog-cat-panda/02693.jpg,panda
dog-cat-panda/02694.jpg,panda
dog-cat-panda/02695.jpg,panda
dog-cat-panda/02696.jpg,panda
dog-cat-panda/02697.jpg,panda
dog-cat-panda/02698.jpg,panda
dog-cat-panda/02699.jpg,panda
dog-cat-panda/02700.jpg,panda
dog-cat-panda/02701.jpg,panda
dog-cat-panda/02702.jpg,panda
dog-cat-panda/02703.jpg,panda
dog-cat-panda/02704.jpg,panda
dog-cat-panda/02705.jpg,panda
dog-cat-panda/02706.jpg,panda
dog-cat-panda/02707.jpg,panda
dog-cat-panda/02708.jpg,panda
dog-cat-panda/02709.jpg,panda
dog-cat-panda/02710.jpg,panda
dog-cat-panda/02711.jpg,panda
dog-cat-panda/02712.jpg,panda
dog-cat-panda/02713.jpg,panda
dog-cat-panda/02714.jpg,panda
dog-cat-panda/02715.jpg,panda
dog-cat-panda/02716.jpg,panda
dog-cat-panda/02717.jpg,panda
dog-cat-panda/02718.jpg,panda
dog-cat-panda/02719.jpg,panda
dog-cat-panda/02720.jpg,panda
dog-cat-panda/02721.jpg,panda
dog-cat-panda/02722.jpg,panda
dog-cat-panda/02723.jpg,panda
dog-cat-panda/02724.jpg,panda
dog-cat-panda/02725.jpg,panda
dog-cat-panda/02726.jpg,panda
dog-cat-panda/02727.jpg,panda
dog-cat-panda/02728.jpg,panda
dog-cat-panda/02729.jpg,panda
dog-cat-panda/02730.jpg,panda
dog-cat-panda/02731.jpg,panda
dog-cat-panda/02732.jpg,panda
dog-cat-panda/02733.jpg,panda
dog-cat-panda/02734.jpg,panda
dog-cat-panda/02735.jpg,panda
dog-cat-panda/02736.jpg,panda
dog-cat-panda/02737.jpg,panda
dog-cat-panda/02738.jpg,panda
dog-cat-panda/02739.jpg,panda
dog-cat-panda/02740.jpg,panda
dog-cat-panda/02741.jpg,panda
dog-cat-panda/02742.jpg,panda
dog-cat-panda/02743.jpg,panda
dog-cat-panda/02744.jpg,panda
dog-cat-panda/02745.jpg,panda
dog-cat-panda/02746.jpg,panda
dog-cat-panda/02747.jpg,panda
dog-cat-panda/02748.jpg,panda
dog-cat-panda/02749.jpg,panda
dog-cat-panda/02750.jpg,panda
dog-cat-panda/02751.jpg,panda
dog-cat-panda/02752.jpg,panda
dog-cat-panda/02753.jpg,panda
dog-cat-panda/02754.jpg,panda
dog-cat-panda/02755.jpg,panda
dog-cat-panda/02756.jpg,panda
dog-cat-panda/02757.jpg,panda
dog-cat-panda/02758.jpg,panda
dog-cat-panda/02759.jpg,panda
dog-cat-panda/02760.jpg,panda
dog-cat-panda/02761.jpg,panda
dog-cat-panda/02762.jpg,panda
dog-cat-panda/02763.jpg,panda
dog-cat-panda/02764.jpg,panda
dog-cat-panda/02765.jpg,panda
dog-cat-panda/02766.jpg,panda
dog-cat-panda/02767.jpg,panda
dog-cat-panda/02768.jpg,panda
dog-cat-panda/02769.jpg,panda
dog-cat-panda/02770.jpg,panda
dog-cat-panda/02771.jpg,panda
dog-cat-panda/02772.jpg,panda
dog-cat-panda/02773.jpg,panda
dog-cat-panda/02774.jpg,panda
dog-cat-panda/02775.jpg,panda
dog-cat-panda/02776.jpg,panda
dog-cat-panda/02777.jpg,panda
dog-cat-panda/02778.jpg,panda
dog-cat-panda/02779.jpg,panda
dog-cat-panda/02780.jpg,panda
dog-cat-panda/02781.jpg,panda
dog-cat-panda/02782.jpg,panda
dog-cat-panda/02783.jpg,panda
dog-cat-panda/02784.jpg,panda
dog-cat-panda/02785.jpg,panda
dog-cat-panda/02786.jpg,panda
dog-cat-panda/02787.jpg,panda
dog-cat-panda/02788.jpg,panda
dog-cat-panda/02789.jpg,panda
dog-cat-panda/02790.jpg,panda
dog-cat-panda/02791.jpg,panda
dog-cat-panda/02792.jpg,panda
dog-cat-panda/02793.jpg,panda
dog-cat-panda/02794.jpg,panda
dog-cat-panda/02795.jpg,panda
dog-cat-panda/02796.jpg,panda
dog-cat-panda/02797.jpg,panda
dog-cat-panda/02798.jpg,panda
dog-cat-panda/02799.jpg,panda
dog-cat-panda/02800.jpg,panda
dog-cat-panda/02801.jpg,panda
dog-cat-panda/02802.jpg,panda
dog-cat-panda/02803.jpg,panda
dog-cat-panda/02804.jpg,panda
dog-cat-panda/02805.jpg,panda
dog-cat-panda/02806.jpg,panda
dog-cat-panda/02807.jpg,panda
dog-cat-panda/02808.jpg,panda
dog-cat-panda/02809.jpg,panda
dog-cat-panda/02810.jpg,panda
dog-cat-panda/02811.jpg,panda
dog-cat-panda/02812.jpg,panda
dog-cat-panda/02813.jpg,panda
dog-cat-panda/02814.jpg,panda
dog-cat-panda/02815.jpg,panda
dog-cat-panda/02816.jpg,panda
dog-cat-panda/02817.jpg,panda
dog-cat-panda/02818.jpg,panda
dog-cat-panda/02819.jpg,panda
dog-cat-panda/02820.jpg,panda
dog-cat-panda/02821.jpg,panda
dog-cat-panda/02822.jpg,panda
dog-cat-panda/02823.jpg,panda
dog-cat-panda/02824.jpg,panda
dog-cat-panda/02825.jpg,panda
dog-cat-panda/02826.jpg,panda
dog-cat-panda/02827.jpg,panda
dog-cat-panda/02828.jpg,panda
dog-cat-panda/02829.jpg,panda
dog-cat-panda/02830.jpg,panda
dog-cat-panda/02831.jpg,panda
dog-cat-panda/02832.jpg,panda
dog-cat-panda/02833.jpg,panda
dog-cat-panda/02834.jpg,panda
dog-cat-panda/02835.jpg,panda
dog-cat-panda/02836.jpg,panda
dog-cat-panda/02837.jpg,panda
dog-cat-panda/02838.jpg,panda
dog-cat-panda/02839.jpg,panda
dog-cat-panda/02840.jpg,panda
dog-cat-panda/02841.jpg,panda
dog-cat-panda/02842.jpg,panda
dog-cat-panda/02843.jpg,panda
dog-cat-panda/02844.jpg,panda
dog-cat-panda/02845.jpg,panda
dog-cat-panda/02846.jpg,panda
dog-cat-panda/02847.jpg,panda
dog-cat-panda/02848.jpg,panda
dog-cat-panda/02849.jpg,panda
dog-cat-panda/02850.jpg,panda
dog-cat-panda/02851.jpg,panda
dog-cat-panda/02852.jpg,panda
dog-cat-panda/02853.jpg,panda
dog-cat-panda/02854.jpg,panda
dog-cat-panda/02855.jpg,panda
dog-cat-panda/02856.jpg,panda
dog-cat-panda/02857.jpg,panda
dog-cat-panda/02858.jpg,panda
dog-cat-panda/02859.jpg,panda
dog-cat-panda/02860.jpg,panda
dog-cat-panda/02861.jpg,panda
dog-cat-panda/02862.jpg,panda
dog-cat-panda/02863.jpg,panda
dog-cat-panda/02864.jpg,panda
dog-cat-panda/02865.jpg,panda
dog-cat-panda/02866.jpg,panda
dog-cat-panda/02867.jpg,panda
dog-cat-panda/02868.jpg,panda
dog-cat-panda/02869.jpg,panda
dog-cat-panda/02870.jpg,panda
dog-cat-panda/02871.jpg,panda
dog-cat-panda/02872.jpg,panda
dog-cat-panda/02873.jpg,panda
dog-cat-panda/02874.jpg,panda
dog-cat-panda/02875.jpg,panda
dog-cat-panda/02876.jpg,panda
dog-cat-panda/02877.jpg,panda
dog-cat-panda/02878.jpg,panda
dog-cat-panda/02879.jpg,panda
dog-cat-panda/02880.jpg,panda
dog-cat-panda/02881.jpg,panda
dog-cat-panda/02882.jpg,panda
dog-cat-panda/02883.jpg,panda
dog-cat-panda/02884.jpg,panda
dog-cat-panda/02885.jpg,panda
dog-cat-panda/02886.jpg,panda
dog-cat-panda/02887.jpg,panda
dog-cat-panda/02888.jpg,panda
dog-cat-panda/02889.jpg,panda
dog-cat-panda/02890.jpg,panda
dog-cat-panda/02891.jpg,panda
dog-cat-panda/02892.jpg,panda
dog-cat-panda/02893.jpg,panda
dog-cat-panda/02894.jpg,panda
dog-cat-panda/02895.jpg,panda
dog-cat-panda/02896.jpg,panda
dog-cat-panda/02897.jpg,panda
dog-cat-panda/02898.jpg,panda
dog-cat-panda/02899.jpg,panda
dog-cat-panda/02900.jpg,panda
dog-cat-panda/02901.jpg,panda
dog-cat-panda/02902.jpg,panda
dog-cat-panda/02903.jpg,panda
dog-cat-panda/02904.jpg,panda
dog-cat-panda/02905.jpg,panda
dog-cat-panda/02906.jpg,panda
dog-cat-panda/02907.jpg,panda
dog-cat-panda/02908.jpg,panda
dog-cat-panda/02909.jpg,panda
dog-cat-panda/02910.jpg,panda
dog-cat-panda/02911.jpg,panda
dog-cat-panda/02912.jpg,panda
dog-cat-panda/02913.jpg,panda
dog-cat-panda/02914.jpg,panda
dog-cat-panda/02915.jpg,panda
dog-cat-panda/02916.jpg,panda
dog-cat-panda/02917.jpg,panda
dog-cat-panda/02918.jpg,panda
dog-cat-panda/02919.jpg,panda
dog-cat-panda/02920.jpg,panda
dog-cat-panda/02921.jpg,panda
dog-cat-panda/02922.jpg,panda
dog-cat-panda/02923.jpg,panda
dog-cat-panda/02924.jpg,panda
dog-cat-panda/02925.jpg,panda
dog-cat-panda/02926.jpg,panda
dog-cat-panda/02927.jpg,panda
dog-cat-panda/02928.jpg,panda
dog-cat-panda/02929.jpg,panda
dog-cat-panda/02930.jpg,panda
dog-cat-panda/02931.jpg,panda
dog-cat-panda/02932.jpg,panda
dog-cat-panda/02933.jpg,panda
dog-cat-panda/02934.jpg,panda
dog-cat-panda/02935.jpg,panda
dog-cat-panda/02936.jpg,panda
dog-cat-panda/02937.jpg,panda
dog-cat-panda/02938.jpg,panda
dog-cat-panda/02939.jpg,panda
dog-cat-panda/02940.jpg,panda
dog-cat-panda/02941.jpg,panda
dog-cat-panda/02942.jpg,panda
dog-cat-panda/02943.jpg,panda
dog-cat-panda/02944.jpg,panda
dog-cat-panda/02945.jpg,panda
dog-cat-panda/02946.jpg,panda
dog-cat-panda/02947.jpg,panda
dog-cat-panda/02948.jpg,panda
dog-cat-panda/02949.jpg,panda
dog-cat-panda/02950.jpg,panda
dog-cat-panda/02951.jpg,panda
dog-cat-panda/02952.jpg,panda
dog-cat-panda/02953.jpg,panda
dog-cat-panda/02954.jpg,panda
dog-cat-panda/02955.jpg,panda
dog-cat-panda/02956.jpg,panda
dog-cat-panda/02957.jpg,panda
dog-cat-panda/02958.jpg,panda
dog-cat-panda/02959.jpg,panda
dog-cat-panda/02960.jpg,panda
dog-cat-panda/02961.jpg,panda
dog-cat-panda/02962.jpg,panda
dog-cat-panda/02963.jpg,panda
dog-cat-panda/02964.jpg,panda
dog-cat-panda/02965.jpg,panda
dog-cat-panda/02966.jpg,panda
dog-cat-panda/02967.jpg,panda
dog-cat-panda/02968.jpg,panda
dog-cat-panda/02969.jpg,panda
dog-cat-panda/02970.jpg,panda
dog-cat-panda/02971.jpg,panda
dog-cat-panda/02972.jpg,panda
dog-cat-panda/02973.jpg,panda
dog-cat-panda/02974.jpg,panda
dog-cat-panda/02975.jpg,panda
dog-cat-panda/02976.jpg,panda
dog-cat-panda/02977.jpg,panda
dog-cat-panda/02978.jpg,panda
dog-cat-panda/02979.jpg,panda
dog-cat-panda/02980.jpg,panda
dog-cat-panda/02981.jpg,panda
dog-cat-panda/02982.jpg,panda
dog-cat-panda/02983.jpg,panda
dog-cat-panda/02984.jpg,panda
dog-cat-panda/02985.jpg,panda
dog-cat-panda/02986.jpg,panda
dog-cat-panda/02987.jpg,panda
dog-cat-panda/02988.jpg,panda
dog-cat-panda/02989.jpg,panda
dog-cat-panda/02990.jpg,panda
dog-cat-panda/02991.jpg,panda
dog-cat-panda/02992.jpg,panda
dog-cat-panda/02993.jpg,panda
dog-cat-panda/02994.jpg,panda
dog-cat-panda/02995.jpg,panda
dog-cat-panda/02996.jpg,panda
dog-cat-panda/02997.jpg,panda
dog-cat-panda/02998.jpg,panda
dog-cat-panda/02999.jpg,panda
dog-cat-panda/03000.jpg,panda
dog-cat-panda/03001.jpg,panda
dog-cat-panda/03002.jpg,panda
