image,label
flower-10/0000.jpg,tulip
flower-10/0001.jpg,peonies
flower-10/0002.jpg,peonies
flower-10/0003.jpg,hibiscus
flower-10/0004.jpg,daisies
flower-10/0005.jpg,garden
flower-10/0006.jpg,lilies
flower-10/0007.jpg,garden
flower-10/0008.jpg,tulip
flower-10/0009.jpg,lilies
flower-10/0010.jpg,peonies
flower-10/0011.jpg,hydrangeas
flower-10/0012.jpg,hibiscus
flower-10/0015.jpg,peonies
flower-10/0016.jpg,hibiscus
flower-10/0017.jpg,peonies
flower-10/0018.jpg,lilies
flower-10/0019.jpg,peonies
flower-10/0020.jpg,hydrangeas
flower-10/0021.jpg,daisies
flower-10/0022.jpg,hibiscus
flower-10/0023.jpg,daisies
flower-10/0024.jpg,lilies
flower-10/0026.jpg,orchids
flower-10/0027.jpg,lilies
flower-10/0028.jpg,bougainvillea
flower-10/0029.jpg,hibiscus
flower-10/0030.jpg,daisies
flower-10/0031.jpg,hydrangeas
flower-10/0032.jpg,peonies
flower-10/0033.jpg,lilies
flower-10/0034.jpg,orchids
flower-10/0035.jpg,bougainvillea
flower-10/0036.jpg,lilies
flower-10/0037.jpg,garden
flower-10/0038.jpg,lilies
flower-10/0039.jpg,peonies
flower-10/0040.jpg,bougainvillea
flower-10/0041.jpg,orchids
flower-10/0042.jpg,peonies
flower-10/0043.jpg,hydrangeas
flower-10/0044.jpg,lilies
flower-10/0046.jpg,peonies
flower-10/0047.jpg,peonies
flower-10/0048.jpg,lilies
flower-10/0049.jpg,lilies
flower-10/0051.jpg,hibiscus
flower-10/0052.jpg,garden
flower-10/0053.jpg,lilies
flower-10/0054.jpg,peonies
flower-10/0055.jpg,garden
flower-10/0056.jpg,lilies
flower-10/0057.jpg,gardenias
flower-10/0058.jpg,gardenias
flower-10/0059.jpg,tulip
flower-10/0060.jpg,gardenias
flower-10/0061.jpg,hibiscus
flower-10/0062.jpg,hibiscus
flower-10/0063.jpg,hydrangeas
flower-10/0066.jpg,tulip
flower-10/0067.jpg,lilies
flower-10/0068.jpg,tulip
flower-10/0069.jpg,tulip
flower-10/0070.jpg,hydrangeas
flower-10/0071.jpg,orchids
flower-10/0072.jpg,garden
flower-10/0073.jpg,bougainvillea
flower-10/0074.jpg,bougainvillea
flower-10/0075.jpg,garden
flower-10/0076.jpg,peonies
flower-10/0077.jpg,tulip
flower-10/0078.jpg,lilies
flower-10/0079.jpg,hibiscus
flower-10/0080.jpg,peonies
flower-10/0082.jpg,hydrangeas
flower-10/0083.jpg,peonies
flower-10/0084.jpg,peonies
flower-10/0085.jpg,bougainvillea
flower-10/0087.jpg,daisies
flower-10/0088.jpg,hydrangeas
flower-10/0089.jpg,gardenias
flower-10/0090.jpg,hibiscus
flower-10/0091.jpg,gardenias
flower-10/0092.jpg,daisies
flower-10/0093.jpg,daisies
flower-10/0094.jpg,garden
flower-10/0096.jpg,garden
flower-10/0097.jpg,garden
flower-10/0098.jpg,gardenias
flower-10/0099.jpg,hibiscus
flower-10/0100.jpg,hibiscus
flower-10/0101.jpg,garden
flower-10/0102.jpg,hydrangeas
flower-10/0103.jpg,gardenias
flower-10/0104.jpg,peonies
flower-10/0106.jpg,gardenias
flower-10/0107.jpg,daisies
flower-10/0108.jpg,peonies
flower-10/0109.jpg,tulip
flower-10/0111.jpg,lilies
flower-10/0112.jpg,hibiscus
flower-10/0113.jpg,hibiscus
flower-10/0114.jpg,bougainvillea
flower-10/0116.jpg,tulip
flower-10/0117.jpg,hydrangeas
flower-10/0118.jpg,garden
flower-10/0119.jpg,bougainvillea
flower-10/0120.jpg,peonies
flower-10/0122.jpg,gardenias
flower-10/0124.jpg,hydrangeas
flower-10/0125.jpg,peonies
flower-10/0126.jpg,gardenias
flower-10/0127.jpg,garden
flower-10/0128.jpg,bougainvillea
flower-10/0129.jpg,gardenias
flower-10/0130.jpg,orchids
flower-10/0131.jpg,bougainvillea
flower-10/0132.jpg,hibiscus
flower-10/0133.jpg,tulip
flower-10/0135.jpg,tulip
flower-10/0136.jpg,hibiscus
flower-10/0137.jpg,bougainvillea
flower-10/0138.jpg,lilies
flower-10/0139.jpg,orchids
flower-10/0140.jpg,gardenias
flower-10/0141.jpg,peonies
flower-10/0142.jpg,lilies
flower-10/0143.jpg,lilies
flower-10/0144.jpg,orchids
flower-10/0146.jpg,peonies
flower-10/0147.jpg,bougainvillea
flower-10/0148.jpg,tulip
flower-10/0149.jpg,tulip
flower-10/0150.jpg,garden
flower-10/0151.jpg,daisies
flower-10/0152.jpg,daisies
flower-10/0153.jpg,gardenias
flower-10/0154.jpg,peonies
flower-10/0155.jpg,orchids
flower-10/0156.jpg,bougainvillea
flower-10/0157.jpg,bougainvillea
flower-10/0158.jpg,gardenias
flower-10/0159.jpg,orchids
flower-10/0160.jpg,hydrangeas
flower-10/0161.jpg,tulip
flower-10/0162.jpg,lilies
flower-10/0163.jpg,lilies
flower-10/0164.jpg,daisies
flower-10/0165.jpg,tulip
flower-10/0166.jpg,bougainvillea
flower-10/0167.jpg,hydrangeas
flower-10/0168.jpg,lilies
flower-10/0169.jpg,garden
flower-10/0170.jpg,tulip
flower-10/0171.jpg,garden
flower-10/0172.jpg,peonies
flower-10/0174.jpg,lilies
flower-10/0176.jpg,garden
flower-10/0177.jpg,bougainvillea
flower-10/0178.jpg,lilies
flower-10/0179.jpg,peonies
flower-10/0180.jpg,orchids
flower-10/0182.jpg,gardenias
flower-10/0183.jpg,hibiscus
flower-10/0184.jpg,lilies
flower-10/0185.jpg,orchids
flower-10/0186.jpg,lilies
flower-10/0187.jpg,orchids
flower-10/0188.jpg,garden
flower-10/0189.jpg,tulip
flower-10/0190.jpg,hydrangeas
flower-10/0191.jpg,garden
flower-10/0192.jpg,orchids
flower-10/0193.jpg,peonies
flower-10/0194.jpg,peonies
flower-10/0195.jpg,bougainvillea
flower-10/0196.jpg,hibiscus
flower-10/0197.jpg,garden
flower-10/0198.jpg,orchids
flower-10/0199.jpg,lilies
flower-10/0200.jpg,gardenias
flower-10/0201.jpg,hydrangeas
flower-10/0203.jpg,bougainvillea
flower-10/0204.jpg,gardenias
flower-10/0205.jpg,orchids
flower-10/0206.jpg,hibiscus
flower-10/0207.jpg,daisies
flower-10/0208.jpg,orchids
flower-10/0209.jpg,tulip
flower-10/0210.jpg,bougainvillea
flower-10/0211.jpg,hibiscus
flower-10/0212.jpg,peonies
flower-10/0213.jpg,bougainvillea
flower-10/0214.jpg,tulip
flower-10/0215.jpg,tulip
flower-10/0216.jpg,gardenias
flower-10/0217.jpg,orchids
flower-10/0218.jpg,hydrangeas
flower-10/0220.jpg,hibiscus
flower-10/0221.jpg,bougainvillea
flower-10/0222.jpg,daisies
flower-10/0223.jpg,peonies
flower-10/0224.jpg,daisies
flower-10/0225.jpg,gardenias
flower-10/0226.jpg,orchids
flower-10/0227.jpg,hibiscus
flower-10/0228.jpg,bougainvillea
flower-10/0230.jpg,tulip
flower-10/0231.jpg,daisies
flower-10/0232.jpg,tulip
flower-10/0233.jpg,daisies
flower-10/0234.jpg,gardenias
flower-10/0235.jpg,peonies
flower-10/0236.jpg,orchids
flower-10/0237.jpg,hibiscus
flower-10/0238.jpg,daisies
flower-10/0239.jpg,bougainvillea
flower-10/0241.jpg,hibiscus
flower-10/0242.jpg,bougainvillea
flower-10/0243.jpg,tulip
flower-10/0244.jpg,hydrangeas
flower-10/0245.jpg,gardenias
flower-10/0247.jpg,hydrangeas
flower-10/0248.jpg,bougainvillea
flower-10/0249.jpg,hydrangeas
flower-10/0250.jpg,lilies
flower-10/0251.jpg,lilies
flower-10/0253.jpg,hibiscus
flower-10/0254.jpg,lilies
flower-10/0255.jpg,tulip
flower-10/0256.jpg,garden
flower-10/0257.jpg,bougainvillea
flower-10/0258.jpg,hydrangeas
flower-10/0260.jpg,tulip
flower-10/0261.jpg,tulip
flower-10/0262.jpg,daisies
flower-10/0263.jpg,daisies
flower-10/0264.jpg,lilies
flower-10/0265.jpg,hibiscus
flower-10/0266.jpg,orchids
flower-10/0267.jpg,orchids
flower-10/0268.jpg,orchids
flower-10/0269.jpg,peonies
flower-10/0270.jpg,tulip
flower-10/0271.jpg,bougainvillea
flower-10/0272.jpg,garden
flower-10/0273.jpg,daisies
flower-10/0274.jpg,gardenias
flower-10/0275.jpg,daisies
flower-10/0276.jpg,tulip
flower-10/0277.jpg,peonies
flower-10/0278.jpg,tulip
flower-10/0279.jpg,garden
flower-10/0280.jpg,daisies
flower-10/0281.jpg,orchids
flower-10/0282.jpg,peonies
flower-10/0283.jpg,peonies
flower-10/0284.jpg,bougainvillea
flower-10/0285.jpg,bougainvillea
flower-10/0286.jpg,bougainvillea
flower-10/0287.jpg,tulip
flower-10/0289.jpg,hibiscus
flower-10/0290.jpg,hydrangeas
flower-10/0291.jpg,bougainvillea
flower-10/0292.jpg,garden
flower-10/0293.jpg,peonies
flower-10/0294.jpg,orchids
flower-10/0295.jpg,daisies
flower-10/0296.jpg,hibiscus
flower-10/0297.jpg,garden
flower-10/0298.jpg,bougainvillea
flower-10/0299.jpg,gardenias
flower-10/0300.jpg,peonies
flower-10/0301.jpg,daisies
flower-10/0302.jpg,tulip
flower-10/0303.jpg,gardenias
flower-10/0304.jpg,orchids
flower-10/0305.jpg,hydrangeas
flower-10/0306.jpg,lilies
flower-10/0307.jpg,lilies
flower-10/0308.jpg,daisies
flower-10/0309.jpg,daisies
flower-10/0311.jpg,hibiscus
flower-10/0312.jpg,bougainvillea
flower-10/0313.jpg,gardenias
flower-10/0314.jpg,gardenias
flower-10/0315.jpg,lilies
flower-10/0316.jpg,daisies
flower-10/0317.jpg,garden
flower-10/0318.jpg,gardenias
flower-10/0319.jpg,daisies
flower-10/0320.jpg,daisies
flower-10/0322.jpg,lilies
flower-10/0323.jpg,lilies
flower-10/0324.jpg,garden
flower-10/0325.jpg,bougainvillea
flower-10/0326.jpg,bougainvillea
flower-10/0327.jpg,peonies
flower-10/0328.jpg,lilies
flower-10/0329.jpg,peonies
flower-10/0330.jpg,tulip
flower-10/0331.jpg,gardenias
flower-10/0332.jpg,hydrangeas
flower-10/0333.jpg,hydrangeas
flower-10/0334.jpg,tulip
flower-10/0335.jpg,tulip
flower-10/0336.jpg,hibiscus
flower-10/0337.jpg,bougainvillea
flower-10/0339.jpg,daisies
flower-10/0340.jpg,lilies
flower-10/0341.jpg,peonies
flower-10/0342.jpg,tulip
flower-10/0343.jpg,bougainvillea
flower-10/0344.jpg,peonies
flower-10/0345.jpg,peonies
flower-10/0346.jpg,garden
flower-10/0348.jpg,tulip
flower-10/0349.jpg,lilies
flower-10/0350.jpg,hibiscus
flower-10/0352.jpg,lilies
flower-10/0353.jpg,peonies
flower-10/0354.jpg,hibiscus
flower-10/0355.jpg,tulip
flower-10/0356.jpg,tulip
flower-10/0357.jpg,gardenias
flower-10/0358.jpg,lilies
flower-10/0359.jpg,tulip
flower-10/0360.jpg,gardenias
flower-10/0361.jpg,garden
flower-10/0362.jpg,daisies
flower-10/0363.jpg,daisies
flower-10/0365.jpg,hibiscus
flower-10/0366.jpg,bougainvillea
flower-10/0367.jpg,garden
flower-10/0369.jpg,garden
flower-10/0370.jpg,daisies
flower-10/0371.jpg,lilies
flower-10/0372.jpg,bougainvillea
flower-10/0376.jpg,orchids
flower-10/0377.jpg,bougainvillea
flower-10/0378.jpg,lilies
flower-10/0379.jpg,hibiscus
flower-10/0380.jpg,lilies
flower-10/0381.jpg,orchids
flower-10/0382.jpg,daisies
flower-10/0383.jpg,hydrangeas
flower-10/0384.jpg,hydrangeas
flower-10/0386.jpg,bougainvillea
flower-10/0387.jpg,lilies
flower-10/0388.jpg,hibiscus
flower-10/0389.jpg,gardenias
flower-10/0390.jpg,peonies
flower-10/0391.jpg,hibiscus
flower-10/0392.jpg,garden
flower-10/0393.jpg,lilies
flower-10/0394.jpg,hibiscus
flower-10/0395.jpg,peonies
flower-10/0396.jpg,gardenias
flower-10/0398.jpg,hydrangeas
flower-10/0400.jpg,orchids
flower-10/0401.jpg,garden
flower-10/0402.jpg,gardenias
flower-10/0403.jpg,daisies
flower-10/0404.jpg,daisies
flower-10/0405.jpg,gardenias
flower-10/0406.jpg,garden
flower-10/0407.jpg,orchids
flower-10/0408.jpg,lilies
flower-10/0409.jpg,lilies
flower-10/0411.jpg,daisies
flower-10/0412.jpg,hibiscus
flower-10/0413.jpg,garden
flower-10/0414.jpg,tulip
flower-10/0415.jpg,bougainvillea
flower-10/0416.jpg,garden
flower-10/0417.jpg,daisies
flower-10/0418.jpg,hibiscus
flower-10/0419.jpg,hibiscus
flower-10/0420.jpg,hibiscus
flower-10/0421.jpg,peonies
flower-10/0422.jpg,hydrangeas
flower-10/0423.jpg,garden
flower-10/0424.jpg,daisies
flower-10/0425.jpg,peonies
flower-10/0426.jpg,daisies
flower-10/0427.jpg,daisies
flower-10/0428.jpg,orchids
flower-10/0429.jpg,hydrangeas
flower-10/0430.jpg,lilies
flower-10/0431.jpg,tulip
flower-10/0432.jpg,tulip
flower-10/0433.jpg,daisies
flower-10/0434.jpg,daisies
flower-10/0435.jpg,daisies
flower-10/0436.jpg,daisies
flower-10/0437.jpg,orchids
flower-10/0439.jpg,bougainvillea
flower-10/0440.jpg,orchids
flower-10/0441.jpg,lilies
flower-10/0442.jpg,tulip
flower-10/0443.jpg,tulip
flower-10/0444.jpg,daisies
flower-10/0445.jpg,garden
flower-10/0446.jpg,lilies
flower-10/0447.jpg,orchids
flower-10/0449.jpg,gardenias
flower-10/0450.jpg,bougainvillea
flower-10/0451.jpg,hibiscus
flower-10/0452.jpg,peonies
flower-10/0453.jpg,hibiscus
flower-10/0454.jpg,garden
flower-10/0455.jpg,orchids
flower-10/0456.jpg,daisies
flower-10/0457.jpg,hibiscus
flower-10/0458.jpg,orchids
flower-10/0459.jpg,orchids
flower-10/0460.jpg,bougainvillea
flower-10/0461.jpg,tulip
flower-10/0462.jpg,garden
flower-10/0463.jpg,hydrangeas
flower-10/0464.jpg,lilies
flower-10/0465.jpg,bougainvillea
flower-10/0466.jpg,gardenias
flower-10/0467.jpg,peonies
flower-10/0468.jpg,hibiscus
flower-10/0469.jpg,daisies
flower-10/0470.jpg,gardenias
flower-10/0471.jpg,gardenias
flower-10/0472.jpg,lilies
flower-10/0473.jpg,hydrangeas
flower-10/0474.jpg,gardenias
flower-10/0475.jpg,gardenias
flower-10/0476.jpg,orchids
flower-10/0477.jpg,orchids
flower-10/0478.jpg,peonies
flower-10/0479.jpg,gardenias
flower-10/0480.jpg,garden
flower-10/0481.jpg,bougainvillea
flower-10/0482.jpg,tulip
flower-10/0483.jpg,gardenias
flower-10/0484.jpg,daisies
flower-10/0485.jpg,peonies
flower-10/0486.jpg,orchids
flower-10/0487.jpg,hydrangeas
flower-10/0488.jpg,daisies
flower-10/0489.jpg,bougainvillea
flower-10/0490.jpg,hydrangeas
flower-10/0491.jpg,bougainvillea
flower-10/0492.jpg,lilies
flower-10/0494.jpg,peonies
flower-10/0496.jpg,hydrangeas
flower-10/0497.jpg,hibiscus
flower-10/0498.jpg,peonies
flower-10/0501.jpg,lilies
flower-10/0503.jpg,hibiscus
flower-10/0504.jpg,orchids
flower-10/0505.jpg,daisies
flower-10/0506.jpg,garden
flower-10/0507.jpg,gardenias
flower-10/0508.jpg,hydrangeas
flower-10/0509.jpg,peonies
flower-10/0510.jpg,lilies
flower-10/0511.jpg,lilies
flower-10/0512.jpg,lilies
flower-10/0513.jpg,garden
flower-10/0514.jpg,tulip
flower-10/0515.jpg,garden
flower-10/0516.jpg,daisies
flower-10/0517.jpg,garden
flower-10/0518.jpg,hydrangeas
flower-10/0519.jpg,bougainvillea
flower-10/0520.jpg,gardenias
flower-10/0521.jpg,daisies
flower-10/0523.jpg,bougainvillea
flower-10/0524.jpg,bougainvillea
flower-10/0525.jpg,orchids
flower-10/0526.jpg,gardenias
flower-10/0527.jpg,hibiscus
flower-10/0528.jpg,hibiscus
flower-10/0529.jpg,peonies
flower-10/0531.jpg,orchids
flower-10/0532.jpg,peonies
flower-10/0533.jpg,garden
flower-10/0534.jpg,orchids
flower-10/0535.jpg,hibiscus
flower-10/0536.jpg,gardenias
flower-10/0537.jpg,orchids
flower-10/0538.jpg,gardenias
flower-10/0539.jpg,daisies
flower-10/0540.jpg,bougainvillea
flower-10/0541.jpg,garden
flower-10/0542.jpg,hydrangeas
flower-10/0543.jpg,bougainvillea
flower-10/0544.jpg,peonies
flower-10/0545.jpg,garden
flower-10/0546.jpg,daisies
flower-10/0547.jpg,hibiscus
flower-10/0548.jpg,gardenias
flower-10/0549.jpg,peonies
flower-10/0550.jpg,tulip
flower-10/0551.jpg,tulip
flower-10/0552.jpg,lilies
flower-10/0553.jpg,hydrangeas
flower-10/0554.jpg,bougainvillea
flower-10/0555.jpg,hibiscus
flower-10/0556.jpg,lilies
flower-10/0557.jpg,hibiscus
flower-10/0558.jpg,peonies
flower-10/0559.jpg,garden
flower-10/0560.jpg,daisies
flower-10/0562.jpg,hibiscus
flower-10/0563.jpg,gardenias
flower-10/0564.jpg,daisies
flower-10/0565.jpg,garden
flower-10/0566.jpg,hydrangeas
flower-10/0567.jpg,hydrangeas
flower-10/0568.jpg,garden
flower-10/0569.jpg,hydrangeas
flower-10/0570.jpg,daisies
flower-10/0571.jpg,garden
flower-10/0572.jpg,bougainvillea
flower-10/0573.jpg,hibiscus
flower-10/0574.jpg,hydrangeas
flower-10/0575.jpg,tulip
flower-10/0576.jpg,daisies
flower-10/0577.jpg,tulip
flower-10/0578.jpg,orchids
flower-10/0579.jpg,gardenias
flower-10/0580.jpg,lilies
flower-10/0581.jpg,gardenias
flower-10/0582.jpg,hydrangeas
flower-10/0583.jpg,peonies
flower-10/0584.jpg,tulip
flower-10/0585.jpg,bougainvillea
flower-10/0586.jpg,lilies
flower-10/0587.jpg,orchids
flower-10/0588.jpg,bougainvillea
flower-10/0589.jpg,daisies
flower-10/0590.jpg,hydrangeas
flower-10/0591.jpg,gardenias
flower-10/0593.jpg,garden
flower-10/0594.jpg,gardenias
flower-10/0595.jpg,daisies
flower-10/0596.jpg,garden
flower-10/0597.jpg,peonies
flower-10/0598.jpg,hibiscus
flower-10/0599.jpg,orchids
flower-10/0600.jpg,lilies
flower-10/0601.jpg,lilies
flower-10/0602.jpg,lilies
flower-10/0603.jpg,hydrangeas
flower-10/0604.jpg,hydrangeas
flower-10/0605.jpg,hydrangeas
flower-10/0606.jpg,gardenias
flower-10/0607.jpg,lilies
flower-10/0608.jpg,peonies
flower-10/0609.jpg,garden
flower-10/0610.jpg,daisies
flower-10/0611.jpg,gardenias
flower-10/0612.jpg,tulip
flower-10/0613.jpg,orchids
flower-10/0614.jpg,tulip
flower-10/0615.jpg,garden
flower-10/0616.jpg,orchids
flower-10/0617.jpg,hydrangeas
flower-10/0618.jpg,gardenias
flower-10/0619.jpg,bougainvillea
flower-10/0620.jpg,gardenias
flower-10/0622.jpg,garden
flower-10/0623.jpg,orchids
flower-10/0624.jpg,daisies
flower-10/0625.jpg,bougainvillea
flower-10/0626.jpg,orchids
flower-10/0627.jpg,tulip
flower-10/0628.jpg,tulip
flower-10/0629.jpg,daisies
flower-10/0630.jpg,gardenias
flower-10/0631.jpg,hibiscus
flower-10/0632.jpg,peonies
flower-10/0633.jpg,tulip
flower-10/0634.jpg,hydrangeas
flower-10/0635.jpg,daisies
flower-10/0636.jpg,tulip
flower-10/0637.jpg,bougainvillea
flower-10/0638.jpg,gardenias
flower-10/0639.jpg,bougainvillea
flower-10/0640.jpg,daisies
flower-10/0641.jpg,lilies
flower-10/0642.jpg,gardenias
flower-10/0643.jpg,garden
flower-10/0644.jpg,hibiscus
flower-10/0645.jpg,daisies
flower-10/0646.jpg,hibiscus
flower-10/0647.jpg,hydrangeas
flower-10/0648.jpg,lilies
flower-10/0649.jpg,garden
flower-10/0650.jpg,gardenias
flower-10/0651.jpg,lilies
flower-10/0652.jpg,orchids
flower-10/0653.jpg,gardenias
flower-10/0654.jpg,tulip
flower-10/0655.jpg,lilies
flower-10/0656.jpg,hibiscus
flower-10/0658.jpg,lilies
flower-10/0659.jpg,daisies
flower-10/0660.jpg,peonies
flower-10/0661.jpg,lilies
flower-10/0663.jpg,orchids
flower-10/0666.jpg,bougainvillea
flower-10/0667.jpg,garden
flower-10/0668.jpg,hibiscus
flower-10/0669.jpg,tulip
flower-10/0670.jpg,bougainvillea
flower-10/0673.jpg,daisies
flower-10/0674.jpg,garden
flower-10/0675.jpg,peonies
flower-10/0677.jpg,peonies
flower-10/0678.jpg,bougainvillea
flower-10/0679.jpg,tulip
flower-10/0680.jpg,tulip
flower-10/0681.jpg,daisies
flower-10/0682.jpg,peonies
flower-10/0683.jpg,tulip
flower-10/0684.jpg,daisies
flower-10/0685.jpg,hydrangeas
flower-10/0686.jpg,daisies
flower-10/0687.jpg,peonies
flower-10/0688.jpg,daisies
flower-10/0689.jpg,bougainvillea
flower-10/0690.jpg,gardenias
flower-10/0693.jpg,gardenias
flower-10/0695.jpg,gardenias
flower-10/0696.jpg,hydrangeas
flower-10/0697.jpg,orchids
flower-10/0698.jpg,gardenias
flower-10/0699.jpg,garden
flower-10/0700.jpg,lilies
flower-10/0702.jpg,orchids
flower-10/0704.jpg,garden
flower-10/0706.jpg,hibiscus
flower-10/0707.jpg,hibiscus
flower-10/0708.jpg,orchids
flower-10/0710.jpg,garden
flower-10/0711.jpg,daisies
flower-10/0712.jpg,garden
flower-10/0713.jpg,daisies
flower-10/0714.jpg,tulip
flower-10/0715.jpg,gardenias
flower-10/0716.jpg,hibiscus
flower-10/0717.jpg,hydrangeas
flower-10/0718.jpg,hibiscus
flower-10/0719.jpg,garden
flower-10/0720.jpg,orchids
flower-10/0721.jpg,peonies
flower-10/0722.jpg,garden
flower-10/0724.jpg,bougainvillea
flower-10/0726.jpg,gardenias
flower-10/0727.jpg,daisies
flower-10/0728.jpg,hibiscus
flower-10/0729.jpg,gardenias
flower-10/0730.jpg,gardenias
flower-10/0731.jpg,hibiscus
flower-10/0732.jpg,lilies
