image,label
gemstones/00001.jpg,Chalcedony Blue
gemstones/00002.jpg,Chalcedony Blue
gemstones/00003.jpg,Chalcedony Blue
gemstones/00004.jpg,Labradorite
gemstones/00005.jpg,Labradorite
gemstones/00006.jpg,Labradorite
gemstones/00007.jpg,Labradorite
gemstones/00008.jpg,Labradorite
gemstones/00009.jpg,Ruby
gemstones/00010.jpg,Ruby
gemstones/00011.jpg,Ruby
gemstones/00012.jpg,Ruby
gemstones/00013.jpg,Citrine
gemstones/00014.jpg,Citrine
gemstones/00015.jpg,Citrine
gemstones/00016.jpg,Citrine
gemstones/00017.jpg,Citrine
gemstones/00018.jpg,Emerald
gemstones/00019.jpg,Emerald
gemstones/00020.jpg,Emerald
gemstones/00021.jpg,Emerald
gemstones/00022.jpg,Emerald
gemstones/00024.jpg,Andalusite
gemstones/00025.jpg,Andalusite
gemstones/00026.jpg,Andalusite
gemstones/00027.jpg,Dumortierite
gemstones/00028.jpg,Dumortierite
gemstones/00029.jpg,Dumortierite
gemstones/00030.jpg,Dumortierite
gemstones/00031.jpg,Onyx Black
gemstones/00032.jpg,Onyx Black
gemstones/00033.jpg,Onyx Black
gemstones/00034.jpg,Onyx Black
gemstones/00035.jpg,Diamond
gemstones/00036.jpg,Diamond
gemstones/00038.jpg,Diamond
gemstones/00039.jpg,Sodalite
gemstones/00040.jpg,Sodalite
gemstones/00041.jpg,Sodalite
gemstones/00042.jpg,Sodalite
gemstones/00043.jpg,Hessonite
gemstones/00044.jpg,Hessonite
gemstones/00045.jpg,Hessonite
gemstones/00046.jpg,Hessonite
gemstones/00047.jpg,Chalcedony
gemstones/00048.jpg,Chalcedony
gemstones/00049.jpg,Chalcedony
gemstones/00050.jpg,Chalcedony
gemstones/00051.jpg,Tourmaline
gemstones/00052.jpg,Tourmaline
gemstones/00053.jpg,Tourmaline
gemstones/00054.jpg,Tourmaline
gemstones/00055.jpg,Tourmaline
gemstones/00056.jpg,Beryl Golden
gemstones/00057.jpg,Beryl Golden
gemstones/00058.jpg,Beryl Golden
gemstones/00059.jpg,Beryl Golden
gemstones/00060.jpg,Serpentine
gemstones/00061.jpg,Serpentine
gemstones/00062.jpg,Serpentine
gemstones/00063.jpg,Serpentine
gemstones/00064.jpg,Pearl
gemstones/00065.jpg,Pearl
gemstones/00066.jpg,Pearl
gemstones/00068.jpg,Pyrope
gemstones/00069.jpg,Pyrope
gemstones/00071.jpg,Pyrope
gemstones/00072.jpg,Spodumene
gemstones/00073.jpg,Spodumene
gemstones/00075.jpg,Spodumene
gemstones/00076.jpg,Ametrine
gemstones/00077.jpg,Ametrine
gemstones/00078.jpg,Ametrine
gemstones/00079.jpg,Ametrine
gemstones/00080.jpg,Zircon
gemstones/00081.jpg,Zircon
gemstones/00082.jpg,Zircon
gemstones/00083.jpg,Zircon
gemstones/00084.jpg,Jade
gemstones/00085.jpg,Jade
gemstones/00086.jpg,Jade
gemstones/00087.jpg,Jade
gemstones/00088.jpg,Spessartite
gemstones/00089.jpg,Spessartite
gemstones/00090.jpg,Spessartite
gemstones/00091.jpg,Spessartite
gemstones/00092.jpg,Quartz Rose
gemstones/00093.jpg,Quartz Rose
gemstones/00094.jpg,Quartz Rose
gemstones/00095.jpg,Quartz Rose
gemstones/00096.jpg,Peridot
gemstones/00097.jpg,Peridot
gemstones/00098.jpg,Peridot
gemstones/00099.jpg,Peridot
gemstones/00100.jpg,Peridot
gemstones/00101.jpg,Sunstone
gemstones/00102.jpg,Sunstone
gemstones/00103.jpg,Sunstone
gemstones/00104.jpg,Sunstone
gemstones/00105.jpg,Jasper
gemstones/00106.jpg,Jasper
gemstones/00107.jpg,Jasper
gemstones/00108.jpg,Jasper
gemstones/00109.jpg,Jasper
gemstones/00110.jpg,Carnelian
gemstones/00111.jpg,Carnelian
gemstones/00112.jpg,Carnelian
gemstones/00113.jpg,Carnelian
gemstones/00114.jpg,Quartz Lemon
gemstones/00115.jpg,Quartz Lemon
gemstones/00116.jpg,Quartz Lemon
gemstones/00117.jpg,Quartz Lemon
gemstones/00118.jpg,Cats Eye
gemstones/00119.jpg,Cats Eye
gemstones/00120.jpg,Cats Eye
gemstones/00121.jpg,Cats Eye
gemstones/00122.jpg,Almandine
gemstones/00123.jpg,Almandine
gemstones/00124.jpg,Almandine
gemstones/00125.jpg,Almandine
gemstones/00126.jpg,Fluorite
gemstones/00127.jpg,Fluorite
gemstones/00128.jpg,Fluorite
gemstones/00129.jpg,Fluorite
gemstones/00130.jpg,Turquoise
gemstones/00131.jpg,Turquoise
gemstones/00132.jpg,Turquoise
gemstones/00133.jpg,Turquoise
gemstones/00134.jpg,Bixbite
gemstones/00135.jpg,Bixbite
gemstones/00136.jpg,Bixbite
gemstones/00137.jpg,Bixbite
gemstones/00138.jpg,Tsavorite
gemstones/00139.jpg,Tsavorite
gemstones/00140.jpg,Tsavorite
gemstones/00141.jpg,Tsavorite
gemstones/00142.jpg,Kunzite
gemstones/00143.jpg,Kunzite
gemstones/00144.jpg,Kunzite
gemstones/00145.jpg,Kunzite
gemstones/00147.jpg,Variscite
gemstones/00148.jpg,Variscite
gemstones/00149.jpg,Variscite
gemstones/00150.jpg,Diaspore
gemstones/00151.jpg,Diaspore
gemstones/00152.jpg,Diaspore
gemstones/00153.jpg,Diaspore
gemstones/00154.jpg,Lapis Lazuli
gemstones/00155.jpg,Lapis Lazuli
gemstones/00156.jpg,Lapis Lazuli
gemstones/00157.jpg,Lapis Lazuli
gemstones/00158.jpg,Grossular
gemstones/00159.jpg,Grossular
gemstones/00160.jpg,Grossular
gemstones/00161.jpg,Grossular
gemstones/00162.jpg,Sapphire Pink
gemstones/00163.jpg,Sapphire Pink
gemstones/00164.jpg,Sapphire Pink
gemstones/00165.jpg,Sapphire Pink
gemstones/00166.jpg,Larimar
gemstones/00167.jpg,Larimar
gemstones/00168.jpg,Larimar
gemstones/00169.jpg,Larimar
gemstones/00170.jpg,Benitoite
gemstones/00171.jpg,Benitoite
gemstones/00172.jpg,Benitoite
gemstones/00173.jpg,Benitoite
gemstones/00174.jpg,Tigers Eye
gemstones/00175.jpg,Tigers Eye
gemstones/00176.jpg,Tigers Eye
gemstones/00177.jpg,Tigers Eye
gemstones/00178.jpg,Tigers Eye
gemstones/00179.jpg,Sapphire Blue
gemstones/00180.jpg,Sapphire Blue
gemstones/00181.jpg,Sapphire Blue
gemstones/00182.jpg,Sapphire Blue
gemstones/00183.jpg,Andradite
gemstones/00184.jpg,Andradite
gemstones/00185.jpg,Andradite
gemstones/00186.jpg,Andradite
gemstones/00187.jpg,Pyrite
gemstones/00188.jpg,Pyrite
gemstones/00190.jpg,Pyrite
gemstones/00191.jpg,Pyrite
gemstones/00192.jpg,Rhodonite
gemstones/00193.jpg,Rhodonite
gemstones/00194.jpg,Rhodonite
gemstones/00196.jpg,Onyx Red
gemstones/00197.jpg,Onyx Red
gemstones/00198.jpg,Onyx Red
gemstones/00199.jpg,Onyx Red
gemstones/00200.jpg,Amazonite
gemstones/00201.jpg,Amazonite
gemstones/00202.jpg,Amazonite
gemstones/00203.jpg,Amazonite
gemstones/00204.jpg,Onyx Green
gemstones/00205.jpg,Onyx Green
gemstones/00206.jpg,Onyx Green
gemstones/00207.jpg,Onyx Green
gemstones/00209.jpg,Rhodolite
gemstones/00210.jpg,Rhodolite
gemstones/00211.jpg,Rhodolite
gemstones/00212.jpg,Bloodstone
gemstones/00213.jpg,Bloodstone
gemstones/00214.jpg,Bloodstone
gemstones/00215.jpg,Bloodstone
gemstones/00216.jpg,Kyanite
gemstones/00219.jpg,Kyanite
gemstones/00220.jpg,Chrysoprase
gemstones/00221.jpg,Chrysoprase
gemstones/00222.jpg,Chrysoprase
gemstones/00223.jpg,Chrysoprase
gemstones/00224.jpg,Spinel
gemstones/00225.jpg,Spinel
gemstones/00226.jpg,Spinel
gemstones/00227.jpg,Spinel
gemstones/00228.jpg,Coral
gemstones/00229.jpg,Coral
gemstones/00230.jpg,Coral
gemstones/00231.jpg,Coral
gemstones/00232.jpg,Chrome Diopside
gemstones/00233.jpg,Chrome Diopside
gemstones/00234.jpg,Chrome Diopside
gemstones/00235.jpg,Chrome Diopside
gemstones/00236.jpg,Hiddenite
gemstones/00237.jpg,Hiddenite
gemstones/00238.jpg,Hiddenite
gemstones/00239.jpg,Hiddenite
gemstones/00240.jpg,Scapolite
gemstones/00241.jpg,Scapolite
gemstones/00242.jpg,Scapolite
gemstones/00243.jpg,Scapolite
gemstones/00244.jpg,Alexandrite
gemstones/00245.jpg,Alexandrite
gemstones/00246.jpg,Alexandrite
gemstones/00247.jpg,Alexandrite
gemstones/00248.jpg,Amethyst
gemstones/00250.jpg,Amethyst
gemstones/00251.jpg,Amethyst
gemstones/00252.jpg,Garnet Red
gemstones/00254.jpg,Garnet Red
gemstones/00255.jpg,Garnet Red
gemstones/00256.jpg,Sapphire Yellow
gemstones/00257.jpg,Sapphire Yellow
gemstones/00258.jpg,Sapphire Yellow
gemstones/00259.jpg,Sapphire Yellow
gemstones/00260.jpg,Chrysoberyl
gemstones/00261.jpg,Chrysoberyl
gemstones/00262.jpg,Chrysoberyl
gemstones/00263.jpg,Chrysoberyl
gemstones/00264.jpg,Aventurine Yellow
gemstones/00265.jpg,Aventurine Yellow
gemstones/00266.jpg,Aventurine Yellow
gemstones/00267.jpg,Aventurine Yellow
gemstones/00268.jpg,Topaz
gemstones/00269.jpg,Topaz
gemstones/00270.jpg,Topaz
gemstones/00271.jpg,Topaz
gemstones/00272.jpg,Danburite
gemstones/00273.jpg,Danburite
gemstones/00274.jpg,Danburite
gemstones/00275.jpg,Danburite
gemstones/00276.jpg,Tanzanite
gemstones/00277.jpg,Tanzanite
gemstones/00278.jpg,Tanzanite
gemstones/00280.jpg,Prehnite
gemstones/00281.jpg,Prehnite
gemstones/00282.jpg,Prehnite
gemstones/00283.jpg,Prehnite
gemstones/00284.jpg,Prehnite
gemstones/00285.jpg,Zoisite
gemstones/00287.jpg,Zoisite
gemstones/00289.jpg,Goshenite
gemstones/00290.jpg,Goshenite
gemstones/00291.jpg,Goshenite
gemstones/00292.jpg,Goshenite
gemstones/00293.jpg,Quartz Rutilated
gemstones/00294.jpg,Quartz Rutilated
gemstones/00295.jpg,Quartz Rutilated
gemstones/00296.jpg,Quartz Rutilated
gemstones/00297.jpg,Quartz Rutilated
gemstones/00298.jpg,Quartz Beer
gemstones/00299.jpg,Quartz Beer
gemstones/00300.jpg,Quartz Beer
gemstones/00301.jpg,Quartz Beer
gemstones/00303.jpg,Sapphire Purple
gemstones/00304.jpg,Sapphire Purple
gemstones/00305.jpg,Sapphire Purple
gemstones/00306.jpg,Amber
gemstones/00307.jpg,Amber
gemstones/00308.jpg,Amber
gemstones/00309.jpg,Amber
gemstones/00310.jpg,Morganite
gemstones/00311.jpg,Morganite
gemstones/00312.jpg,Morganite
gemstones/00314.jpg,Aquamarine
gemstones/00315.jpg,Aquamarine
gemstones/00317.jpg,Aquamarine
gemstones/00318.jpg,Aquamarine
gemstones/00320.jpg,Blue Lace Agate
gemstones/00321.jpg,Blue Lace Agate
gemstones/00322.jpg,Blue Lace Agate
gemstones/00323.jpg,Blue Lace Agate
gemstones/00324.jpg,Aventurine Green
gemstones/00325.jpg,Aventurine Green
gemstones/00326.jpg,Aventurine Green
gemstones/00327.jpg,Aventurine Green
gemstones/00328.jpg,Aventurine Green
gemstones/00329.jpg,Malachite
gemstones/00330.jpg,Malachite
gemstones/00331.jpg,Malachite
gemstones/00332.jpg,Malachite
gemstones/00333.jpg,Chrysocolla
gemstones/00334.jpg,Chrysocolla
gemstones/00335.jpg,Chrysocolla
gemstones/00336.jpg,Chrysocolla
gemstones/00337.jpg,Sphene
gemstones/00338.jpg,Sphene
gemstones/00339.jpg,Sphene
gemstones/00340.jpg,Sphene
gemstones/00341.jpg,Opal
gemstones/00342.jpg,Opal
gemstones/00343.jpg,Opal
gemstones/00344.jpg,Opal
gemstones/00345.jpg,Opal
gemstones/00346.jpg,Iolite
gemstones/00347.jpg,Iolite
gemstones/00348.jpg,Iolite
gemstones/00349.jpg,Iolite
gemstones/00350.jpg,Moonstone
gemstones/00352.jpg,Moonstone
gemstones/00353.jpg,Moonstone
gemstones/00354.jpg,Moonstone
gemstones/00355.jpg,Quartz Smoky
gemstones/00356.jpg,Quartz Smoky
gemstones/00357.jpg,Quartz Smoky
gemstones/00358.jpg,Quartz Smoky
gemstones/00359.jpg,Rhodochrosite
gemstones/00361.jpg,Rhodochrosite
gemstones/00362.jpg,Rhodochrosite
gemstones/00363.jpg,Chalcedony Blue
gemstones/00364.jpg,Chalcedony Blue
gemstones/00365.jpg,Chalcedony Blue
gemstones/00366.jpg,Chalcedony Blue
gemstones/00367.jpg,Chalcedony Blue
gemstones/00368.jpg,Chalcedony Blue
gemstones/00369.jpg,Chalcedony Blue
gemstones/00370.jpg,Chalcedony Blue
gemstones/00371.jpg,Chalcedony Blue
gemstones/00372.jpg,Chalcedony Blue
gemstones/00373.jpg,Chalcedony Blue
gemstones/00374.jpg,Chalcedony Blue
gemstones/00375.jpg,Chalcedony Blue
gemstones/00376.jpg,Chalcedony Blue
gemstones/00377.jpg,Chalcedony Blue
gemstones/00378.jpg,Chalcedony Blue
gemstones/00379.jpg,Chalcedony Blue
gemstones/00380.jpg,Chalcedony Blue
gemstones/00381.jpg,Chalcedony Blue
gemstones/00383.jpg,Chalcedony Blue
gemstones/00385.jpg,Chalcedony Blue
gemstones/00386.jpg,Chalcedony Blue
gemstones/00387.jpg,Chalcedony Blue
gemstones/00388.jpg,Chalcedony Blue
gemstones/00389.jpg,Chalcedony Blue
gemstones/00390.jpg,Chalcedony Blue
gemstones/00391.jpg,Chalcedony Blue
gemstones/00392.jpg,Chalcedony Blue
gemstones/00393.jpg,Labradorite
gemstones/00394.jpg,Labradorite
gemstones/00395.jpg,Labradorite
gemstones/00396.jpg,Labradorite
gemstones/00397.jpg,Labradorite
gemstones/00398.jpg,Labradorite
gemstones/00399.jpg,Labradorite
gemstones/00400.jpg,Labradorite
gemstones/00401.jpg,Labradorite
gemstones/00402.jpg,Labradorite
gemstones/00403.jpg,Labradorite
gemstones/00404.jpg,Labradorite
gemstones/00405.jpg,Labradorite
gemstones/00406.jpg,Labradorite
gemstones/00407.jpg,Labradorite
gemstones/00409.jpg,Labradorite
gemstones/00410.jpg,Labradorite
gemstones/00411.jpg,Labradorite
gemstones/00412.jpg,Labradorite
gemstones/00413.jpg,Labradorite
gemstones/00414.jpg,Labradorite
gemstones/00415.jpg,Labradorite
gemstones/00418.jpg,Labradorite
gemstones/00419.jpg,Labradorite
gemstones/00420.jpg,Labradorite
gemstones/00421.jpg,Labradorite
gemstones/00422.jpg,Labradorite
gemstones/00423.jpg,Labradorite
gemstones/00424.jpg,Labradorite
gemstones/00425.jpg,Labradorite
gemstones/00426.jpg,Labradorite
gemstones/00427.jpg,Labradorite
gemstones/00428.jpg,Labradorite
gemstones/00429.jpg,Labradorite
gemstones/00430.jpg,Labradorite
gemstones/00431.jpg,Labradorite
gemstones/00432.jpg,Labradorite
gemstones/00433.jpg,Ruby
gemstones/00434.jpg,Ruby
gemstones/00435.jpg,Ruby
gemstones/00436.jpg,Ruby
gemstones/00437.jpg,Ruby
gemstones/00438.jpg,Ruby
gemstones/00439.jpg,Ruby
gemstones/00440.jpg,Ruby
gemstones/00441.jpg,Ruby
gemstones/00442.jpg,Ruby
gemstones/00443.jpg,Ruby
gemstones/00445.jpg,Ruby
gemstones/00446.jpg,Ruby
gemstones/00447.jpg,Ruby
gemstones/00448.jpg,Ruby
gemstones/00449.jpg,Ruby
gemstones/00451.jpg,Ruby
gemstones/00452.jpg,Ruby
gemstones/00453.jpg,Ruby
gemstones/00454.jpg,Ruby
gemstones/00455.jpg,Ruby
gemstones/00456.jpg,Ruby
gemstones/00457.jpg,Ruby
gemstones/00458.jpg,Ruby
gemstones/00459.jpg,Ruby
gemstones/00460.jpg,Ruby
gemstones/00462.jpg,Ruby
gemstones/00463.jpg,Ruby
gemstones/00464.jpg,Ruby
gemstones/00465.jpg,Ruby
gemstones/00466.jpg,Ruby
gemstones/00467.jpg,Ruby
gemstones/00468.jpg,Citrine
gemstones/00469.jpg,Citrine
gemstones/00470.jpg,Citrine
gemstones/00471.jpg,Citrine
gemstones/00472.jpg,Citrine
gemstones/00473.jpg,Citrine
gemstones/00475.jpg,Citrine
gemstones/00476.jpg,Citrine
gemstones/00477.jpg,Citrine
gemstones/00478.jpg,Citrine
gemstones/00479.jpg,Citrine
gemstones/00480.jpg,Citrine
gemstones/00481.jpg,Citrine
gemstones/00482.jpg,Citrine
gemstones/00483.jpg,Citrine
gemstones/00484.jpg,Citrine
gemstones/00485.jpg,Citrine
gemstones/00486.jpg,Citrine
gemstones/00487.jpg,Citrine
gemstones/00488.jpg,Citrine
gemstones/00489.jpg,Citrine
gemstones/00490.jpg,Citrine
gemstones/00491.jpg,Citrine
gemstones/00492.jpg,Citrine
gemstones/00493.jpg,Citrine
gemstones/00494.jpg,Citrine
gemstones/00495.jpg,Citrine
gemstones/00496.jpg,Citrine
gemstones/00497.jpg,Citrine
gemstones/00498.jpg,Citrine
gemstones/00499.jpg,Citrine
gemstones/00500.jpg,Citrine
gemstones/00502.jpg,Citrine
gemstones/00503.jpg,Citrine
gemstones/00504.jpg,Citrine
gemstones/00505.jpg,Citrine
gemstones/00506.jpg,Citrine
gemstones/00508.jpg,Emerald
gemstones/00509.jpg,Emerald
gemstones/00510.jpg,Emerald
gemstones/00511.jpg,Emerald
gemstones/00512.jpg,Emerald
gemstones/00513.jpg,Emerald
gemstones/00515.jpg,Emerald
gemstones/00516.jpg,Emerald
gemstones/00518.jpg,Emerald
gemstones/00519.jpg,Emerald
gemstones/00520.jpg,Emerald
gemstones/00521.jpg,Emerald
gemstones/00522.jpg,Emerald
gemstones/00523.jpg,Emerald
gemstones/00524.jpg,Emerald
gemstones/00525.jpg,Emerald
gemstones/00526.jpg,Emerald
gemstones/00527.jpg,Emerald
gemstones/00528.jpg,Emerald
gemstones/00529.jpg,Emerald
gemstones/00530.jpg,Emerald
gemstones/00531.jpg,Emerald
gemstones/00532.jpg,Emerald
gemstones/00533.jpg,Emerald
gemstones/00534.jpg,Emerald
gemstones/00535.jpg,Emerald
gemstones/00536.jpg,Emerald
gemstones/00537.jpg,Emerald
gemstones/00539.jpg,Emerald
gemstones/00540.jpg,Emerald
gemstones/00541.jpg,Emerald
gemstones/00542.jpg,Emerald
gemstones/00543.jpg,Emerald
gemstones/00544.jpg,Andalusite
gemstones/00545.jpg,Andalusite
gemstones/00546.jpg,Andalusite
gemstones/00547.jpg,Andalusite
gemstones/00548.jpg,Andalusite
gemstones/00550.jpg,Andalusite
gemstones/00551.jpg,Andalusite
gemstones/00553.jpg,Andalusite
gemstones/00554.jpg,Andalusite
gemstones/00555.jpg,Andalusite
gemstones/00556.jpg,Andalusite
gemstones/00557.jpg,Andalusite
gemstones/00558.jpg,Andalusite
gemstones/00559.jpg,Andalusite
gemstones/00560.jpg,Andalusite
gemstones/00561.jpg,Andalusite
gemstones/00562.jpg,Andalusite
gemstones/00563.jpg,Andalusite
gemstones/00564.jpg,Andalusite
gemstones/00565.jpg,Andalusite
gemstones/00566.jpg,Andalusite
gemstones/00567.jpg,Andalusite
gemstones/00568.jpg,Andalusite
gemstones/00569.jpg,Andalusite
gemstones/00570.jpg,Andalusite
gemstones/00571.jpg,Andalusite
gemstones/00572.jpg,Andalusite
gemstones/00573.jpg,Andalusite
gemstones/00574.jpg,Andalusite
gemstones/00575.jpg,Andalusite
gemstones/00576.jpg,Dumortierite
gemstones/00577.jpg,Dumortierite
gemstones/00578.jpg,Dumortierite
gemstones/00579.jpg,Dumortierite
gemstones/00580.jpg,Dumortierite
gemstones/00582.jpg,Dumortierite
gemstones/00583.jpg,Dumortierite
gemstones/00584.jpg,Dumortierite
gemstones/00585.jpg,Dumortierite
gemstones/00586.jpg,Dumortierite
gemstones/00587.jpg,Dumortierite
gemstones/00588.jpg,Dumortierite
gemstones/00589.jpg,Dumortierite
gemstones/00590.jpg,Dumortierite
gemstones/00591.jpg,Dumortierite
gemstones/00592.jpg,Dumortierite
gemstones/00594.jpg,Dumortierite
gemstones/00595.jpg,Dumortierite
gemstones/00596.jpg,Dumortierite
gemstones/00597.jpg,Dumortierite
gemstones/00598.jpg,Dumortierite
gemstones/00599.jpg,Dumortierite
gemstones/00600.jpg,Dumortierite
gemstones/00601.jpg,Dumortierite
gemstones/00602.jpg,Dumortierite
gemstones/00603.jpg,Dumortierite
gemstones/00604.jpg,Dumortierite
gemstones/00605.jpg,Dumortierite
gemstones/00607.jpg,Dumortierite
gemstones/00608.jpg,Onyx Black
gemstones/00609.jpg,Onyx Black
gemstones/00610.jpg,Onyx Black
gemstones/00611.jpg,Onyx Black
gemstones/00612.jpg,Onyx Black
gemstones/00614.jpg,Onyx Black
gemstones/00615.jpg,Onyx Black
gemstones/00616.jpg,Onyx Black
gemstones/00617.jpg,Onyx Black
gemstones/00618.jpg,Onyx Black
gemstones/00619.jpg,Onyx Black
gemstones/00621.jpg,Onyx Black
gemstones/00622.jpg,Onyx Black
gemstones/00623.jpg,Onyx Black
gemstones/00624.jpg,Onyx Black
gemstones/00625.jpg,Onyx Black
gemstones/00626.jpg,Onyx Black
gemstones/00627.jpg,Onyx Black
gemstones/00628.jpg,Onyx Black
gemstones/00630.jpg,Onyx Black
gemstones/00631.jpg,Onyx Black
gemstones/00632.jpg,Onyx Black
gemstones/00633.jpg,Onyx Black
gemstones/00634.jpg,Onyx Black
gemstones/00635.jpg,Onyx Black
gemstones/00637.jpg,Diamond
gemstones/00638.jpg,Diamond
gemstones/00639.jpg,Diamond
gemstones/00640.jpg,Diamond
gemstones/00641.jpg,Diamond
gemstones/00642.jpg,Diamond
gemstones/00643.jpg,Diamond
gemstones/00644.jpg,Diamond
gemstones/00645.jpg,Diamond
gemstones/00646.jpg,Diamond
gemstones/00648.jpg,Diamond
gemstones/00649.jpg,Diamond
gemstones/00650.jpg,Diamond
gemstones/00651.jpg,Diamond
gemstones/00652.jpg,Diamond
gemstones/00653.jpg,Diamond
gemstones/00654.jpg,Diamond
gemstones/00655.jpg,Diamond
gemstones/00656.jpg,Diamond
gemstones/00657.jpg,Diamond
gemstones/00658.jpg,Diamond
gemstones/00659.jpg,Diamond
gemstones/00660.jpg,Diamond
gemstones/00661.jpg,Diamond
gemstones/00662.jpg,Diamond
gemstones/00663.jpg,Diamond
gemstones/00664.jpg,Diamond
gemstones/00665.jpg,Diamond
gemstones/00666.jpg,Diamond
gemstones/00667.jpg,Sodalite
gemstones/00668.jpg,Sodalite
gemstones/00669.jpg,Sodalite
gemstones/00670.jpg,Sodalite
gemstones/00671.jpg,Sodalite
gemstones/00672.jpg,Sodalite
gemstones/00674.jpg,Sodalite
gemstones/00675.jpg,Sodalite
gemstones/00676.jpg,Sodalite
gemstones/00677.jpg,Sodalite
gemstones/00678.jpg,Sodalite
gemstones/00679.jpg,Sodalite
gemstones/00680.jpg,Sodalite
gemstones/00681.jpg,Sodalite
gemstones/00682.jpg,Sodalite
gemstones/00684.jpg,Sodalite
gemstones/00685.jpg,Sodalite
gemstones/00686.jpg,Sodalite
gemstones/00687.jpg,Sodalite
gemstones/00689.jpg,Sodalite
gemstones/00690.jpg,Sodalite
gemstones/00691.jpg,Sodalite
gemstones/00692.jpg,Sodalite
gemstones/00693.jpg,Sodalite
gemstones/00694.jpg,Sodalite
gemstones/00695.jpg,Sodalite
gemstones/00696.jpg,Sodalite
gemstones/00697.jpg,Sodalite
gemstones/00698.jpg,Sodalite
gemstones/00699.jpg,Sodalite
gemstones/00700.jpg,Sodalite
gemstones/00701.jpg,Sodalite
gemstones/00702.jpg,Hessonite
gemstones/00704.jpg,Hessonite
gemstones/00705.jpg,Hessonite
gemstones/00706.jpg,Hessonite
gemstones/00707.jpg,Hessonite
gemstones/00708.jpg,Hessonite
gemstones/00709.jpg,Hessonite
gemstones/00710.jpg,Hessonite
gemstones/00711.jpg,Hessonite
gemstones/00712.jpg,Hessonite
gemstones/00713.jpg,Hessonite
gemstones/00714.jpg,Hessonite
gemstones/00715.jpg,Hessonite
gemstones/00716.jpg,Hessonite
gemstones/00717.jpg,Hessonite
gemstones/00718.jpg,Hessonite
gemstones/00719.jpg,Hessonite
gemstones/00721.jpg,Hessonite
gemstones/00722.jpg,Hessonite
gemstones/00723.jpg,Hessonite
gemstones/00724.jpg,Hessonite
gemstones/00725.jpg,Hessonite
gemstones/00726.jpg,Hessonite
gemstones/00728.jpg,Hessonite
gemstones/00729.jpg,Hessonite
gemstones/00730.jpg,Hessonite
gemstones/00731.jpg,Hessonite
gemstones/00732.jpg,Chalcedony
gemstones/00733.jpg,Chalcedony
gemstones/00734.jpg,Chalcedony
gemstones/00736.jpg,Chalcedony
gemstones/00737.jpg,Chalcedony
gemstones/00738.jpg,Chalcedony
gemstones/00739.jpg,Chalcedony
gemstones/00740.jpg,Chalcedony
gemstones/00741.jpg,Chalcedony
gemstones/00742.jpg,Chalcedony
gemstones/00743.jpg,Chalcedony
gemstones/00744.jpg,Chalcedony
gemstones/00745.jpg,Chalcedony
gemstones/00746.jpg,Chalcedony
gemstones/00747.jpg,Chalcedony
gemstones/00748.jpg,Chalcedony
gemstones/00750.jpg,Chalcedony
gemstones/00751.jpg,Chalcedony
gemstones/00752.jpg,Chalcedony
gemstones/00753.jpg,Chalcedony
gemstones/00754.jpg,Chalcedony
gemstones/00755.jpg,Chalcedony
gemstones/00756.jpg,Chalcedony
gemstones/00758.jpg,Chalcedony
gemstones/00759.jpg,Chalcedony
gemstones/00760.jpg,Chalcedony
gemstones/00761.jpg,Chalcedony
gemstones/00762.jpg,Tourmaline
gemstones/00763.jpg,Tourmaline
gemstones/00764.jpg,Tourmaline
gemstones/00766.jpg,Tourmaline
gemstones/00767.jpg,Tourmaline
gemstones/00769.jpg,Tourmaline
gemstones/00770.jpg,Tourmaline
gemstones/00771.jpg,Tourmaline
gemstones/00772.jpg,Tourmaline
gemstones/00773.jpg,Tourmaline
gemstones/00774.jpg,Tourmaline
gemstones/00775.jpg,Tourmaline
gemstones/00776.jpg,Tourmaline
gemstones/00777.jpg,Tourmaline
gemstones/00778.jpg,Tourmaline
gemstones/00779.jpg,Tourmaline
gemstones/00781.jpg,Tourmaline
gemstones/00782.jpg,Tourmaline
gemstones/00783.jpg,Tourmaline
gemstones/00784.jpg,Tourmaline
gemstones/00785.jpg,Tourmaline
gemstones/00786.jpg,Tourmaline
gemstones/00787.jpg,Tourmaline
gemstones/00788.jpg,Tourmaline
gemstones/00789.jpg,Tourmaline
gemstones/00790.jpg,Tourmaline
gemstones/00791.jpg,Tourmaline
gemstones/00792.jpg,Tourmaline
gemstones/00793.jpg,Tourmaline
gemstones/00794.jpg,Tourmaline
gemstones/00795.jpg,Tourmaline
gemstones/00796.jpg,Tourmaline
gemstones/00797.jpg,Tourmaline
gemstones/00798.jpg,Tourmaline
gemstones/00799.jpg,Tourmaline
gemstones/00800.jpg,Beryl Golden
gemstones/00801.jpg,Beryl Golden
gemstones/00802.jpg,Beryl Golden
gemstones/00803.jpg,Beryl Golden
gemstones/00805.jpg,Beryl Golden
gemstones/00806.jpg,Beryl Golden
gemstones/00807.jpg,Beryl Golden
gemstones/00808.jpg,Beryl Golden
gemstones/00809.jpg,Beryl Golden
gemstones/00810.jpg,Beryl Golden
gemstones/00811.jpg,Beryl Golden
gemstones/00812.jpg,Beryl Golden
gemstones/00813.jpg,Beryl Golden
gemstones/00814.jpg,Beryl Golden
gemstones/00815.jpg,Beryl Golden
gemstones/00816.jpg,Beryl Golden
gemstones/00817.jpg,Beryl Golden
gemstones/00819.jpg,Beryl Golden
gemstones/00820.jpg,Beryl Golden
gemstones/00822.jpg,Beryl Golden
gemstones/00823.jpg,Beryl Golden
gemstones/00824.jpg,Beryl Golden
gemstones/00825.jpg,Beryl Golden
gemstones/00826.jpg,Beryl Golden
gemstones/00827.jpg,Beryl Golden
gemstones/00828.jpg,Beryl Golden
gemstones/00829.jpg,Beryl Golden
gemstones/00830.jpg,Beryl Golden
gemstones/00831.jpg,Beryl Golden
gemstones/00832.jpg,Beryl Golden
gemstones/00833.jpg,Beryl Golden
gemstones/00834.jpg,Beryl Golden
gemstones/00835.jpg,Beryl Golden
gemstones/00836.jpg,Serpentine
gemstones/00837.jpg,Serpentine
gemstones/00838.jpg,Serpentine
gemstones/00839.jpg,Serpentine
gemstones/00841.jpg,Serpentine
gemstones/00842.jpg,Serpentine
gemstones/00843.jpg,Serpentine
gemstones/00844.jpg,Serpentine
gemstones/00845.jpg,Serpentine
gemstones/00846.jpg,Serpentine
gemstones/00847.jpg,Serpentine
gemstones/00848.jpg,Serpentine
gemstones/00849.jpg,Serpentine
gemstones/00850.jpg,Serpentine
gemstones/00851.jpg,Serpentine
gemstones/00852.jpg,Serpentine
gemstones/00853.jpg,Serpentine
gemstones/00855.jpg,Serpentine
gemstones/00856.jpg,Serpentine
gemstones/00857.jpg,Serpentine
gemstones/00858.jpg,Serpentine
gemstones/00859.jpg,Serpentine
gemstones/00860.jpg,Serpentine
gemstones/00862.jpg,Serpentine
gemstones/00863.jpg,Serpentine
gemstones/00864.jpg,Serpentine
gemstones/00865.jpg,Serpentine
gemstones/00866.jpg,Pearl
gemstones/00867.jpg,Pearl
gemstones/00868.jpg,Pearl
gemstones/00869.jpg,Pearl
gemstones/00870.jpg,Pearl
gemstones/00871.jpg,Pearl
gemstones/00872.jpg,Pearl
gemstones/00873.jpg,Pearl
gemstones/00874.jpg,Pearl
gemstones/00875.jpg,Pearl
gemstones/00876.jpg,Pearl
gemstones/00877.jpg,Pearl
gemstones/00878.jpg,Pearl
gemstones/00879.jpg,Pearl
gemstones/00880.jpg,Pearl
gemstones/00882.jpg,Pearl
gemstones/00883.jpg,Pearl
gemstones/00884.jpg,Pearl
gemstones/00885.jpg,Pearl
gemstones/00886.jpg,Pearl
gemstones/00887.jpg,Pearl
gemstones/00888.jpg,Pearl
gemstones/00889.jpg,Pearl
gemstones/00890.jpg,Pearl
gemstones/00891.jpg,Pearl
gemstones/00892.jpg,Pearl
gemstones/00894.jpg,Pearl
gemstones/00895.jpg,Pearl
gemstones/00896.jpg,Pearl
gemstones/00897.jpg,Pearl
gemstones/00898.jpg,Pearl
gemstones/00899.jpg,Pyrope
gemstones/00900.jpg,Pyrope
gemstones/00901.jpg,Pyrope
gemstones/00902.jpg,Pyrope
gemstones/00903.jpg,Pyrope
gemstones/00904.jpg,Pyrope
gemstones/00905.jpg,Pyrope
gemstones/00906.jpg,Pyrope
gemstones/00908.jpg,Pyrope
gemstones/00910.jpg,Pyrope
gemstones/00911.jpg,Pyrope
gemstones/00912.jpg,Pyrope
gemstones/00913.jpg,Pyrope
gemstones/00914.jpg,Pyrope
gemstones/00915.jpg,Pyrope
gemstones/00916.jpg,Pyrope
gemstones/00917.jpg,Pyrope
gemstones/00918.jpg,Pyrope
gemstones/00919.jpg,Pyrope
gemstones/00920.jpg,Pyrope
gemstones/00921.jpg,Pyrope
gemstones/00922.jpg,Pyrope
gemstones/00923.jpg,Pyrope
gemstones/00924.jpg,Pyrope
gemstones/00925.jpg,Pyrope
gemstones/00926.jpg,Pyrope
gemstones/00927.jpg,Pyrope
gemstones/00928.jpg,Pyrope
gemstones/00929.jpg,Pyrope
gemstones/00930.jpg,Spodumene
gemstones/00931.jpg,Spodumene
gemstones/00933.jpg,Spodumene
gemstones/00934.jpg,Spodumene
gemstones/00935.jpg,Spodumene
gemstones/00936.jpg,Spodumene
gemstones/00937.jpg,Spodumene
gemstones/00938.jpg,Spodumene
gemstones/00939.jpg,Spodumene
gemstones/00940.jpg,Spodumene
gemstones/00941.jpg,Spodumene
gemstones/00942.jpg,Spodumene
gemstones/00943.jpg,Spodumene
gemstones/00944.jpg,Spodumene
gemstones/00945.jpg,Spodumene
gemstones/00946.jpg,Spodumene
gemstones/00947.jpg,Spodumene
gemstones/00948.jpg,Spodumene
gemstones/00949.jpg,Spodumene
gemstones/00950.jpg,Spodumene
gemstones/00951.jpg,Spodumene
gemstones/00952.jpg,Spodumene
gemstones/00953.jpg,Spodumene
gemstones/00954.jpg,Spodumene
gemstones/00955.jpg,Spodumene
gemstones/00956.jpg,Spodumene
gemstones/00957.jpg,Spodumene
gemstones/00958.jpg,Spodumene
gemstones/00959.jpg,Spodumene
gemstones/00961.jpg,Spodumene
gemstones/00962.jpg,Spodumene
gemstones/00963.jpg,Spodumene
gemstones/00964.jpg,Spodumene
gemstones/00965.jpg,Ametrine
gemstones/00966.jpg,Ametrine
gemstones/00967.jpg,Ametrine
gemstones/00968.jpg,Ametrine
gemstones/00969.jpg,Ametrine
gemstones/00970.jpg,Ametrine
gemstones/00971.jpg,Ametrine
gemstones/00972.jpg,Ametrine
gemstones/00973.jpg,Ametrine
gemstones/00974.jpg,Ametrine
gemstones/00975.jpg,Ametrine
gemstones/00976.jpg,Ametrine
gemstones/00977.jpg,Ametrine
gemstones/00978.jpg,Ametrine
gemstones/00979.jpg,Ametrine
gemstones/00980.jpg,Ametrine
gemstones/00981.jpg,Ametrine
gemstones/00982.jpg,Ametrine
gemstones/00984.jpg,Ametrine
gemstones/00985.jpg,Ametrine
gemstones/00986.jpg,Ametrine
gemstones/00987.jpg,Ametrine
gemstones/00988.jpg,Ametrine
gemstones/00989.jpg,Ametrine
gemstones/00991.jpg,Ametrine
gemstones/00993.jpg,Ametrine
gemstones/00994.jpg,Ametrine
gemstones/00995.jpg,Ametrine
gemstones/00996.jpg,Ametrine
gemstones/00997.jpg,Ametrine
gemstones/00998.jpg,Ametrine
gemstones/00999.jpg,Ametrine
gemstones/01000.jpg,Zircon
gemstones/01001.jpg,Zircon
gemstones/01002.jpg,Zircon
gemstones/01003.jpg,Zircon
gemstones/01004.jpg,Zircon
gemstones/01005.jpg,Zircon
gemstones/01006.jpg,Zircon
gemstones/01007.jpg,Zircon
gemstones/01008.jpg,Zircon
gemstones/01009.jpg,Zircon
gemstones/01011.jpg,Zircon
gemstones/01012.jpg,Zircon
gemstones/01013.jpg,Zircon
gemstones/01014.jpg,Zircon
gemstones/01015.jpg,Zircon
gemstones/01016.jpg,Zircon
gemstones/01017.jpg,Zircon
gemstones/01018.jpg,Zircon
gemstones/01019.jpg,Zircon
gemstones/01020.jpg,Zircon
gemstones/01021.jpg,Zircon
gemstones/01022.jpg,Zircon
gemstones/01023.jpg,Zircon
gemstones/01024.jpg,Zircon
gemstones/01025.jpg,Zircon
gemstones/01027.jpg,Zircon
gemstones/01029.jpg,Zircon
gemstones/01030.jpg,Zircon
gemstones/01031.jpg,Zircon
gemstones/01032.jpg,Zircon
gemstones/01033.jpg,Jade
gemstones/01034.jpg,Jade
gemstones/01035.jpg,Jade
gemstones/01036.jpg,Jade
gemstones/01037.jpg,Jade
gemstones/01038.jpg,Jade
gemstones/01039.jpg,Jade
gemstones/01040.jpg,Jade
gemstones/01041.jpg,Jade
gemstones/01042.jpg,Jade
gemstones/01043.jpg,Jade
gemstones/01044.jpg,Jade
gemstones/01046.jpg,Jade
gemstones/01047.jpg,Jade
gemstones/01048.jpg,Jade
gemstones/01049.jpg,Jade
gemstones/01050.jpg,Jade
gemstones/01051.jpg,Jade
gemstones/01052.jpg,Jade
gemstones/01053.jpg,Jade
gemstones/01055.jpg,Jade
gemstones/01057.jpg,Jade
gemstones/01058.jpg,Jade
gemstones/01059.jpg,Jade
gemstones/01060.jpg,Jade
gemstones/01061.jpg,Spessartite
gemstones/01063.jpg,Spessartite
gemstones/01064.jpg,Spessartite
gemstones/01065.jpg,Spessartite
gemstones/01066.jpg,Spessartite
gemstones/01067.jpg,Spessartite
gemstones/01068.jpg,Spessartite
gemstones/01069.jpg,Spessartite
gemstones/01071.jpg,Spessartite
gemstones/01072.jpg,Spessartite
gemstones/01073.jpg,Spessartite
gemstones/01074.jpg,Spessartite
gemstones/01075.jpg,Spessartite
gemstones/01076.jpg,Spessartite
gemstones/01077.jpg,Spessartite
gemstones/01078.jpg,Spessartite
gemstones/01079.jpg,Spessartite
gemstones/01080.jpg,Spessartite
gemstones/01081.jpg,Spessartite
gemstones/01082.jpg,Spessartite
gemstones/01083.jpg,Spessartite
gemstones/01084.jpg,Spessartite
gemstones/01085.jpg,Spessartite
gemstones/01086.jpg,Spessartite
gemstones/01087.jpg,Spessartite
gemstones/01089.jpg,Spessartite
gemstones/01090.jpg,Spessartite
gemstones/01091.jpg,Quartz Rose
gemstones/01092.jpg,Quartz Rose
gemstones/01093.jpg,Quartz Rose
gemstones/01094.jpg,Quartz Rose
gemstones/01095.jpg,Quartz Rose
gemstones/01096.jpg,Quartz Rose
gemstones/01097.jpg,Quartz Rose
gemstones/01098.jpg,Quartz Rose
gemstones/01099.jpg,Quartz Rose
gemstones/01100.jpg,Quartz Rose
gemstones/01101.jpg,Quartz Rose
gemstones/01102.jpg,Quartz Rose
gemstones/01103.jpg,Quartz Rose
gemstones/01104.jpg,Quartz Rose
gemstones/01105.jpg,Quartz Rose
gemstones/01106.jpg,Quartz Rose
gemstones/01107.jpg,Quartz Rose
gemstones/01109.jpg,Quartz Rose
gemstones/01110.jpg,Quartz Rose
gemstones/01111.jpg,Quartz Rose
gemstones/01112.jpg,Quartz Rose
gemstones/01113.jpg,Quartz Rose
gemstones/01115.jpg,Quartz Rose
gemstones/01116.jpg,Quartz Rose
gemstones/01117.jpg,Quartz Rose
gemstones/01118.jpg,Quartz Rose
gemstones/01119.jpg,Quartz Rose
gemstones/01120.jpg,Quartz Rose
gemstones/01121.jpg,Quartz Rose
gemstones/01122.jpg,Quartz Rose
gemstones/01124.jpg,Quartz Rose
gemstones/01125.jpg,Quartz Rose
gemstones/01126.jpg,Peridot
gemstones/01127.jpg,Peridot
gemstones/01128.jpg,Peridot
gemstones/01130.jpg,Peridot
gemstones/01131.jpg,Peridot
gemstones/01132.jpg,Peridot
gemstones/01133.jpg,Peridot
gemstones/01134.jpg,Peridot
gemstones/01135.jpg,Peridot
gemstones/01136.jpg,Peridot
gemstones/01137.jpg,Peridot
gemstones/01138.jpg,Peridot
gemstones/01140.jpg,Peridot
gemstones/01141.jpg,Peridot
gemstones/01142.jpg,Peridot
gemstones/01143.jpg,Peridot
gemstones/01144.jpg,Peridot
gemstones/01145.jpg,Peridot
gemstones/01146.jpg,Peridot
gemstones/01148.jpg,Peridot
gemstones/01149.jpg,Peridot
gemstones/01150.jpg,Peridot
gemstones/01151.jpg,Peridot
gemstones/01152.jpg,Peridot
gemstones/01153.jpg,Peridot
gemstones/01154.jpg,Peridot
gemstones/01155.jpg,Peridot
gemstones/01156.jpg,Peridot
gemstones/01157.jpg,Peridot
gemstones/01158.jpg,Peridot
gemstones/01159.jpg,Peridot
gemstones/01160.jpg,Peridot
gemstones/01161.jpg,Peridot
gemstones/01162.jpg,Peridot
gemstones/01163.jpg,Peridot
gemstones/01164.jpg,Peridot
gemstones/01165.jpg,Sunstone
gemstones/01166.jpg,Sunstone
gemstones/01167.jpg,Sunstone
gemstones/01168.jpg,Sunstone
gemstones/01169.jpg,Sunstone
gemstones/01170.jpg,Sunstone
gemstones/01171.jpg,Sunstone
gemstones/01172.jpg,Sunstone
gemstones/01173.jpg,Sunstone
gemstones/01174.jpg,Sunstone
gemstones/01175.jpg,Sunstone
gemstones/01176.jpg,Sunstone
gemstones/01178.jpg,Sunstone
gemstones/01179.jpg,Sunstone
gemstones/01180.jpg,Sunstone
gemstones/01181.jpg,Sunstone
gemstones/01182.jpg,Sunstone
gemstones/01183.jpg,Sunstone
gemstones/01184.jpg,Sunstone
gemstones/01186.jpg,Sunstone
gemstones/01187.jpg,Sunstone
gemstones/01189.jpg,Sunstone
gemstones/01190.jpg,Sunstone
gemstones/01191.jpg,Sunstone
gemstones/01192.jpg,Sunstone
gemstones/01193.jpg,Sunstone
gemstones/01195.jpg,Jasper
gemstones/01196.jpg,Jasper
gemstones/01197.jpg,Jasper
gemstones/01198.jpg,Jasper
gemstones/01199.jpg,Jasper
gemstones/01200.jpg,Jasper
gemstones/01201.jpg,Jasper
gemstones/01202.jpg,Jasper
gemstones/01203.jpg,Jasper
gemstones/01204.jpg,Jasper
gemstones/01205.jpg,Jasper
gemstones/01206.jpg,Jasper
gemstones/01207.jpg,Jasper
gemstones/01208.jpg,Jasper
gemstones/01209.jpg,Jasper
gemstones/01210.jpg,Jasper
gemstones/01211.jpg,Jasper
gemstones/01212.jpg,Jasper
gemstones/01213.jpg,Jasper
gemstones/01214.jpg,Jasper
gemstones/01215.jpg,Jasper
gemstones/01217.jpg,Jasper
gemstones/01218.jpg,Jasper
gemstones/01219.jpg,Jasper
gemstones/01220.jpg,Jasper
gemstones/01221.jpg,Jasper
gemstones/01222.jpg,Jasper
gemstones/01223.jpg,Jasper
gemstones/01224.jpg,Jasper
gemstones/01225.jpg,Jasper
gemstones/01226.jpg,Jasper
gemstones/01228.jpg,Jasper
gemstones/01229.jpg,Jasper
gemstones/01230.jpg,Carnelian
gemstones/01231.jpg,Carnelian
gemstones/01232.jpg,Carnelian
gemstones/01233.jpg,Carnelian
gemstones/01234.jpg,Carnelian
gemstones/01236.jpg,Carnelian
gemstones/01237.jpg,Carnelian
gemstones/01238.jpg,Carnelian
gemstones/01239.jpg,Carnelian
gemstones/01240.jpg,Carnelian
gemstones/01241.jpg,Carnelian
gemstones/01242.jpg,Carnelian
gemstones/01243.jpg,Carnelian
gemstones/01244.jpg,Carnelian
gemstones/01246.jpg,Carnelian
gemstones/01247.jpg,Carnelian
gemstones/01248.jpg,Carnelian
gemstones/01249.jpg,Carnelian
gemstones/01250.jpg,Carnelian
gemstones/01251.jpg,Carnelian
gemstones/01253.jpg,Carnelian
gemstones/01254.jpg,Carnelian
gemstones/01255.jpg,Carnelian
gemstones/01256.jpg,Carnelian
gemstones/01257.jpg,Carnelian
gemstones/01258.jpg,Carnelian
gemstones/01259.jpg,Carnelian
gemstones/01260.jpg,Carnelian
gemstones/01261.jpg,Carnelian
gemstones/01262.jpg,Carnelian
gemstones/01263.jpg,Quartz Lemon
gemstones/01264.jpg,Quartz Lemon
gemstones/01265.jpg,Quartz Lemon
gemstones/01266.jpg,Quartz Lemon
gemstones/01267.jpg,Quartz Lemon
gemstones/01268.jpg,Quartz Lemon
gemstones/01269.jpg,Quartz Lemon
gemstones/01270.jpg,Quartz Lemon
gemstones/01271.jpg,Quartz Lemon
gemstones/01272.jpg,Quartz Lemon
gemstones/01273.jpg,Quartz Lemon
gemstones/01274.jpg,Quartz Lemon
gemstones/01276.jpg,Quartz Lemon
gemstones/01277.jpg,Quartz Lemon
gemstones/01279.jpg,Quartz Lemon
gemstones/01280.jpg,Quartz Lemon
gemstones/01281.jpg,Quartz Lemon
gemstones/01283.jpg,Quartz Lemon
gemstones/01284.jpg,Quartz Lemon
gemstones/01285.jpg,Quartz Lemon
gemstones/01286.jpg,Quartz Lemon
gemstones/01287.jpg,Quartz Lemon
gemstones/01288.jpg,Quartz Lemon
gemstones/01289.jpg,Quartz Lemon
gemstones/01290.jpg,Quartz Lemon
gemstones/01291.jpg,Quartz Lemon
gemstones/01292.jpg,Quartz Lemon
gemstones/01293.jpg,Quartz Lemon
gemstones/01294.jpg,Quartz Lemon
gemstones/01295.jpg,Quartz Lemon
gemstones/01296.jpg,Cats Eye
gemstones/01298.jpg,Cats Eye
gemstones/01299.jpg,Cats Eye
gemstones/01300.jpg,Cats Eye
gemstones/01301.jpg,Cats Eye
gemstones/01302.jpg,Cats Eye
gemstones/01303.jpg,Cats Eye
gemstones/01304.jpg,Cats Eye
gemstones/01305.jpg,Cats Eye
gemstones/01306.jpg,Cats Eye
gemstones/01307.jpg,Cats Eye
gemstones/01309.jpg,Cats Eye
gemstones/01311.jpg,Cats Eye
gemstones/01312.jpg,Cats Eye
gemstones/01313.jpg,Cats Eye
gemstones/01314.jpg,Cats Eye
gemstones/01315.jpg,Cats Eye
gemstones/01316.jpg,Cats Eye
gemstones/01317.jpg,Cats Eye
gemstones/01318.jpg,Cats Eye
gemstones/01319.jpg,Cats Eye
gemstones/01320.jpg,Cats Eye
gemstones/01321.jpg,Cats Eye
gemstones/01322.jpg,Cats Eye
gemstones/01323.jpg,Cats Eye
gemstones/01324.jpg,Cats Eye
gemstones/01325.jpg,Cats Eye
gemstones/01326.jpg,Cats Eye
gemstones/01327.jpg,Almandine
gemstones/01328.jpg,Almandine
gemstones/01329.jpg,Almandine
gemstones/01330.jpg,Almandine
gemstones/01331.jpg,Almandine
gemstones/01332.jpg,Almandine
gemstones/01333.jpg,Almandine
gemstones/01335.jpg,Almandine
gemstones/01336.jpg,Almandine
gemstones/01337.jpg,Almandine
gemstones/01338.jpg,Almandine
gemstones/01339.jpg,Almandine
gemstones/01340.jpg,Almandine
gemstones/01341.jpg,Almandine
gemstones/01342.jpg,Almandine
gemstones/01343.jpg,Almandine
gemstones/01344.jpg,Almandine
gemstones/01345.jpg,Almandine
gemstones/01346.jpg,Almandine
gemstones/01347.jpg,Almandine
gemstones/01348.jpg,Almandine
gemstones/01349.jpg,Almandine
gemstones/01350.jpg,Almandine
gemstones/01353.jpg,Almandine
gemstones/01354.jpg,Almandine
gemstones/01355.jpg,Almandine
gemstones/01356.jpg,Almandine
gemstones/01357.jpg,Almandine
gemstones/01358.jpg,Fluorite
gemstones/01359.jpg,Fluorite
gemstones/01360.jpg,Fluorite
gemstones/01361.jpg,Fluorite
gemstones/01362.jpg,Fluorite
gemstones/01364.jpg,Fluorite
gemstones/01365.jpg,Fluorite
gemstones/01366.jpg,Fluorite
gemstones/01367.jpg,Fluorite
gemstones/01368.jpg,Fluorite
gemstones/01369.jpg,Fluorite
gemstones/01370.jpg,Fluorite
gemstones/01371.jpg,Fluorite
gemstones/01372.jpg,Fluorite
gemstones/01373.jpg,Fluorite
gemstones/01374.jpg,Fluorite
gemstones/01375.jpg,Fluorite
gemstones/01376.jpg,Fluorite
gemstones/01377.jpg,Fluorite
gemstones/01378.jpg,Fluorite
gemstones/01379.jpg,Fluorite
gemstones/01380.jpg,Fluorite
gemstones/01381.jpg,Fluorite
gemstones/01382.jpg,Fluorite
gemstones/01385.jpg,Fluorite
gemstones/01386.jpg,Fluorite
gemstones/01387.jpg,Fluorite
gemstones/01388.jpg,Fluorite
gemstones/01389.jpg,Fluorite
gemstones/01390.jpg,Turquoise
gemstones/01391.jpg,Turquoise
gemstones/01392.jpg,Turquoise
gemstones/01393.jpg,Turquoise
gemstones/01394.jpg,Turquoise
gemstones/01395.jpg,Turquoise
gemstones/01396.jpg,Turquoise
gemstones/01397.jpg,Turquoise
gemstones/01398.jpg,Turquoise
gemstones/01399.jpg,Turquoise
gemstones/01400.jpg,Turquoise
gemstones/01401.jpg,Turquoise
gemstones/01402.jpg,Turquoise
gemstones/01403.jpg,Turquoise
gemstones/01404.jpg,Turquoise
gemstones/01406.jpg,Turquoise
gemstones/01407.jpg,Turquoise
gemstones/01408.jpg,Turquoise
gemstones/01409.jpg,Turquoise
gemstones/01410.jpg,Turquoise
gemstones/01411.jpg,Turquoise
gemstones/01412.jpg,Turquoise
gemstones/01413.jpg,Turquoise
gemstones/01414.jpg,Turquoise
gemstones/01415.jpg,Turquoise
gemstones/01416.jpg,Turquoise
gemstones/01417.jpg,Turquoise
gemstones/01420.jpg,Turquoise
gemstones/01421.jpg,Turquoise
gemstones/01422.jpg,Bixbite
gemstones/01423.jpg,Bixbite
gemstones/01424.jpg,Bixbite
gemstones/01425.jpg,Bixbite
gemstones/01426.jpg,Bixbite
gemstones/01427.jpg,Bixbite
gemstones/01428.jpg,Bixbite
gemstones/01429.jpg,Bixbite
gemstones/01430.jpg,Bixbite
gemstones/01431.jpg,Bixbite
gemstones/01432.jpg,Bixbite
gemstones/01433.jpg,Bixbite
gemstones/01434.jpg,Bixbite
gemstones/01435.jpg,Bixbite
gemstones/01436.jpg,Bixbite
gemstones/01437.jpg,Bixbite
gemstones/01438.jpg,Bixbite
gemstones/01439.jpg,Bixbite
gemstones/01440.jpg,Bixbite
gemstones/01441.jpg,Bixbite
gemstones/01442.jpg,Bixbite
gemstones/01443.jpg,Bixbite
gemstones/01445.jpg,Bixbite
gemstones/01446.jpg,Bixbite
gemstones/01447.jpg,Bixbite
gemstones/01448.jpg,Bixbite
gemstones/01450.jpg,Bixbite
gemstones/01451.jpg,Bixbite
gemstones/01452.jpg,Bixbite
gemstones/01453.jpg,Bixbite
gemstones/01454.jpg,Bixbite
gemstones/01455.jpg,Bixbite
gemstones/01456.jpg,Bixbite
gemstones/01458.jpg,Tsavorite
gemstones/01459.jpg,Tsavorite
gemstones/01461.jpg,Tsavorite
gemstones/01463.jpg,Tsavorite
gemstones/01464.jpg,Tsavorite
gemstones/01465.jpg,Tsavorite
gemstones/01466.jpg,Tsavorite
gemstones/01467.jpg,Tsavorite
gemstones/01468.jpg,Tsavorite
gemstones/01469.jpg,Tsavorite
gemstones/01470.jpg,Tsavorite
gemstones/01471.jpg,Tsavorite
gemstones/01472.jpg,Tsavorite
gemstones/01473.jpg,Tsavorite
gemstones/01474.jpg,Tsavorite
gemstones/01475.jpg,Tsavorite
gemstones/01476.jpg,Tsavorite
gemstones/01477.jpg,Tsavorite
gemstones/01478.jpg,Tsavorite
gemstones/01479.jpg,Tsavorite
gemstones/01481.jpg,Tsavorite
gemstones/01482.jpg,Tsavorite
gemstones/01483.jpg,Tsavorite
gemstones/01484.jpg,Tsavorite
gemstones/01485.jpg,Tsavorite
gemstones/01486.jpg,Tsavorite
gemstones/01487.jpg,Tsavorite
gemstones/01488.jpg,Tsavorite
gemstones/01489.jpg,Kunzite
gemstones/01490.jpg,Kunzite
gemstones/01492.jpg,Kunzite
gemstones/01493.jpg,Kunzite
gemstones/01494.jpg,Kunzite
gemstones/01495.jpg,Kunzite
gemstones/01496.jpg,Kunzite
gemstones/01498.jpg,Kunzite
gemstones/01499.jpg,Kunzite
gemstones/01500.jpg,Kunzite
gemstones/01501.jpg,Kunzite
gemstones/01502.jpg,Kunzite
gemstones/01503.jpg,Kunzite
gemstones/01504.jpg,Kunzite
gemstones/01505.jpg,Kunzite
gemstones/01506.jpg,Kunzite
gemstones/01507.jpg,Kunzite
gemstones/01508.jpg,Kunzite
gemstones/01509.jpg,Kunzite
gemstones/01510.jpg,Kunzite
gemstones/01511.jpg,Kunzite
gemstones/01512.jpg,Kunzite
gemstones/01513.jpg,Kunzite
gemstones/01514.jpg,Kunzite
gemstones/01515.jpg,Kunzite
gemstones/01517.jpg,Kunzite
gemstones/01518.jpg,Kunzite
gemstones/01519.jpg,Kunzite
gemstones/01520.jpg,Kunzite
gemstones/01521.jpg,Variscite
gemstones/01522.jpg,Variscite
gemstones/01523.jpg,Variscite
gemstones/01524.jpg,Variscite
gemstones/01525.jpg,Variscite
gemstones/01526.jpg,Variscite
gemstones/01527.jpg,Variscite
gemstones/01528.jpg,Variscite
gemstones/01529.jpg,Variscite
gemstones/01530.jpg,Variscite
gemstones/01531.jpg,Variscite
gemstones/01532.jpg,Variscite
gemstones/01533.jpg,Variscite
gemstones/01534.jpg,Variscite
gemstones/01535.jpg,Variscite
gemstones/01536.jpg,Variscite
gemstones/01537.jpg,Variscite
gemstones/01538.jpg,Variscite
gemstones/01539.jpg,Variscite
gemstones/01540.jpg,Variscite
gemstones/01541.jpg,Variscite
gemstones/01543.jpg,Variscite
gemstones/01544.jpg,Variscite
gemstones/01545.jpg,Variscite
gemstones/01546.jpg,Variscite
gemstones/01547.jpg,Variscite
gemstones/01548.jpg,Variscite
gemstones/01549.jpg,Variscite
gemstones/01551.jpg,Diaspore
gemstones/01552.jpg,Diaspore
gemstones/01553.jpg,Diaspore
gemstones/01554.jpg,Diaspore
gemstones/01555.jpg,Diaspore
gemstones/01556.jpg,Diaspore
gemstones/01557.jpg,Diaspore
gemstones/01558.jpg,Diaspore
gemstones/01559.jpg,Diaspore
gemstones/01560.jpg,Diaspore
gemstones/01561.jpg,Diaspore
gemstones/01562.jpg,Diaspore
gemstones/01563.jpg,Diaspore
gemstones/01564.jpg,Diaspore
gemstones/01565.jpg,Diaspore
gemstones/01566.jpg,Diaspore
gemstones/01567.jpg,Diaspore
gemstones/01568.jpg,Diaspore
gemstones/01570.jpg,Diaspore
gemstones/01572.jpg,Diaspore
gemstones/01573.jpg,Diaspore
gemstones/01574.jpg,Diaspore
gemstones/01575.jpg,Diaspore
gemstones/01576.jpg,Diaspore
gemstones/01578.jpg,Diaspore
gemstones/01579.jpg,Diaspore
gemstones/01580.jpg,Diaspore
gemstones/01581.jpg,Diaspore
gemstones/01582.jpg,Lapis Lazuli
gemstones/01583.jpg,Lapis Lazuli
gemstones/01584.jpg,Lapis Lazuli
gemstones/01585.jpg,Lapis Lazuli
gemstones/01586.jpg,Lapis Lazuli
gemstones/01587.jpg,Lapis Lazuli
gemstones/01588.jpg,Lapis Lazuli
gemstones/01589.jpg,Lapis Lazuli
gemstones/01590.jpg,Lapis Lazuli
gemstones/01591.jpg,Lapis Lazuli
gemstones/01592.jpg,Lapis Lazuli
gemstones/01593.jpg,Lapis Lazuli
gemstones/01594.jpg,Lapis Lazuli
gemstones/01595.jpg,Lapis Lazuli
gemstones/01596.jpg,Lapis Lazuli
gemstones/01597.jpg,Lapis Lazuli
gemstones/01598.jpg,Lapis Lazuli
gemstones/01599.jpg,Lapis Lazuli
gemstones/01600.jpg,Lapis Lazuli
gemstones/01601.jpg,Lapis Lazuli
gemstones/01603.jpg,Lapis Lazuli
gemstones/01605.jpg,Lapis Lazuli
gemstones/01607.jpg,Lapis Lazuli
gemstones/01608.jpg,Lapis Lazuli
gemstones/01609.jpg,Lapis Lazuli
gemstones/01610.jpg,Lapis Lazuli
gemstones/01611.jpg,Lapis Lazuli
gemstones/01612.jpg,Lapis Lazuli
gemstones/01613.jpg,Grossular
gemstones/01614.jpg,Grossular
gemstones/01615.jpg,Grossular
gemstones/01616.jpg,Grossular
gemstones/01617.jpg,Grossular
gemstones/01620.jpg,Grossular
gemstones/01621.jpg,Grossular
gemstones/01622.jpg,Grossular
gemstones/01623.jpg,Grossular
gemstones/01624.jpg,Grossular
gemstones/01625.jpg,Grossular
gemstones/01626.jpg,Grossular
gemstones/01627.jpg,Grossular
gemstones/01628.jpg,Grossular
gemstones/01629.jpg,Grossular
gemstones/01630.jpg,Grossular
gemstones/01631.jpg,Grossular
gemstones/01632.jpg,Grossular
gemstones/01633.jpg,Grossular
gemstones/01634.jpg,Grossular
gemstones/01635.jpg,Grossular
gemstones/01636.jpg,Grossular
gemstones/01638.jpg,Grossular
gemstones/01639.jpg,Grossular
gemstones/01640.jpg,Grossular
gemstones/01641.jpg,Grossular
gemstones/01643.jpg,Sapphire Pink
gemstones/01645.jpg,Sapphire Pink
gemstones/01646.jpg,Sapphire Pink
gemstones/01647.jpg,Sapphire Pink
gemstones/01648.jpg,Sapphire Pink
gemstones/01649.jpg,Sapphire Pink
gemstones/01650.jpg,Sapphire Pink
gemstones/01651.jpg,Sapphire Pink
gemstones/01652.jpg,Sapphire Pink
gemstones/01653.jpg,Sapphire Pink
gemstones/01654.jpg,Sapphire Pink
gemstones/01655.jpg,Sapphire Pink
gemstones/01656.jpg,Sapphire Pink
gemstones/01657.jpg,Sapphire Pink
gemstones/01658.jpg,Sapphire Pink
gemstones/01659.jpg,Sapphire Pink
gemstones/01660.jpg,Sapphire Pink
gemstones/01661.jpg,Sapphire Pink
gemstones/01662.jpg,Sapphire Pink
gemstones/01663.jpg,Sapphire Pink
gemstones/01664.jpg,Sapphire Pink
gemstones/01665.jpg,Sapphire Pink
gemstones/01666.jpg,Sapphire Pink
gemstones/01667.jpg,Sapphire Pink
gemstones/01668.jpg,Sapphire Pink
gemstones/01669.jpg,Sapphire Pink
gemstones/01670.jpg,Sapphire Pink
gemstones/01672.jpg,Larimar
gemstones/01673.jpg,Larimar
gemstones/01674.jpg,Larimar
gemstones/01675.jpg,Larimar
gemstones/01676.jpg,Larimar
gemstones/01677.jpg,Larimar
gemstones/01679.jpg,Larimar
gemstones/01680.jpg,Larimar
gemstones/01681.jpg,Larimar
gemstones/01682.jpg,Larimar
gemstones/01683.jpg,Larimar
gemstones/01684.jpg,Larimar
gemstones/01686.jpg,Larimar
gemstones/01687.jpg,Larimar
gemstones/01688.jpg,Larimar
gemstones/01689.jpg,Larimar
gemstones/01690.jpg,Larimar
gemstones/01691.jpg,Larimar
gemstones/01693.jpg,Larimar
gemstones/01694.jpg,Larimar
gemstones/01695.jpg,Larimar
gemstones/01696.jpg,Larimar
gemstones/01697.jpg,Larimar
gemstones/01698.jpg,Larimar
gemstones/01699.jpg,Benitoite
gemstones/01700.jpg,Benitoite
gemstones/01701.jpg,Benitoite
gemstones/01702.jpg,Benitoite
gemstones/01703.jpg,Benitoite
gemstones/01704.jpg,Benitoite
gemstones/01705.jpg,Benitoite
gemstones/01706.jpg,Benitoite
gemstones/01707.jpg,Benitoite
gemstones/01708.jpg,Benitoite
gemstones/01709.jpg,Benitoite
gemstones/01710.jpg,Benitoite
gemstones/01711.jpg,Benitoite
gemstones/01712.jpg,Benitoite
gemstones/01713.jpg,Benitoite
gemstones/01715.jpg,Benitoite
gemstones/01716.jpg,Benitoite
gemstones/01717.jpg,Benitoite
gemstones/01718.jpg,Benitoite
gemstones/01719.jpg,Benitoite
gemstones/01720.jpg,Benitoite
gemstones/01721.jpg,Benitoite
gemstones/01722.jpg,Benitoite
gemstones/01723.jpg,Benitoite
gemstones/01724.jpg,Benitoite
gemstones/01725.jpg,Benitoite
gemstones/01726.jpg,Benitoite
gemstones/01729.jpg,Benitoite
gemstones/01730.jpg,Tigers Eye
gemstones/01731.jpg,Tigers Eye
gemstones/01732.jpg,Tigers Eye
gemstones/01733.jpg,Tigers Eye
gemstones/01734.jpg,Tigers Eye
gemstones/01735.jpg,Tigers Eye
gemstones/01736.jpg,Tigers Eye
gemstones/01737.jpg,Tigers Eye
gemstones/01739.jpg,Tigers Eye
gemstones/01740.jpg,Tigers Eye
gemstones/01741.jpg,Tigers Eye
gemstones/01742.jpg,Tigers Eye
gemstones/01743.jpg,Tigers Eye
gemstones/01744.jpg,Tigers Eye
gemstones/01745.jpg,Tigers Eye
gemstones/01746.jpg,Tigers Eye
gemstones/01747.jpg,Tigers Eye
gemstones/01748.jpg,Tigers Eye
gemstones/01749.jpg,Tigers Eye
gemstones/01750.jpg,Tigers Eye
gemstones/01751.jpg,Tigers Eye
gemstones/01752.jpg,Tigers Eye
gemstones/01753.jpg,Tigers Eye
gemstones/01754.jpg,Tigers Eye
gemstones/01755.jpg,Tigers Eye
gemstones/01756.jpg,Tigers Eye
gemstones/01757.jpg,Tigers Eye
gemstones/01758.jpg,Tigers Eye
gemstones/01759.jpg,Tigers Eye
gemstones/01760.jpg,Tigers Eye
gemstones/01761.jpg,Tigers Eye
gemstones/01762.jpg,Tigers Eye
gemstones/01763.jpg,Tigers Eye
gemstones/01764.jpg,Tigers Eye
gemstones/01765.jpg,Tigers Eye
gemstones/01766.jpg,Tigers Eye
gemstones/01767.jpg,Tigers Eye
gemstones/01769.jpg,Tigers Eye
gemstones/01771.jpg,Tigers Eye
gemstones/01772.jpg,Tigers Eye
gemstones/01773.jpg,Sapphire Blue
gemstones/01774.jpg,Sapphire Blue
gemstones/01775.jpg,Sapphire Blue
gemstones/01776.jpg,Sapphire Blue
gemstones/01777.jpg,Sapphire Blue
gemstones/01779.jpg,Sapphire Blue
gemstones/01780.jpg,Sapphire Blue
gemstones/01781.jpg,Sapphire Blue
gemstones/01782.jpg,Sapphire Blue
gemstones/01783.jpg,Sapphire Blue
gemstones/01784.jpg,Sapphire Blue
gemstones/01785.jpg,Sapphire Blue
gemstones/01786.jpg,Sapphire Blue
gemstones/01787.jpg,Sapphire Blue
gemstones/01788.jpg,Sapphire Blue
gemstones/01790.jpg,Sapphire Blue
gemstones/01791.jpg,Sapphire Blue
gemstones/01792.jpg,Sapphire Blue
gemstones/01793.jpg,Sapphire Blue
gemstones/01794.jpg,Sapphire Blue
gemstones/01795.jpg,Sapphire Blue
gemstones/01796.jpg,Sapphire Blue
gemstones/01797.jpg,Sapphire Blue
gemstones/01798.jpg,Sapphire Blue
gemstones/01799.jpg,Sapphire Blue
gemstones/01800.jpg,Sapphire Blue
gemstones/01801.jpg,Sapphire Blue
gemstones/01802.jpg,Sapphire Blue
gemstones/01803.jpg,Sapphire Blue
gemstones/01804.jpg,Sapphire Blue
gemstones/01805.jpg,Sapphire Blue
gemstones/01807.jpg,Andradite
gemstones/01810.jpg,Andradite
gemstones/01811.jpg,Andradite
gemstones/01812.jpg,Andradite
gemstones/01813.jpg,Andradite
gemstones/01814.jpg,Andradite
gemstones/01815.jpg,Andradite
gemstones/01816.jpg,Andradite
gemstones/01817.jpg,Andradite
gemstones/01819.jpg,Andradite
gemstones/01820.jpg,Andradite
gemstones/01821.jpg,Andradite
gemstones/01822.jpg,Andradite
gemstones/01823.jpg,Andradite
gemstones/01824.jpg,Andradite
gemstones/01825.jpg,Andradite
gemstones/01826.jpg,Andradite
gemstones/01827.jpg,Andradite
gemstones/01828.jpg,Andradite
gemstones/01829.jpg,Andradite
gemstones/01830.jpg,Andradite
gemstones/01831.jpg,Andradite
gemstones/01832.jpg,Andradite
gemstones/01833.jpg,Andradite
gemstones/01834.jpg,Andradite
gemstones/01835.jpg,Andradite
gemstones/01836.jpg,Andradite
gemstones/01837.jpg,Andradite
gemstones/01838.jpg,Pyrite
gemstones/01839.jpg,Pyrite
gemstones/01840.jpg,Pyrite
gemstones/01841.jpg,Pyrite
gemstones/01842.jpg,Pyrite
gemstones/01843.jpg,Pyrite
gemstones/01844.jpg,Pyrite
gemstones/01845.jpg,Pyrite
gemstones/01846.jpg,Pyrite
gemstones/01847.jpg,Pyrite
gemstones/01848.jpg,Pyrite
gemstones/01849.jpg,Pyrite
gemstones/01850.jpg,Pyrite
gemstones/01851.jpg,Pyrite
gemstones/01852.jpg,Pyrite
gemstones/01853.jpg,Pyrite
gemstones/01854.jpg,Pyrite
gemstones/01855.jpg,Pyrite
gemstones/01856.jpg,Pyrite
gemstones/01857.jpg,Pyrite
gemstones/01858.jpg,Pyrite
gemstones/01860.jpg,Pyrite
gemstones/01861.jpg,Pyrite
gemstones/01862.jpg,Pyrite
gemstones/01863.jpg,Pyrite
gemstones/01864.jpg,Pyrite
gemstones/01865.jpg,Pyrite
gemstones/01866.jpg,Pyrite
gemstones/01867.jpg,Pyrite
gemstones/01869.jpg,Pyrite
gemstones/01870.jpg,Pyrite
gemstones/01871.jpg,Pyrite
gemstones/01872.jpg,Pyrite
gemstones/01873.jpg,Pyrite
gemstones/01874.jpg,Pyrite
gemstones/01875.jpg,Pyrite
gemstones/01876.jpg,Pyrite
gemstones/01877.jpg,Pyrite
gemstones/01878.jpg,Pyrite
gemstones/01879.jpg,Pyrite
gemstones/01880.jpg,Pyrite
gemstones/01881.jpg,Rhodonite
gemstones/01882.jpg,Rhodonite
gemstones/01883.jpg,Rhodonite
gemstones/01884.jpg,Rhodonite
gemstones/01885.jpg,Rhodonite
gemstones/01886.jpg,Rhodonite
gemstones/01887.jpg,Rhodonite
gemstones/01888.jpg,Rhodonite
gemstones/01889.jpg,Rhodonite
gemstones/01890.jpg,Rhodonite
gemstones/01891.jpg,Rhodonite
gemstones/01892.jpg,Rhodonite
gemstones/01893.jpg,Rhodonite
gemstones/01894.jpg,Rhodonite
gemstones/01895.jpg,Rhodonite
gemstones/01896.jpg,Rhodonite
gemstones/01897.jpg,Rhodonite
gemstones/01898.jpg,Rhodonite
gemstones/01899.jpg,Rhodonite
gemstones/01900.jpg,Rhodonite
gemstones/01902.jpg,Rhodonite
gemstones/01903.jpg,Rhodonite
gemstones/01904.jpg,Rhodonite
gemstones/01905.jpg,Rhodonite
gemstones/01906.jpg,Rhodonite
gemstones/01907.jpg,Rhodonite
gemstones/01908.jpg,Rhodonite
gemstones/01909.jpg,Rhodonite
gemstones/01910.jpg,Rhodonite
gemstones/01911.jpg,Rhodonite
gemstones/01914.jpg,Onyx Red
gemstones/01915.jpg,Onyx Red
gemstones/01916.jpg,Onyx Red
gemstones/01917.jpg,Onyx Red
gemstones/01918.jpg,Onyx Red
gemstones/01919.jpg,Onyx Red
gemstones/01920.jpg,Onyx Red
gemstones/01921.jpg,Onyx Red
gemstones/01922.jpg,Onyx Red
gemstones/01923.jpg,Onyx Red
gemstones/01924.jpg,Onyx Red
gemstones/01925.jpg,Onyx Red
gemstones/01926.jpg,Onyx Red
gemstones/01927.jpg,Onyx Red
gemstones/01928.jpg,Onyx Red
gemstones/01929.jpg,Onyx Red
gemstones/01930.jpg,Onyx Red
gemstones/01931.jpg,Onyx Red
gemstones/01934.jpg,Onyx Red
gemstones/01935.jpg,Onyx Red
gemstones/01936.jpg,Onyx Red
gemstones/01937.jpg,Onyx Red
gemstones/01938.jpg,Onyx Red
gemstones/01939.jpg,Onyx Red
gemstones/01940.jpg,Onyx Red
gemstones/01941.jpg,Amazonite
gemstones/01942.jpg,Amazonite
gemstones/01943.jpg,Amazonite
gemstones/01944.jpg,Amazonite
gemstones/01945.jpg,Amazonite
gemstones/01946.jpg,Amazonite
gemstones/01947.jpg,Amazonite
gemstones/01948.jpg,Amazonite
gemstones/01949.jpg,Amazonite
gemstones/01950.jpg,Amazonite
gemstones/01951.jpg,Amazonite
gemstones/01952.jpg,Amazonite
gemstones/01954.jpg,Amazonite
gemstones/01955.jpg,Amazonite
gemstones/01956.jpg,Amazonite
gemstones/01957.jpg,Amazonite
gemstones/01958.jpg,Amazonite
gemstones/01959.jpg,Amazonite
gemstones/01960.jpg,Amazonite
gemstones/01961.jpg,Amazonite
gemstones/01962.jpg,Amazonite
gemstones/01965.jpg,Amazonite
gemstones/01966.jpg,Amazonite
gemstones/01967.jpg,Amazonite
gemstones/01968.jpg,Amazonite
gemstones/01969.jpg,Amazonite
gemstones/01970.jpg,Amazonite
gemstones/01971.jpg,Amazonite
gemstones/01972.jpg,Amazonite
gemstones/01973.jpg,Onyx Green
gemstones/01974.jpg,Onyx Green
gemstones/01975.jpg,Onyx Green
gemstones/01976.jpg,Onyx Green
gemstones/01977.jpg,Onyx Green
gemstones/01978.jpg,Onyx Green
gemstones/01979.jpg,Onyx Green
gemstones/01980.jpg,Onyx Green
gemstones/01981.jpg,Onyx Green
gemstones/01983.jpg,Onyx Green
gemstones/01984.jpg,Onyx Green
gemstones/01985.jpg,Onyx Green
gemstones/01986.jpg,Onyx Green
gemstones/01987.jpg,Onyx Green
gemstones/01988.jpg,Onyx Green
gemstones/01989.jpg,Onyx Green
gemstones/01990.jpg,Onyx Green
gemstones/01991.jpg,Onyx Green
gemstones/01993.jpg,Onyx Green
gemstones/01994.jpg,Onyx Green
gemstones/01995.jpg,Onyx Green
gemstones/01996.jpg,Onyx Green
gemstones/01997.jpg,Onyx Green
gemstones/01999.jpg,Onyx Green
gemstones/02000.jpg,Onyx Green
gemstones/02001.jpg,Rhodolite
gemstones/02002.jpg,Rhodolite
gemstones/02003.jpg,Rhodolite
gemstones/02004.jpg,Rhodolite
gemstones/02006.jpg,Rhodolite
gemstones/02007.jpg,Rhodolite
gemstones/02008.jpg,Rhodolite
gemstones/02009.jpg,Rhodolite
gemstones/02010.jpg,Rhodolite
gemstones/02011.jpg,Rhodolite
gemstones/02012.jpg,Rhodolite
gemstones/02013.jpg,Rhodolite
gemstones/02014.jpg,Rhodolite
gemstones/02015.jpg,Rhodolite
gemstones/02016.jpg,Rhodolite
gemstones/02017.jpg,Rhodolite
gemstones/02018.jpg,Rhodolite
gemstones/02019.jpg,Rhodolite
gemstones/02020.jpg,Rhodolite
gemstones/02021.jpg,Rhodolite
gemstones/02022.jpg,Rhodolite
gemstones/02023.jpg,Rhodolite
gemstones/02024.jpg,Rhodolite
gemstones/02025.jpg,Rhodolite
gemstones/02026.jpg,Rhodolite
gemstones/02027.jpg,Rhodolite
gemstones/02029.jpg,Rhodolite
gemstones/02030.jpg,Rhodolite
gemstones/02031.jpg,Rhodolite
gemstones/02032.jpg,Rhodolite
gemstones/02033.jpg,Rhodolite
gemstones/02034.jpg,Rhodolite
gemstones/02035.jpg,Rhodolite
gemstones/02036.jpg,Rhodolite
gemstones/02037.jpg,Bloodstone
gemstones/02038.jpg,Bloodstone
gemstones/02039.jpg,Bloodstone
gemstones/02040.jpg,Bloodstone
gemstones/02041.jpg,Bloodstone
gemstones/02042.jpg,Bloodstone
gemstones/02043.jpg,Bloodstone
gemstones/02044.jpg,Bloodstone
gemstones/02045.jpg,Bloodstone
gemstones/02046.jpg,Bloodstone
gemstones/02047.jpg,Bloodstone
gemstones/02048.jpg,Bloodstone
gemstones/02049.jpg,Bloodstone
gemstones/02050.jpg,Bloodstone
gemstones/02051.jpg,Bloodstone
gemstones/02052.jpg,Bloodstone
gemstones/02053.jpg,Bloodstone
gemstones/02054.jpg,Bloodstone
gemstones/02055.jpg,Bloodstone
gemstones/02056.jpg,Bloodstone
gemstones/02057.jpg,Bloodstone
gemstones/02058.jpg,Bloodstone
gemstones/02060.jpg,Bloodstone
gemstones/02061.jpg,Bloodstone
gemstones/02062.jpg,Bloodstone
gemstones/02063.jpg,Bloodstone
gemstones/02064.jpg,Bloodstone
gemstones/02066.jpg,Bloodstone
gemstones/02067.jpg,Bloodstone
gemstones/02068.jpg,Bloodstone
gemstones/02070.jpg,Bloodstone
gemstones/02071.jpg,Bloodstone
gemstones/02072.jpg,Kyanite
gemstones/02073.jpg,Kyanite
gemstones/02074.jpg,Kyanite
gemstones/02075.jpg,Kyanite
gemstones/02076.jpg,Kyanite
gemstones/02077.jpg,Kyanite
gemstones/02078.jpg,Kyanite
gemstones/02079.jpg,Kyanite
gemstones/02080.jpg,Kyanite
gemstones/02081.jpg,Kyanite
gemstones/02082.jpg,Kyanite
gemstones/02083.jpg,Kyanite
gemstones/02084.jpg,Kyanite
gemstones/02085.jpg,Kyanite
gemstones/02086.jpg,Kyanite
gemstones/02087.jpg,Kyanite
gemstones/02088.jpg,Kyanite
gemstones/02089.jpg,Kyanite
gemstones/02091.jpg,Kyanite
gemstones/02092.jpg,Kyanite
gemstones/02093.jpg,Kyanite
gemstones/02094.jpg,Kyanite
gemstones/02095.jpg,Kyanite
gemstones/02096.jpg,Kyanite
gemstones/02097.jpg,Kyanite
gemstones/02098.jpg,Kyanite
gemstones/02099.jpg,Kyanite
gemstones/02100.jpg,Kyanite
gemstones/02101.jpg,Chrysoprase
gemstones/02102.jpg,Chrysoprase
gemstones/02103.jpg,Chrysoprase
gemstones/02104.jpg,Chrysoprase
gemstones/02105.jpg,Chrysoprase
gemstones/02106.jpg,Chrysoprase
gemstones/02107.jpg,Chrysoprase
gemstones/02108.jpg,Chrysoprase
gemstones/02109.jpg,Chrysoprase
gemstones/02111.jpg,Chrysoprase
gemstones/02113.jpg,Chrysoprase
gemstones/02114.jpg,Chrysoprase
gemstones/02115.jpg,Chrysoprase
gemstones/02116.jpg,Chrysoprase
gemstones/02117.jpg,Chrysoprase
gemstones/02118.jpg,Chrysoprase
gemstones/02119.jpg,Chrysoprase
gemstones/02120.jpg,Chrysoprase
gemstones/02121.jpg,Chrysoprase
gemstones/02122.jpg,Chrysoprase
gemstones/02123.jpg,Chrysoprase
gemstones/02124.jpg,Chrysoprase
gemstones/02125.jpg,Chrysoprase
gemstones/02126.jpg,Chrysoprase
gemstones/02128.jpg,Chrysoprase
gemstones/02129.jpg,Chrysoprase
gemstones/02130.jpg,Chrysoprase
gemstones/02131.jpg,Spinel
gemstones/02132.jpg,Spinel
gemstones/02133.jpg,Spinel
gemstones/02134.jpg,Spinel
gemstones/02135.jpg,Spinel
gemstones/02136.jpg,Spinel
gemstones/02137.jpg,Spinel
gemstones/02138.jpg,Spinel
gemstones/02139.jpg,Spinel
gemstones/02140.jpg,Spinel
gemstones/02142.jpg,Spinel
gemstones/02145.jpg,Spinel
gemstones/02146.jpg,Spinel
gemstones/02147.jpg,Spinel
gemstones/02148.jpg,Spinel
gemstones/02149.jpg,Spinel
gemstones/02150.jpg,Spinel
gemstones/02151.jpg,Spinel
gemstones/02152.jpg,Spinel
gemstones/02153.jpg,Spinel
gemstones/02154.jpg,Spinel
gemstones/02155.jpg,Spinel
gemstones/02156.jpg,Spinel
gemstones/02157.jpg,Spinel
gemstones/02158.jpg,Spinel
gemstones/02159.jpg,Coral
gemstones/02160.jpg,Coral
gemstones/02161.jpg,Coral
gemstones/02162.jpg,Coral
gemstones/02163.jpg,Coral
gemstones/02164.jpg,Coral
gemstones/02165.jpg,Coral
gemstones/02166.jpg,Coral
gemstones/02167.jpg,Coral
gemstones/02168.jpg,Coral
gemstones/02169.jpg,Coral
gemstones/02170.jpg,Coral
gemstones/02171.jpg,Coral
gemstones/02173.jpg,Coral
gemstones/02174.jpg,Coral
gemstones/02175.jpg,Coral
gemstones/02176.jpg,Coral
gemstones/02177.jpg,Coral
gemstones/02178.jpg,Coral
gemstones/02180.jpg,Coral
gemstones/02181.jpg,Coral
gemstones/02182.jpg,Coral
gemstones/02183.jpg,Coral
gemstones/02184.jpg,Coral
gemstones/02185.jpg,Coral
gemstones/02186.jpg,Coral
gemstones/02187.jpg,Coral
gemstones/02189.jpg,Coral
gemstones/02190.jpg,Chrome Diopside
gemstones/02192.jpg,Chrome Diopside
gemstones/02193.jpg,Chrome Diopside
gemstones/02194.jpg,Chrome Diopside
gemstones/02195.jpg,Chrome Diopside
gemstones/02196.jpg,Chrome Diopside
gemstones/02197.jpg,Chrome Diopside
gemstones/02198.jpg,Chrome Diopside
gemstones/02199.jpg,Chrome Diopside
gemstones/02200.jpg,Chrome Diopside
gemstones/02201.jpg,Chrome Diopside
gemstones/02202.jpg,Chrome Diopside
gemstones/02203.jpg,Chrome Diopside
gemstones/02204.jpg,Chrome Diopside
gemstones/02205.jpg,Chrome Diopside
gemstones/02206.jpg,Chrome Diopside
gemstones/02207.jpg,Chrome Diopside
gemstones/02208.jpg,Chrome Diopside
gemstones/02209.jpg,Chrome Diopside
gemstones/02210.jpg,Chrome Diopside
gemstones/02211.jpg,Chrome Diopside
gemstones/02212.jpg,Chrome Diopside
gemstones/02214.jpg,Chrome Diopside
gemstones/02216.jpg,Chrome Diopside
gemstones/02217.jpg,Chrome Diopside
gemstones/02218.jpg,Chrome Diopside
gemstones/02219.jpg,Chrome Diopside
gemstones/02220.jpg,Chrome Diopside
gemstones/02221.jpg,Chrome Diopside
gemstones/02222.jpg,Hiddenite
gemstones/02223.jpg,Hiddenite
gemstones/02224.jpg,Hiddenite
gemstones/02226.jpg,Hiddenite
gemstones/02227.jpg,Hiddenite
gemstones/02228.jpg,Hiddenite
gemstones/02229.jpg,Hiddenite
gemstones/02230.jpg,Hiddenite
gemstones/02232.jpg,Hiddenite
gemstones/02233.jpg,Hiddenite
gemstones/02234.jpg,Hiddenite
gemstones/02235.jpg,Hiddenite
gemstones/02236.jpg,Hiddenite
gemstones/02237.jpg,Hiddenite
gemstones/02238.jpg,Hiddenite
gemstones/02240.jpg,Hiddenite
gemstones/02241.jpg,Hiddenite
gemstones/02242.jpg,Hiddenite
gemstones/02243.jpg,Hiddenite
gemstones/02244.jpg,Hiddenite
gemstones/02245.jpg,Hiddenite
gemstones/02246.jpg,Hiddenite
gemstones/02247.jpg,Hiddenite
gemstones/02248.jpg,Hiddenite
gemstones/02249.jpg,Hiddenite
gemstones/02250.jpg,Hiddenite
gemstones/02251.jpg,Scapolite
gemstones/02252.jpg,Scapolite
gemstones/02253.jpg,Scapolite
gemstones/02255.jpg,Scapolite
gemstones/02256.jpg,Scapolite
gemstones/02257.jpg,Scapolite
gemstones/02258.jpg,Scapolite
gemstones/02259.jpg,Scapolite
gemstones/02260.jpg,Scapolite
gemstones/02261.jpg,Scapolite
gemstones/02262.jpg,Scapolite
gemstones/02263.jpg,Scapolite
gemstones/02264.jpg,Scapolite
gemstones/02265.jpg,Scapolite
gemstones/02266.jpg,Scapolite
gemstones/02267.jpg,Scapolite
gemstones/02268.jpg,Scapolite
gemstones/02269.jpg,Scapolite
gemstones/02270.jpg,Scapolite
gemstones/02272.jpg,Scapolite
gemstones/02273.jpg,Scapolite
gemstones/02274.jpg,Scapolite
gemstones/02276.jpg,Scapolite
gemstones/02277.jpg,Scapolite
gemstones/02278.jpg,Scapolite
gemstones/02279.jpg,Alexandrite
gemstones/02280.jpg,Alexandrite
gemstones/02282.jpg,Alexandrite
gemstones/02283.jpg,Alexandrite
gemstones/02284.jpg,Alexandrite
gemstones/02285.jpg,Alexandrite
gemstones/02287.jpg,Alexandrite
gemstones/02288.jpg,Alexandrite
gemstones/02289.jpg,Alexandrite
gemstones/02290.jpg,Alexandrite
gemstones/02291.jpg,Alexandrite
gemstones/02292.jpg,Alexandrite
gemstones/02293.jpg,Alexandrite
gemstones/02294.jpg,Alexandrite
gemstones/02295.jpg,Alexandrite
gemstones/02296.jpg,Alexandrite
gemstones/02297.jpg,Alexandrite
gemstones/02298.jpg,Alexandrite
gemstones/02299.jpg,Alexandrite
gemstones/02300.jpg,Alexandrite
gemstones/02301.jpg,Alexandrite
gemstones/02303.jpg,Alexandrite
gemstones/02304.jpg,Alexandrite
gemstones/02305.jpg,Alexandrite
gemstones/02306.jpg,Alexandrite
gemstones/02307.jpg,Alexandrite
gemstones/02308.jpg,Alexandrite
gemstones/02309.jpg,Alexandrite
gemstones/02310.jpg,Alexandrite
gemstones/02311.jpg,Alexandrite
gemstones/02312.jpg,Alexandrite
gemstones/02313.jpg,Amethyst
gemstones/02314.jpg,Amethyst
gemstones/02315.jpg,Amethyst
gemstones/02316.jpg,Amethyst
gemstones/02317.jpg,Amethyst
gemstones/02318.jpg,Amethyst
gemstones/02319.jpg,Amethyst
gemstones/02321.jpg,Amethyst
gemstones/02322.jpg,Amethyst
gemstones/02323.jpg,Amethyst
gemstones/02324.jpg,Amethyst
gemstones/02325.jpg,Amethyst
gemstones/02326.jpg,Amethyst
gemstones/02327.jpg,Amethyst
gemstones/02328.jpg,Amethyst
gemstones/02329.jpg,Amethyst
gemstones/02330.jpg,Amethyst
gemstones/02331.jpg,Amethyst
gemstones/02332.jpg,Amethyst
gemstones/02333.jpg,Amethyst
gemstones/02334.jpg,Amethyst
gemstones/02335.jpg,Amethyst
gemstones/02336.jpg,Amethyst
gemstones/02337.jpg,Amethyst
gemstones/02338.jpg,Amethyst
gemstones/02340.jpg,Amethyst
gemstones/02341.jpg,Amethyst
gemstones/02342.jpg,Amethyst
gemstones/02343.jpg,Amethyst
gemstones/02344.jpg,Amethyst
gemstones/02345.jpg,Amethyst
gemstones/02346.jpg,Amethyst
gemstones/02347.jpg,Amethyst
gemstones/02348.jpg,Garnet Red
gemstones/02349.jpg,Garnet Red
gemstones/02350.jpg,Garnet Red
gemstones/02351.jpg,Garnet Red
gemstones/02354.jpg,Garnet Red
gemstones/02355.jpg,Garnet Red
gemstones/02356.jpg,Garnet Red
gemstones/02357.jpg,Garnet Red
gemstones/02358.jpg,Garnet Red
gemstones/02359.jpg,Garnet Red
gemstones/02360.jpg,Garnet Red
gemstones/02361.jpg,Garnet Red
gemstones/02362.jpg,Garnet Red
gemstones/02363.jpg,Garnet Red
gemstones/02364.jpg,Garnet Red
gemstones/02365.jpg,Garnet Red
gemstones/02366.jpg,Garnet Red
gemstones/02367.jpg,Garnet Red
gemstones/02368.jpg,Garnet Red
gemstones/02369.jpg,Garnet Red
gemstones/02370.jpg,Garnet Red
gemstones/02371.jpg,Garnet Red
gemstones/02372.jpg,Garnet Red
gemstones/02373.jpg,Garnet Red
gemstones/02374.jpg,Garnet Red
gemstones/02375.jpg,Garnet Red
gemstones/02376.jpg,Garnet Red
gemstones/02377.jpg,Garnet Red
gemstones/02378.jpg,Garnet Red
gemstones/02379.jpg,Garnet Red
gemstones/02380.jpg,Garnet Red
gemstones/02381.jpg,Garnet Red
gemstones/02382.jpg,Garnet Red
gemstones/02383.jpg,Garnet Red
gemstones/02384.jpg,Sapphire Yellow
gemstones/02385.jpg,Sapphire Yellow
gemstones/02386.jpg,Sapphire Yellow
gemstones/02387.jpg,Sapphire Yellow
gemstones/02388.jpg,Sapphire Yellow
gemstones/02389.jpg,Sapphire Yellow
gemstones/02391.jpg,Sapphire Yellow
gemstones/02392.jpg,Sapphire Yellow
gemstones/02393.jpg,Sapphire Yellow
gemstones/02394.jpg,Sapphire Yellow
gemstones/02395.jpg,Sapphire Yellow
gemstones/02396.jpg,Sapphire Yellow
gemstones/02397.jpg,Sapphire Yellow
gemstones/02399.jpg,Sapphire Yellow
gemstones/02400.jpg,Sapphire Yellow
gemstones/02401.jpg,Sapphire Yellow
gemstones/02402.jpg,Sapphire Yellow
gemstones/02403.jpg,Sapphire Yellow
gemstones/02404.jpg,Sapphire Yellow
gemstones/02405.jpg,Sapphire Yellow
gemstones/02407.jpg,Sapphire Yellow
gemstones/02408.jpg,Sapphire Yellow
gemstones/02409.jpg,Sapphire Yellow
gemstones/02410.jpg,Sapphire Yellow
gemstones/02411.jpg,Sapphire Yellow
gemstones/02412.jpg,Sapphire Yellow
gemstones/02413.jpg,Sapphire Yellow
gemstones/02414.jpg,Sapphire Yellow
gemstones/02415.jpg,Chrysoberyl
gemstones/02416.jpg,Chrysoberyl
gemstones/02417.jpg,Chrysoberyl
gemstones/02418.jpg,Chrysoberyl
gemstones/02419.jpg,Chrysoberyl
gemstones/02420.jpg,Chrysoberyl
gemstones/02421.jpg,Chrysoberyl
gemstones/02422.jpg,Chrysoberyl
gemstones/02423.jpg,Chrysoberyl
gemstones/02424.jpg,Chrysoberyl
gemstones/02425.jpg,Chrysoberyl
gemstones/02426.jpg,Chrysoberyl
gemstones/02427.jpg,Chrysoberyl
gemstones/02428.jpg,Chrysoberyl
gemstones/02430.jpg,Chrysoberyl
gemstones/02431.jpg,Chrysoberyl
gemstones/02432.jpg,Chrysoberyl
gemstones/02433.jpg,Chrysoberyl
gemstones/02435.jpg,Chrysoberyl
gemstones/02436.jpg,Chrysoberyl
gemstones/02438.jpg,Chrysoberyl
gemstones/02439.jpg,Chrysoberyl
gemstones/02440.jpg,Chrysoberyl
gemstones/02441.jpg,Chrysoberyl
gemstones/02442.jpg,Chrysoberyl
gemstones/02443.jpg,Chrysoberyl
gemstones/02444.jpg,Chrysoberyl
gemstones/02445.jpg,Chrysoberyl
gemstones/02446.jpg,Aventurine Yellow
gemstones/02447.jpg,Aventurine Yellow
gemstones/02448.jpg,Aventurine Yellow
gemstones/02450.jpg,Aventurine Yellow
gemstones/02451.jpg,Aventurine Yellow
gemstones/02452.jpg,Aventurine Yellow
gemstones/02453.jpg,Aventurine Yellow
gemstones/02454.jpg,Aventurine Yellow
gemstones/02455.jpg,Aventurine Yellow
gemstones/02456.jpg,Aventurine Yellow
gemstones/02457.jpg,Aventurine Yellow
gemstones/02458.jpg,Aventurine Yellow
gemstones/02459.jpg,Aventurine Yellow
gemstones/02460.jpg,Aventurine Yellow
gemstones/02461.jpg,Aventurine Yellow
gemstones/02463.jpg,Aventurine Yellow
gemstones/02464.jpg,Aventurine Yellow
gemstones/02465.jpg,Aventurine Yellow
gemstones/02466.jpg,Aventurine Yellow
gemstones/02467.jpg,Aventurine Yellow
gemstones/02468.jpg,Aventurine Yellow
gemstones/02469.jpg,Aventurine Yellow
gemstones/02470.jpg,Aventurine Yellow
gemstones/02471.jpg,Aventurine Yellow
gemstones/02472.jpg,Aventurine Yellow
gemstones/02473.jpg,Aventurine Yellow
gemstones/02474.jpg,Aventurine Yellow
gemstones/02475.jpg,Aventurine Yellow
gemstones/02476.jpg,Aventurine Yellow
gemstones/02477.jpg,Aventurine Yellow
gemstones/02478.jpg,Aventurine Yellow
gemstones/02480.jpg,Topaz
gemstones/02481.jpg,Topaz
gemstones/02482.jpg,Topaz
gemstones/02483.jpg,Topaz
gemstones/02484.jpg,Topaz
gemstones/02485.jpg,Topaz
gemstones/02486.jpg,Topaz
gemstones/02487.jpg,Topaz
gemstones/02488.jpg,Topaz
gemstones/02489.jpg,Topaz
gemstones/02490.jpg,Topaz
gemstones/02491.jpg,Topaz
gemstones/02492.jpg,Topaz
gemstones/02493.jpg,Topaz
gemstones/02494.jpg,Topaz
gemstones/02495.jpg,Topaz
gemstones/02496.jpg,Topaz
gemstones/02497.jpg,Topaz
gemstones/02498.jpg,Topaz
gemstones/02499.jpg,Topaz
gemstones/02500.jpg,Topaz
gemstones/02501.jpg,Topaz
gemstones/02503.jpg,Topaz
gemstones/02505.jpg,Topaz
gemstones/02506.jpg,Topaz
gemstones/02507.jpg,Topaz
gemstones/02508.jpg,Topaz
gemstones/02509.jpg,Topaz
gemstones/02511.jpg,Topaz
gemstones/02512.jpg,Topaz
gemstones/02513.jpg,Topaz
gemstones/02514.jpg,Danburite
gemstones/02515.jpg,Danburite
gemstones/02516.jpg,Danburite
gemstones/02517.jpg,Danburite
gemstones/02518.jpg,Danburite
gemstones/02519.jpg,Danburite
gemstones/02520.jpg,Danburite
gemstones/02521.jpg,Danburite
gemstones/02522.jpg,Danburite
gemstones/02523.jpg,Danburite
gemstones/02524.jpg,Danburite
gemstones/02525.jpg,Danburite
gemstones/02526.jpg,Danburite
gemstones/02527.jpg,Danburite
gemstones/02528.jpg,Danburite
gemstones/02529.jpg,Danburite
gemstones/02531.jpg,Danburite
gemstones/02532.jpg,Danburite
gemstones/02533.jpg,Danburite
gemstones/02534.jpg,Danburite
gemstones/02535.jpg,Danburite
gemstones/02536.jpg,Danburite
gemstones/02537.jpg,Danburite
gemstones/02538.jpg,Danburite
gemstones/02539.jpg,Danburite
gemstones/02541.jpg,Danburite
gemstones/02543.jpg,Danburite
gemstones/02544.jpg,Danburite
gemstones/02545.jpg,Danburite
gemstones/02546.jpg,Tanzanite
gemstones/02547.jpg,Tanzanite
gemstones/02548.jpg,Tanzanite
gemstones/02549.jpg,Tanzanite
gemstones/02550.jpg,Tanzanite
gemstones/02551.jpg,Tanzanite
gemstones/02552.jpg,Tanzanite
gemstones/02553.jpg,Tanzanite
gemstones/02554.jpg,Tanzanite
gemstones/02555.jpg,Tanzanite
gemstones/02556.jpg,Tanzanite
gemstones/02557.jpg,Tanzanite
gemstones/02558.jpg,Tanzanite
gemstones/02559.jpg,Tanzanite
gemstones/02560.jpg,Tanzanite
gemstones/02561.jpg,Tanzanite
gemstones/02562.jpg,Tanzanite
gemstones/02563.jpg,Tanzanite
gemstones/02564.jpg,Tanzanite
gemstones/02565.jpg,Tanzanite
gemstones/02566.jpg,Tanzanite
gemstones/02568.jpg,Tanzanite
gemstones/02569.jpg,Tanzanite
gemstones/02570.jpg,Tanzanite
gemstones/02571.jpg,Tanzanite
gemstones/02572.jpg,Tanzanite
gemstones/02573.jpg,Tanzanite
gemstones/02574.jpg,Tanzanite
gemstones/02575.jpg,Tanzanite
gemstones/02576.jpg,Tanzanite
gemstones/02578.jpg,Tanzanite
gemstones/02579.jpg,Tanzanite
gemstones/02580.jpg,Tanzanite
gemstones/02581.jpg,Tanzanite
gemstones/02582.jpg,Prehnite
gemstones/02583.jpg,Prehnite
gemstones/02584.jpg,Prehnite
gemstones/02585.jpg,Prehnite
gemstones/02586.jpg,Prehnite
gemstones/02587.jpg,Prehnite
gemstones/02588.jpg,Prehnite
gemstones/02589.jpg,Prehnite
gemstones/02590.jpg,Prehnite
gemstones/02591.jpg,Prehnite
gemstones/02592.jpg,Prehnite
gemstones/02594.jpg,Prehnite
gemstones/02595.jpg,Prehnite
gemstones/02596.jpg,Prehnite
gemstones/02597.jpg,Prehnite
gemstones/02598.jpg,Prehnite
gemstones/02600.jpg,Prehnite
gemstones/02601.jpg,Prehnite
gemstones/02602.jpg,Prehnite
gemstones/02603.jpg,Prehnite
gemstones/02604.jpg,Prehnite
gemstones/02605.jpg,Prehnite
gemstones/02606.jpg,Prehnite
gemstones/02607.jpg,Prehnite
gemstones/02608.jpg,Prehnite
gemstones/02609.jpg,Prehnite
gemstones/02610.jpg,Prehnite
gemstones/02612.jpg,Prehnite
gemstones/02613.jpg,Prehnite
gemstones/02614.jpg,Prehnite
gemstones/02615.jpg,Prehnite
gemstones/02616.jpg,Prehnite
gemstones/02617.jpg,Prehnite
gemstones/02618.jpg,Prehnite
gemstones/02619.jpg,Zoisite
gemstones/02620.jpg,Zoisite
gemstones/02621.jpg,Zoisite
gemstones/02622.jpg,Zoisite
gemstones/02623.jpg,Zoisite
gemstones/02624.jpg,Zoisite
gemstones/02625.jpg,Zoisite
gemstones/02626.jpg,Zoisite
gemstones/02627.jpg,Zoisite
gemstones/02628.jpg,Zoisite
gemstones/02629.jpg,Zoisite
gemstones/02630.jpg,Zoisite
gemstones/02632.jpg,Zoisite
gemstones/02633.jpg,Zoisite
gemstones/02634.jpg,Zoisite
gemstones/02635.jpg,Zoisite
gemstones/02636.jpg,Zoisite
gemstones/02637.jpg,Zoisite
gemstones/02638.jpg,Zoisite
gemstones/02639.jpg,Zoisite
gemstones/02640.jpg,Zoisite
gemstones/02641.jpg,Zoisite
gemstones/02642.jpg,Zoisite
gemstones/02643.jpg,Zoisite
gemstones/02644.jpg,Zoisite
gemstones/02645.jpg,Zoisite
gemstones/02646.jpg,Zoisite
gemstones/02648.jpg,Goshenite
gemstones/02649.jpg,Goshenite
gemstones/02650.jpg,Goshenite
gemstones/02651.jpg,Goshenite
gemstones/02652.jpg,Goshenite
gemstones/02653.jpg,Goshenite
gemstones/02654.jpg,Goshenite
gemstones/02655.jpg,Goshenite
gemstones/02656.jpg,Goshenite
gemstones/02657.jpg,Goshenite
gemstones/02658.jpg,Goshenite
gemstones/02659.jpg,Goshenite
gemstones/02660.jpg,Goshenite
gemstones/02661.jpg,Goshenite
gemstones/02662.jpg,Goshenite
gemstones/02663.jpg,Goshenite
gemstones/02664.jpg,Goshenite
gemstones/02665.jpg,Goshenite
gemstones/02667.jpg,Goshenite
gemstones/02668.jpg,Goshenite
gemstones/02669.jpg,Goshenite
gemstones/02670.jpg,Goshenite
gemstones/02671.jpg,Goshenite
gemstones/02673.jpg,Goshenite
gemstones/02674.jpg,Goshenite
gemstones/02675.jpg,Goshenite
gemstones/02676.jpg,Goshenite
gemstones/02677.jpg,Goshenite
gemstones/02678.jpg,Quartz Rutilated
gemstones/02679.jpg,Quartz Rutilated
gemstones/02681.jpg,Quartz Rutilated
gemstones/02682.jpg,Quartz Rutilated
gemstones/02683.jpg,Quartz Rutilated
gemstones/02684.jpg,Quartz Rutilated
gemstones/02685.jpg,Quartz Rutilated
gemstones/02686.jpg,Quartz Rutilated
gemstones/02687.jpg,Quartz Rutilated
gemstones/02688.jpg,Quartz Rutilated
gemstones/02689.jpg,Quartz Rutilated
gemstones/02690.jpg,Quartz Rutilated
gemstones/02691.jpg,Quartz Rutilated
gemstones/02692.jpg,Quartz Rutilated
gemstones/02693.jpg,Quartz Rutilated
gemstones/02694.jpg,Quartz Rutilated
gemstones/02695.jpg,Quartz Rutilated
gemstones/02696.jpg,Quartz Rutilated
gemstones/02697.jpg,Quartz Rutilated
gemstones/02698.jpg,Quartz Rutilated
gemstones/02699.jpg,Quartz Rutilated
gemstones/02701.jpg,Quartz Rutilated
gemstones/02702.jpg,Quartz Rutilated
gemstones/02703.jpg,Quartz Rutilated
gemstones/02704.jpg,Quartz Rutilated
gemstones/02705.jpg,Quartz Rutilated
gemstones/02706.jpg,Quartz Rutilated
gemstones/02708.jpg,Quartz Rutilated
gemstones/02709.jpg,Quartz Rutilated
gemstones/02710.jpg,Quartz Rutilated
gemstones/02711.jpg,Quartz Rutilated
gemstones/02712.jpg,Quartz Rutilated
gemstones/02713.jpg,Quartz Rutilated
gemstones/02714.jpg,Quartz Rutilated
gemstones/02715.jpg,Quartz Rutilated
gemstones/02716.jpg,Quartz Beer
gemstones/02717.jpg,Quartz Beer
gemstones/02718.jpg,Quartz Beer
gemstones/02720.jpg,Quartz Beer
gemstones/02721.jpg,Quartz Beer
gemstones/02722.jpg,Quartz Beer
gemstones/02723.jpg,Quartz Beer
gemstones/02724.jpg,Quartz Beer
gemstones/02725.jpg,Quartz Beer
gemstones/02726.jpg,Quartz Beer
gemstones/02728.jpg,Quartz Beer
gemstones/02729.jpg,Quartz Beer
gemstones/02730.jpg,Quartz Beer
gemstones/02731.jpg,Quartz Beer
gemstones/02732.jpg,Quartz Beer
gemstones/02733.jpg,Quartz Beer
gemstones/02734.jpg,Quartz Beer
gemstones/02735.jpg,Quartz Beer
gemstones/02736.jpg,Quartz Beer
gemstones/02737.jpg,Quartz Beer
gemstones/02739.jpg,Quartz Beer
gemstones/02740.jpg,Quartz Beer
gemstones/02741.jpg,Quartz Beer
gemstones/02742.jpg,Quartz Beer
gemstones/02743.jpg,Quartz Beer
gemstones/02744.jpg,Quartz Beer
gemstones/02745.jpg,Quartz Beer
gemstones/02746.jpg,Quartz Beer
gemstones/02747.jpg,Quartz Beer
gemstones/02748.jpg,Quartz Beer
gemstones/02749.jpg,Quartz Beer
gemstones/02750.jpg,Quartz Beer
gemstones/02751.jpg,Sapphire Purple
gemstones/02752.jpg,Sapphire Purple
gemstones/02753.jpg,Sapphire Purple
gemstones/02754.jpg,Sapphire Purple
gemstones/02755.jpg,Sapphire Purple
gemstones/02756.jpg,Sapphire Purple
gemstones/02757.jpg,Sapphire Purple
gemstones/02758.jpg,Sapphire Purple
gemstones/02759.jpg,Sapphire Purple
gemstones/02760.jpg,Sapphire Purple
gemstones/02761.jpg,Sapphire Purple
gemstones/02762.jpg,Sapphire Purple
gemstones/02763.jpg,Sapphire Purple
gemstones/02764.jpg,Sapphire Purple
gemstones/02765.jpg,Sapphire Purple
gemstones/02766.jpg,Sapphire Purple
gemstones/02767.jpg,Sapphire Purple
gemstones/02768.jpg,Sapphire Purple
gemstones/02769.jpg,Sapphire Purple
gemstones/02770.jpg,Sapphire Purple
gemstones/02771.jpg,Sapphire Purple
gemstones/02772.jpg,Sapphire Purple
gemstones/02773.jpg,Sapphire Purple
gemstones/02774.jpg,Sapphire Purple
gemstones/02776.jpg,Sapphire Purple
gemstones/02777.jpg,Sapphire Purple
gemstones/02778.jpg,Sapphire Purple
gemstones/02779.jpg,Sapphire Purple
gemstones/02780.jpg,Sapphire Purple
gemstones/02782.jpg,Amber
gemstones/02785.jpg,Amber
gemstones/02786.jpg,Amber
gemstones/02787.jpg,Amber
gemstones/02788.jpg,Amber
gemstones/02789.jpg,Amber
gemstones/02790.jpg,Amber
gemstones/02791.jpg,Amber
gemstones/02792.jpg,Amber
gemstones/02793.jpg,Amber
gemstones/02794.jpg,Amber
gemstones/02795.jpg,Amber
gemstones/02796.jpg,Amber
gemstones/02797.jpg,Amber
gemstones/02798.jpg,Amber
gemstones/02799.jpg,Amber
gemstones/02800.jpg,Amber
gemstones/02801.jpg,Amber
gemstones/02803.jpg,Amber
gemstones/02804.jpg,Amber
gemstones/02805.jpg,Amber
gemstones/02806.jpg,Amber
gemstones/02807.jpg,Amber
gemstones/02808.jpg,Amber
gemstones/02809.jpg,Amber
gemstones/02810.jpg,Amber
gemstones/02811.jpg,Amber
gemstones/02812.jpg,Amber
gemstones/02813.jpg,Morganite
gemstones/02814.jpg,Morganite
gemstones/02815.jpg,Morganite
gemstones/02816.jpg,Morganite
gemstones/02817.jpg,Morganite
gemstones/02818.jpg,Morganite
gemstones/02819.jpg,Morganite
gemstones/02820.jpg,Morganite
gemstones/02821.jpg,Morganite
gemstones/02822.jpg,Morganite
gemstones/02823.jpg,Morganite
gemstones/02824.jpg,Morganite
gemstones/02825.jpg,Morganite
gemstones/02826.jpg,Morganite
gemstones/02828.jpg,Morganite
gemstones/02829.jpg,Morganite
gemstones/02830.jpg,Morganite
gemstones/02831.jpg,Morganite
gemstones/02832.jpg,Morganite
gemstones/02833.jpg,Morganite
gemstones/02834.jpg,Morganite
gemstones/02835.jpg,Morganite
gemstones/02836.jpg,Morganite
gemstones/02837.jpg,Morganite
gemstones/02838.jpg,Morganite
gemstones/02839.jpg,Morganite
gemstones/02841.jpg,Morganite
gemstones/02842.jpg,Morganite
gemstones/02843.jpg,Morganite
gemstones/02844.jpg,Aquamarine
gemstones/02845.jpg,Aquamarine
gemstones/02846.jpg,Aquamarine
gemstones/02847.jpg,Aquamarine
gemstones/02848.jpg,Aquamarine
gemstones/02849.jpg,Aquamarine
gemstones/02850.jpg,Aquamarine
gemstones/02851.jpg,Aquamarine
gemstones/02852.jpg,Aquamarine
gemstones/02854.jpg,Aquamarine
gemstones/02855.jpg,Aquamarine
gemstones/02856.jpg,Aquamarine
gemstones/02857.jpg,Aquamarine
gemstones/02858.jpg,Aquamarine
gemstones/02860.jpg,Aquamarine
gemstones/02861.jpg,Aquamarine
gemstones/02862.jpg,Aquamarine
gemstones/02863.jpg,Aquamarine
gemstones/02864.jpg,Aquamarine
gemstones/02865.jpg,Aquamarine
gemstones/02866.jpg,Aquamarine
gemstones/02867.jpg,Aquamarine
gemstones/02868.jpg,Aquamarine
gemstones/02869.jpg,Aquamarine
gemstones/02870.jpg,Aquamarine
gemstones/02871.jpg,Aquamarine
gemstones/02872.jpg,Aquamarine
gemstones/02873.jpg,Aquamarine
gemstones/02874.jpg,Aquamarine
gemstones/02875.jpg,Aquamarine
gemstones/02876.jpg,Aquamarine
gemstones/02877.jpg,Aquamarine
gemstones/02878.jpg,Aquamarine
gemstones/02879.jpg,Aquamarine
gemstones/02880.jpg,Blue Lace Agate
gemstones/02881.jpg,Blue Lace Agate
gemstones/02882.jpg,Blue Lace Agate
gemstones/02883.jpg,Blue Lace Agate
gemstones/02884.jpg,Blue Lace Agate
gemstones/02885.jpg,Blue Lace Agate
gemstones/02886.jpg,Blue Lace Agate
gemstones/02887.jpg,Blue Lace Agate
gemstones/02888.jpg,Blue Lace Agate
gemstones/02890.jpg,Blue Lace Agate
gemstones/02891.jpg,Blue Lace Agate
gemstones/02892.jpg,Blue Lace Agate
gemstones/02893.jpg,Blue Lace Agate
gemstones/02894.jpg,Blue Lace Agate
gemstones/02895.jpg,Blue Lace Agate
gemstones/02896.jpg,Blue Lace Agate
gemstones/02897.jpg,Blue Lace Agate
gemstones/02898.jpg,Blue Lace Agate
gemstones/02899.jpg,Blue Lace Agate
gemstones/02900.jpg,Blue Lace Agate
gemstones/02901.jpg,Blue Lace Agate
gemstones/02902.jpg,Blue Lace Agate
gemstones/02903.jpg,Blue Lace Agate
gemstones/02904.jpg,Blue Lace Agate
gemstones/02905.jpg,Blue Lace Agate
gemstones/02906.jpg,Blue Lace Agate
gemstones/02907.jpg,Blue Lace Agate
gemstones/02908.jpg,Blue Lace Agate
gemstones/02909.jpg,Blue Lace Agate
gemstones/02911.jpg,Blue Lace Agate
gemstones/02912.jpg,Blue Lace Agate
gemstones/02913.jpg,Blue Lace Agate
gemstones/02914.jpg,Blue Lace Agate
gemstones/02915.jpg,Blue Lace Agate
gemstones/02916.jpg,Blue Lace Agate
gemstones/02917.jpg,Aventurine Green
gemstones/02918.jpg,Aventurine Green
gemstones/02919.jpg,Aventurine Green
gemstones/02920.jpg,Aventurine Green
gemstones/02921.jpg,Aventurine Green
gemstones/02922.jpg,Aventurine Green
gemstones/02923.jpg,Aventurine Green
gemstones/02924.jpg,Aventurine Green
gemstones/02925.jpg,Aventurine Green
gemstones/02926.jpg,Aventurine Green
gemstones/02927.jpg,Aventurine Green
gemstones/02928.jpg,Aventurine Green
gemstones/02929.jpg,Aventurine Green
gemstones/02930.jpg,Aventurine Green
gemstones/02932.jpg,Aventurine Green
gemstones/02933.jpg,Aventurine Green
gemstones/02934.jpg,Aventurine Green
gemstones/02935.jpg,Aventurine Green
gemstones/02936.jpg,Aventurine Green
gemstones/02937.jpg,Aventurine Green
gemstones/02939.jpg,Aventurine Green
gemstones/02940.jpg,Aventurine Green
gemstones/02941.jpg,Aventurine Green
gemstones/02942.jpg,Aventurine Green
gemstones/02943.jpg,Aventurine Green
gemstones/02944.jpg,Aventurine Green
gemstones/02946.jpg,Aventurine Green
gemstones/02947.jpg,Aventurine Green
gemstones/02948.jpg,Aventurine Green
gemstones/02949.jpg,Aventurine Green
gemstones/02950.jpg,Aventurine Green
gemstones/02951.jpg,Aventurine Green
gemstones/02952.jpg,Aventurine Green
gemstones/02953.jpg,Aventurine Green
gemstones/02954.jpg,Aventurine Green
gemstones/02955.jpg,Aventurine Green
gemstones/02956.jpg,Aventurine Green
gemstones/02957.jpg,Aventurine Green
gemstones/02958.jpg,Aventurine Green
gemstones/02959.jpg,Aventurine Green
gemstones/02960.jpg,Aventurine Green
gemstones/02961.jpg,Aventurine Green
gemstones/02963.jpg,Malachite
gemstones/02964.jpg,Malachite
gemstones/02965.jpg,Malachite
gemstones/02966.jpg,Malachite
gemstones/02967.jpg,Malachite
gemstones/02968.jpg,Malachite
gemstones/02969.jpg,Malachite
gemstones/02970.jpg,Malachite
gemstones/02971.jpg,Malachite
gemstones/02972.jpg,Malachite
gemstones/02973.jpg,Malachite
gemstones/02974.jpg,Malachite
gemstones/02975.jpg,Malachite
gemstones/02976.jpg,Malachite
gemstones/02977.jpg,Malachite
gemstones/02979.jpg,Malachite
gemstones/02980.jpg,Malachite
gemstones/02982.jpg,Malachite
gemstones/02983.jpg,Malachite
gemstones/02984.jpg,Malachite
gemstones/02985.jpg,Malachite
gemstones/02986.jpg,Malachite
gemstones/02987.jpg,Malachite
gemstones/02988.jpg,Malachite
gemstones/02989.jpg,Malachite
gemstones/02991.jpg,Chrysocolla
gemstones/02992.jpg,Chrysocolla
gemstones/02993.jpg,Chrysocolla
gemstones/02994.jpg,Chrysocolla
gemstones/02995.jpg,Chrysocolla
gemstones/02996.jpg,Chrysocolla
gemstones/02997.jpg,Chrysocolla
gemstones/02998.jpg,Chrysocolla
gemstones/03000.jpg,Chrysocolla
gemstones/03001.jpg,Chrysocolla
gemstones/03002.jpg,Chrysocolla
gemstones/03003.jpg,Chrysocolla
gemstones/03004.jpg,Chrysocolla
gemstones/03005.jpg,Chrysocolla
gemstones/03006.jpg,Chrysocolla
gemstones/03007.jpg,Chrysocolla
gemstones/03008.jpg,Chrysocolla
gemstones/03009.jpg,Chrysocolla
gemstones/03010.jpg,Chrysocolla
gemstones/03012.jpg,Chrysocolla
gemstones/03013.jpg,Chrysocolla
gemstones/03014.jpg,Chrysocolla
gemstones/03015.jpg,Chrysocolla
gemstones/03016.jpg,Chrysocolla
gemstones/03017.jpg,Chrysocolla
gemstones/03018.jpg,Chrysocolla
gemstones/03019.jpg,Chrysocolla
gemstones/03020.jpg,Chrysocolla
gemstones/03021.jpg,Chrysocolla
gemstones/03022.jpg,Chrysocolla
gemstones/03023.jpg,Chrysocolla
gemstones/03024.jpg,Chrysocolla
gemstones/03025.jpg,Chrysocolla
gemstones/03026.jpg,Sphene
gemstones/03027.jpg,Sphene
gemstones/03028.jpg,Sphene
gemstones/03029.jpg,Sphene
gemstones/03031.jpg,Sphene
gemstones/03032.jpg,Sphene
gemstones/03033.jpg,Sphene
gemstones/03034.jpg,Sphene
gemstones/03035.jpg,Sphene
gemstones/03037.jpg,Sphene
gemstones/03038.jpg,Sphene
gemstones/03039.jpg,Sphene
gemstones/03040.jpg,Sphene
gemstones/03041.jpg,Sphene
gemstones/03042.jpg,Sphene
gemstones/03043.jpg,Sphene
gemstones/03044.jpg,Sphene
gemstones/03045.jpg,Sphene
gemstones/03046.jpg,Sphene
gemstones/03047.jpg,Sphene
gemstones/03048.jpg,Sphene
gemstones/03050.jpg,Sphene
gemstones/03051.jpg,Sphene
gemstones/03052.jpg,Sphene
gemstones/03053.jpg,Sphene
gemstones/03054.jpg,Sphene
gemstones/03055.jpg,Sphene
gemstones/03056.jpg,Opal
gemstones/03057.jpg,Opal
gemstones/03058.jpg,Opal
gemstones/03059.jpg,Opal
gemstones/03060.jpg,Opal
gemstones/03061.jpg,Opal
gemstones/03062.jpg,Opal
gemstones/03063.jpg,Opal
gemstones/03064.jpg,Opal
gemstones/03065.jpg,Opal
gemstones/03066.jpg,Opal
gemstones/03067.jpg,Opal
gemstones/03068.jpg,Opal
gemstones/03069.jpg,Opal
gemstones/03070.jpg,Opal
gemstones/03071.jpg,Opal
gemstones/03072.jpg,Opal
gemstones/03073.jpg,Opal
gemstones/03074.jpg,Opal
gemstones/03075.jpg,Opal
gemstones/03076.jpg,Opal
gemstones/03077.jpg,Opal
gemstones/03078.jpg,Opal
gemstones/03080.jpg,Opal
gemstones/03081.jpg,Opal
gemstones/03082.jpg,Opal
gemstones/03083.jpg,Opal
gemstones/03084.jpg,Opal
gemstones/03085.jpg,Opal
gemstones/03086.jpg,Opal
gemstones/03088.jpg,Opal
gemstones/03090.jpg,Opal
gemstones/03091.jpg,Opal
gemstones/03092.jpg,Iolite
gemstones/03094.jpg,Iolite
gemstones/03095.jpg,Iolite
gemstones/03096.jpg,Iolite
gemstones/03097.jpg,Iolite
gemstones/03098.jpg,Iolite
gemstones/03099.jpg,Iolite
gemstones/03100.jpg,Iolite
gemstones/03101.jpg,Iolite
gemstones/03102.jpg,Iolite
gemstones/03103.jpg,Iolite
gemstones/03104.jpg,Iolite
gemstones/03105.jpg,Iolite
gemstones/03106.jpg,Iolite
gemstones/03107.jpg,Iolite
gemstones/03108.jpg,Iolite
gemstones/03109.jpg,Iolite
gemstones/03110.jpg,Iolite
gemstones/03111.jpg,Iolite
gemstones/03112.jpg,Iolite
gemstones/03113.jpg,Iolite
gemstones/03114.jpg,Iolite
gemstones/03115.jpg,Iolite
gemstones/03116.jpg,Iolite
gemstones/03117.jpg,Iolite
gemstones/03119.jpg,Iolite
gemstones/03120.jpg,Iolite
gemstones/03122.jpg,Iolite
gemstones/03123.jpg,Iolite
gemstones/03124.jpg,Moonstone
gemstones/03125.jpg,Moonstone
gemstones/03126.jpg,Moonstone
gemstones/03127.jpg,Moonstone
gemstones/03128.jpg,Moonstone
gemstones/03130.jpg,Moonstone
gemstones/03131.jpg,Moonstone
gemstones/03132.jpg,Moonstone
gemstones/03133.jpg,Moonstone
gemstones/03134.jpg,Moonstone
gemstones/03135.jpg,Moonstone
gemstones/03136.jpg,Moonstone
gemstones/03137.jpg,Moonstone
gemstones/03138.jpg,Moonstone
gemstones/03139.jpg,Moonstone
gemstones/03140.jpg,Moonstone
gemstones/03141.jpg,Moonstone
gemstones/03142.jpg,Moonstone
gemstones/03143.jpg,Moonstone
gemstones/03144.jpg,Moonstone
gemstones/03145.jpg,Moonstone
gemstones/03146.jpg,Moonstone
gemstones/03147.jpg,Moonstone
gemstones/03148.jpg,Moonstone
gemstones/03150.jpg,Moonstone
gemstones/03151.jpg,Moonstone
gemstones/03152.jpg,Moonstone
gemstones/03153.jpg,Moonstone
gemstones/03154.jpg,Moonstone
gemstones/03155.jpg,Moonstone
gemstones/03156.jpg,Moonstone
gemstones/03157.jpg,Moonstone
gemstones/03158.jpg,Moonstone
gemstones/03159.jpg,Moonstone
gemstones/03160.jpg,Quartz Smoky
gemstones/03161.jpg,Quartz Smoky
gemstones/03162.jpg,Quartz Smoky
gemstones/03163.jpg,Quartz Smoky
gemstones/03164.jpg,Quartz Smoky
gemstones/03165.jpg,Quartz Smoky
gemstones/03166.jpg,Quartz Smoky
gemstones/03167.jpg,Quartz Smoky
gemstones/03169.jpg,Quartz Smoky
gemstones/03170.jpg,Quartz Smoky
gemstones/03171.jpg,Quartz Smoky
gemstones/03172.jpg,Quartz Smoky
gemstones/03173.jpg,Quartz Smoky
gemstones/03174.jpg,Quartz Smoky
gemstones/03175.jpg,Quartz Smoky
gemstones/03176.jpg,Quartz Smoky
gemstones/03177.jpg,Quartz Smoky
gemstones/03179.jpg,Quartz Smoky
gemstones/03180.jpg,Quartz Smoky
gemstones/03181.jpg,Quartz Smoky
gemstones/03182.jpg,Quartz Smoky
gemstones/03183.jpg,Quartz Smoky
gemstones/03184.jpg,Quartz Smoky
gemstones/03186.jpg,Quartz Smoky
gemstones/03187.jpg,Quartz Smoky
gemstones/03188.jpg,Quartz Smoky
gemstones/03189.jpg,Quartz Smoky
gemstones/03190.jpg,Rhodochrosite
gemstones/03191.jpg,Rhodochrosite
gemstones/03192.jpg,Rhodochrosite
gemstones/03194.jpg,Rhodochrosite
gemstones/03195.jpg,Rhodochrosite
gemstones/03196.jpg,Rhodochrosite
gemstones/03197.jpg,Rhodochrosite
gemstones/03198.jpg,Rhodochrosite
gemstones/03199.jpg,Rhodochrosite
gemstones/03200.jpg,Rhodochrosite
gemstones/03201.jpg,Rhodochrosite
gemstones/03202.jpg,Rhodochrosite
gemstones/03203.jpg,Rhodochrosite
gemstones/03204.jpg,Rhodochrosite
gemstones/03205.jpg,Rhodochrosite
gemstones/03206.jpg,Rhodochrosite
gemstones/03208.jpg,Rhodochrosite
gemstones/03209.jpg,Rhodochrosite
gemstones/03210.jpg,Rhodochrosite
gemstones/03211.jpg,Rhodochrosite
gemstones/03212.jpg,Rhodochrosite
gemstones/03213.jpg,Rhodochrosite
gemstones/03214.jpg,Rhodochrosite
gemstones/03215.jpg,Rhodochrosite
gemstones/03216.jpg,Rhodochrosite
gemstones/03217.jpg,Rhodochrosite
gemstones/03218.jpg,Rhodochrosite
