image,label
horses-or-humans/00000.png,humans
horses-or-humans/00001.png,humans
horses-or-humans/00002.png,humans
horses-or-humans/00003.png,humans
horses-or-humans/00004.png,humans
horses-or-humans/00006.png,humans
horses-or-humans/00007.png,humans
horses-or-humans/00008.png,humans
horses-or-humans/00010.png,humans
horses-or-humans/00011.png,humans
horses-or-humans/00012.png,humans
horses-or-humans/00013.png,humans
horses-or-humans/00014.png,humans
horses-or-humans/00015.png,humans
horses-or-humans/00016.png,humans
horses-or-humans/00018.png,humans
horses-or-humans/00019.png,humans
horses-or-humans/00020.png,humans
horses-or-humans/00023.png,humans
horses-or-humans/00024.png,humans
horses-or-humans/00025.png,humans
horses-or-humans/00027.png,humans
horses-or-humans/00028.png,humans
horses-or-humans/00029.png,humans
horses-or-humans/00030.png,humans
horses-or-humans/00031.png,humans
horses-or-humans/00032.png,humans
horses-or-humans/00033.png,humans
horses-or-humans/00034.png,humans
horses-or-humans/00035.png,humans
horses-or-humans/00036.png,humans
horses-or-humans/00037.png,humans
horses-or-humans/00039.png,humans
horses-or-humans/00040.png,humans
horses-or-humans/00041.png,humans
horses-or-humans/00042.png,humans
horses-or-humans/00043.png,humans
horses-or-humans/00044.png,humans
horses-or-humans/00045.png,humans
horses-or-humans/00046.png,humans
horses-or-humans/00047.png,humans
horses-or-humans/00049.png,humans
horses-or-humans/00050.png,humans
horses-or-humans/00051.png,humans
horses-or-humans/00052.png,humans
horses-or-humans/00053.png,humans
horses-or-humans/00054.png,humans
horses-or-humans/00056.png,humans
horses-or-humans/00057.png,humans
horses-or-humans/00058.png,humans
horses-or-humans/00059.png,humans
horses-or-humans/00060.png,humans
horses-or-humans/00062.png,humans
horses-or-humans/00063.png,humans
horses-or-humans/00064.png,humans
horses-or-humans/00065.png,humans
horses-or-humans/00066.png,humans
horses-or-humans/00067.png,humans
horses-or-humans/00068.png,humans
horses-or-humans/00069.png,humans
horses-or-humans/00070.png,humans
horses-or-humans/00071.png,humans
horses-or-humans/00072.png,humans
horses-or-humans/00073.png,humans
horses-or-humans/00074.png,humans
horses-or-humans/00075.png,humans
horses-or-humans/00076.png,humans
horses-or-humans/00077.png,humans
horses-or-humans/00079.png,humans
horses-or-humans/00081.png,humans
horses-or-humans/00082.png,humans
horses-or-humans/00083.png,humans
horses-or-humans/00084.png,humans
horses-or-humans/00085.png,humans
horses-or-humans/00086.png,humans
horses-or-humans/00087.png,humans
horses-or-humans/00089.png,humans
horses-or-humans/00090.png,humans
horses-or-humans/00091.png,humans
horses-or-humans/00092.png,humans
horses-or-humans/00093.png,humans
horses-or-humans/00095.png,humans
horses-or-humans/00096.png,humans
horses-or-humans/00097.png,humans
horses-or-humans/00098.png,humans
horses-or-humans/00100.png,humans
horses-or-humans/00101.png,humans
horses-or-humans/00102.png,humans
horses-or-humans/00103.png,humans
horses-or-humans/00104.png,humans
horses-or-humans/00105.png,humans
horses-or-humans/00107.png,humans
horses-or-humans/00108.png,humans
horses-or-humans/00109.png,humans
horses-or-humans/00110.png,humans
horses-or-humans/00111.png,humans
horses-or-humans/00112.png,humans
horses-or-humans/00113.png,humans
horses-or-humans/00114.png,humans
horses-or-humans/00115.png,humans
horses-or-humans/00116.png,humans
horses-or-humans/00117.png,humans
horses-or-humans/00118.png,humans
horses-or-humans/00119.png,humans
horses-or-humans/00120.png,humans
horses-or-humans/00121.png,humans
horses-or-humans/00123.png,humans
horses-or-humans/00124.png,humans
horses-or-humans/00125.png,humans
horses-or-humans/00126.png,humans
horses-or-humans/00127.png,humans
horses-or-humans/00128.png,horses
horses-or-humans/00129.png,horses
horses-or-humans/00130.png,horses
horses-or-humans/00131.png,horses
horses-or-humans/00132.png,horses
horses-or-humans/00133.png,horses
horses-or-humans/00135.png,horses
horses-or-humans/00136.png,horses
horses-or-humans/00137.png,horses
horses-or-humans/00138.png,horses
horses-or-humans/00139.png,horses
horses-or-humans/00140.png,horses
horses-or-humans/00141.png,horses
horses-or-humans/00142.png,horses
horses-or-humans/00143.png,horses
horses-or-humans/00144.png,horses
horses-or-humans/00145.png,horses
horses-or-humans/00146.png,horses
horses-or-humans/00147.png,horses
horses-or-humans/00148.png,horses
horses-or-humans/00149.png,horses
horses-or-humans/00150.png,horses
horses-or-humans/00151.png,horses
horses-or-humans/00152.png,horses
horses-or-humans/00153.png,horses
horses-or-humans/00154.png,horses
horses-or-humans/00157.png,horses
horses-or-humans/00158.png,horses
horses-or-humans/00159.png,horses
horses-or-humans/00160.png,horses
horses-or-humans/00161.png,horses
horses-or-humans/00162.png,horses
horses-or-humans/00163.png,horses
horses-or-humans/00165.png,horses
horses-or-humans/00166.png,horses
horses-or-humans/00167.png,horses
horses-or-humans/00168.png,horses
horses-or-humans/00169.png,horses
horses-or-humans/00170.png,horses
horses-or-humans/00171.png,horses
horses-or-humans/00172.png,horses
horses-or-humans/00173.png,horses
horses-or-humans/00174.png,horses
horses-or-humans/00175.png,horses
horses-or-humans/00176.png,horses
horses-or-humans/00177.png,horses
horses-or-humans/00179.png,horses
horses-or-humans/00180.png,horses
horses-or-humans/00181.png,horses
horses-or-humans/00182.png,horses
horses-or-humans/00183.png,horses
horses-or-humans/00184.png,horses
horses-or-humans/00186.png,horses
horses-or-humans/00187.png,horses
horses-or-humans/00188.png,horses
horses-or-humans/00189.png,horses
horses-or-humans/00190.png,horses
horses-or-humans/00191.png,horses
horses-or-humans/00192.png,horses
horses-or-humans/00193.png,horses
horses-or-humans/00194.png,horses
horses-or-humans/00195.png,horses
horses-or-humans/00196.png,horses
horses-or-humans/00197.png,horses
horses-or-humans/00199.png,horses
horses-or-humans/00200.png,horses
horses-or-humans/00201.png,horses
horses-or-humans/00202.png,horses
horses-or-humans/00203.png,horses
horses-or-humans/00204.png,horses
horses-or-humans/00205.png,horses
horses-or-humans/00206.png,horses
horses-or-humans/00207.png,horses
horses-or-humans/00208.png,horses
horses-or-humans/00209.png,horses
horses-or-humans/00210.png,horses
horses-or-humans/00212.png,horses
horses-or-humans/00213.png,horses
horses-or-humans/00214.png,horses
horses-or-humans/00215.png,horses
horses-or-humans/00216.png,horses
horses-or-humans/00217.png,horses
horses-or-humans/00218.png,horses
horses-or-humans/00220.png,horses
horses-or-humans/00221.png,horses
horses-or-humans/00222.png,horses
horses-or-humans/00223.png,horses
horses-or-humans/00224.png,horses
horses-or-humans/00225.png,horses
horses-or-humans/00226.png,horses
horses-or-humans/00227.png,horses
horses-or-humans/00228.png,horses
horses-or-humans/00229.png,horses
horses-or-humans/00230.png,horses
horses-or-humans/00231.png,horses
horses-or-humans/00232.png,horses
horses-or-humans/00234.png,horses
horses-or-humans/00235.png,horses
horses-or-humans/00236.png,horses
horses-or-humans/00237.png,horses
horses-or-humans/00239.png,horses
horses-or-humans/00240.png,horses
horses-or-humans/00241.png,horses
horses-or-humans/00242.png,horses
horses-or-humans/00243.png,horses
horses-or-humans/00244.png,horses
horses-or-humans/00245.png,horses
horses-or-humans/00246.png,horses
horses-or-humans/00247.png,horses
horses-or-humans/00249.png,horses
horses-or-humans/00250.png,horses
horses-or-humans/00251.png,horses
horses-or-humans/00252.png,horses
horses-or-humans/00253.png,horses
horses-or-humans/00254.png,horses
horses-or-humans/00255.png,horses
horses-or-humans/00256.png,humans
horses-or-humans/00257.png,humans
horses-or-humans/00258.png,humans
horses-or-humans/00259.png,humans
horses-or-humans/00261.png,humans
horses-or-humans/00262.png,humans
horses-or-humans/00263.png,humans
horses-or-humans/00264.png,humans
horses-or-humans/00266.png,humans
horses-or-humans/00267.png,humans
horses-or-humans/00268.png,humans
horses-or-humans/00269.png,humans
horses-or-humans/00270.png,humans
horses-or-humans/00272.png,humans
horses-or-humans/00273.png,humans
horses-or-humans/00274.png,humans
horses-or-humans/00275.png,humans
horses-or-humans/00277.png,humans
horses-or-humans/00278.png,humans
horses-or-humans/00279.png,humans
horses-or-humans/00280.png,humans
horses-or-humans/00281.png,humans
horses-or-humans/00282.png,humans
horses-or-humans/00283.png,humans
horses-or-humans/00285.png,humans
horses-or-humans/00286.png,humans
horses-or-humans/00287.png,humans
horses-or-humans/00288.png,humans
horses-or-humans/00289.png,humans
horses-or-humans/00290.png,humans
horses-or-humans/00291.png,humans
horses-or-humans/00292.png,humans
horses-or-humans/00293.png,humans
horses-or-humans/00294.png,humans
horses-or-humans/00295.png,humans
horses-or-humans/00296.png,humans
horses-or-humans/00297.png,humans
horses-or-humans/00298.png,humans
horses-or-humans/00299.png,humans
horses-or-humans/00300.png,humans
horses-or-humans/00302.png,humans
horses-or-humans/00304.png,humans
horses-or-humans/00305.png,humans
horses-or-humans/00306.png,humans
horses-or-humans/00307.png,humans
horses-or-humans/00308.png,humans
horses-or-humans/00309.png,humans
horses-or-humans/00310.png,humans
horses-or-humans/00311.png,humans
horses-or-humans/00312.png,humans
horses-or-humans/00313.png,humans
horses-or-humans/00314.png,humans
horses-or-humans/00315.png,humans
horses-or-humans/00316.png,humans
horses-or-humans/00317.png,humans
horses-or-humans/00318.png,humans
horses-or-humans/00319.png,humans
horses-or-humans/00320.png,humans
horses-or-humans/00321.png,humans
horses-or-humans/00322.png,humans
horses-or-humans/00323.png,humans
horses-or-humans/00324.png,humans
horses-or-humans/00325.png,humans
horses-or-humans/00327.png,humans
horses-or-humans/00328.png,humans
horses-or-humans/00329.png,humans
horses-or-humans/00330.png,humans
horses-or-humans/00332.png,humans
horses-or-humans/00333.png,humans
horses-or-humans/00334.png,humans
horses-or-humans/00335.png,humans
horses-or-humans/00336.png,humans
horses-or-humans/00337.png,humans
horses-or-humans/00338.png,humans
horses-or-humans/00340.png,humans
horses-or-humans/00341.png,humans
horses-or-humans/00342.png,humans
horses-or-humans/00343.png,humans
horses-or-humans/00344.png,humans
horses-or-humans/00345.png,humans
horses-or-humans/00346.png,humans
horses-or-humans/00347.png,humans
horses-or-humans/00348.png,humans
horses-or-humans/00349.png,humans
horses-or-humans/00350.png,humans
horses-or-humans/00351.png,humans
horses-or-humans/00352.png,humans
horses-or-humans/00353.png,humans
horses-or-humans/00354.png,humans
horses-or-humans/00355.png,humans
horses-or-humans/00356.png,humans
horses-or-humans/00357.png,humans
horses-or-humans/00358.png,humans
horses-or-humans/00359.png,humans
horses-or-humans/00361.png,humans
horses-or-humans/00362.png,humans
horses-or-humans/00363.png,humans
horses-or-humans/00364.png,humans
horses-or-humans/00367.png,humans
horses-or-humans/00369.png,humans
horses-or-humans/00370.png,humans
horses-or-humans/00371.png,humans
horses-or-humans/00372.png,humans
horses-or-humans/00373.png,humans
horses-or-humans/00374.png,humans
horses-or-humans/00375.png,humans
horses-or-humans/00376.png,humans
horses-or-humans/00377.png,humans
horses-or-humans/00378.png,humans
horses-or-humans/00379.png,humans
horses-or-humans/00380.png,humans
horses-or-humans/00381.png,humans
horses-or-humans/00382.png,humans
horses-or-humans/00385.png,horses
horses-or-humans/00387.png,horses
horses-or-humans/00389.png,horses
horses-or-humans/00390.png,horses
horses-or-humans/00391.png,horses
horses-or-humans/00393.png,horses
horses-or-humans/00394.png,horses
horses-or-humans/00395.png,horses
horses-or-humans/00396.png,horses
horses-or-humans/00397.png,horses
horses-or-humans/00398.png,horses
horses-or-humans/00400.png,horses
horses-or-humans/00402.png,horses
horses-or-humans/00403.png,horses
horses-or-humans/00404.png,horses
horses-or-humans/00405.png,horses
horses-or-humans/00407.png,horses
horses-or-humans/00408.png,horses
horses-or-humans/00410.png,horses
horses-or-humans/00411.png,horses
horses-or-humans/00412.png,horses
horses-or-humans/00413.png,horses
horses-or-humans/00414.png,horses
horses-or-humans/00415.png,horses
horses-or-humans/00416.png,horses
horses-or-humans/00417.png,horses
horses-or-humans/00418.png,horses
horses-or-humans/00419.png,horses
horses-or-humans/00420.png,horses
horses-or-humans/00421.png,horses
horses-or-humans/00422.png,horses
horses-or-humans/00423.png,horses
horses-or-humans/00424.png,horses
horses-or-humans/00425.png,horses
horses-or-humans/00426.png,horses
horses-or-humans/00427.png,horses
horses-or-humans/00428.png,horses
horses-or-humans/00429.png,horses
horses-or-humans/00430.png,horses
horses-or-humans/00431.png,horses
horses-or-humans/00432.png,horses
horses-or-humans/00433.png,horses
horses-or-humans/00434.png,horses
horses-or-humans/00435.png,horses
horses-or-humans/00436.png,horses
horses-or-humans/00437.png,horses
horses-or-humans/00438.png,horses
horses-or-humans/00439.png,horses
horses-or-humans/00440.png,horses
horses-or-humans/00442.png,horses
horses-or-humans/00443.png,horses
horses-or-humans/00444.png,horses
horses-or-humans/00445.png,horses
horses-or-humans/00448.png,horses
horses-or-humans/00449.png,horses
horses-or-humans/00450.png,horses
horses-or-humans/00451.png,horses
horses-or-humans/00452.png,horses
horses-or-humans/00453.png,horses
horses-or-humans/00454.png,horses
horses-or-humans/00455.png,horses
horses-or-humans/00457.png,horses
horses-or-humans/00459.png,horses
horses-or-humans/00460.png,horses
horses-or-humans/00461.png,horses
horses-or-humans/00462.png,horses
horses-or-humans/00463.png,horses
horses-or-humans/00464.png,horses
horses-or-humans/00465.png,horses
horses-or-humans/00466.png,horses
horses-or-humans/00468.png,horses
horses-or-humans/00469.png,horses
horses-or-humans/00470.png,horses
horses-or-humans/00471.png,horses
horses-or-humans/00472.png,horses
horses-or-humans/00473.png,horses
horses-or-humans/00474.png,horses
horses-or-humans/00475.png,horses
horses-or-humans/00476.png,horses
horses-or-humans/00478.png,horses
horses-or-humans/00479.png,horses
horses-or-humans/00481.png,horses
horses-or-humans/00482.png,horses
horses-or-humans/00483.png,horses
horses-or-humans/00484.png,horses
horses-or-humans/00485.png,horses
horses-or-humans/00487.png,horses
horses-or-humans/00488.png,horses
horses-or-humans/00489.png,horses
horses-or-humans/00491.png,horses
horses-or-humans/00492.png,horses
horses-or-humans/00494.png,horses
horses-or-humans/00495.png,horses
horses-or-humans/00496.png,horses
horses-or-humans/00497.png,horses
horses-or-humans/00498.png,horses
horses-or-humans/00500.png,horses
horses-or-humans/00501.png,horses
horses-or-humans/00504.png,horses
horses-or-humans/00505.png,horses
horses-or-humans/00506.png,horses
horses-or-humans/00507.png,horses
horses-or-humans/00508.png,horses
horses-or-humans/00509.png,horses
horses-or-humans/00510.png,horses
horses-or-humans/00511.png,horses
horses-or-humans/00512.png,humans
horses-or-humans/00514.png,humans
horses-or-humans/00515.png,humans
horses-or-humans/00516.png,humans
horses-or-humans/00517.png,humans
horses-or-humans/00518.png,humans
horses-or-humans/00519.png,humans
horses-or-humans/00520.png,humans
horses-or-humans/00522.png,humans
horses-or-humans/00523.png,humans
horses-or-humans/00524.png,humans
horses-or-humans/00525.png,humans
horses-or-humans/00526.png,humans
horses-or-humans/00527.png,humans
horses-or-humans/00528.png,humans
horses-or-humans/00529.png,humans
horses-or-humans/00530.png,humans
horses-or-humans/00531.png,humans
horses-or-humans/00532.png,humans
horses-or-humans/00534.png,humans
horses-or-humans/00535.png,humans
horses-or-humans/00536.png,humans
horses-or-humans/00537.png,humans
horses-or-humans/00538.png,humans
horses-or-humans/00539.png,humans
horses-or-humans/00540.png,humans
horses-or-humans/00541.png,humans
horses-or-humans/00542.png,humans
horses-or-humans/00543.png,humans
horses-or-humans/00544.png,humans
horses-or-humans/00546.png,humans
horses-or-humans/00547.png,humans
horses-or-humans/00548.png,humans
horses-or-humans/00549.png,humans
horses-or-humans/00550.png,humans
horses-or-humans/00551.png,humans
horses-or-humans/00552.png,humans
horses-or-humans/00553.png,humans
horses-or-humans/00554.png,humans
horses-or-humans/00555.png,humans
horses-or-humans/00556.png,humans
horses-or-humans/00558.png,humans
horses-or-humans/00559.png,humans
horses-or-humans/00560.png,humans
horses-or-humans/00562.png,humans
horses-or-humans/00563.png,humans
horses-or-humans/00564.png,humans
horses-or-humans/00565.png,humans
horses-or-humans/00567.png,humans
horses-or-humans/00569.png,humans
horses-or-humans/00570.png,humans
horses-or-humans/00571.png,humans
horses-or-humans/00572.png,humans
horses-or-humans/00573.png,humans
horses-or-humans/00574.png,humans
horses-or-humans/00575.png,humans
horses-or-humans/00576.png,humans
horses-or-humans/00577.png,humans
horses-or-humans/00578.png,humans
horses-or-humans/00579.png,humans
horses-or-humans/00580.png,humans
horses-or-humans/00581.png,humans
horses-or-humans/00582.png,humans
horses-or-humans/00583.png,humans
horses-or-humans/00584.png,humans
horses-or-humans/00585.png,humans
horses-or-humans/00586.png,humans
horses-or-humans/00587.png,humans
horses-or-humans/00588.png,humans
horses-or-humans/00589.png,humans
horses-or-humans/00590.png,humans
horses-or-humans/00591.png,humans
horses-or-humans/00592.png,humans
horses-or-humans/00593.png,humans
horses-or-humans/00594.png,humans
horses-or-humans/00595.png,humans
horses-or-humans/00596.png,humans
horses-or-humans/00597.png,humans
horses-or-humans/00598.png,humans
horses-or-humans/00599.png,humans
horses-or-humans/00600.png,humans
horses-or-humans/00602.png,humans
horses-or-humans/00603.png,humans
horses-or-humans/00604.png,humans
horses-or-humans/00606.png,humans
horses-or-humans/00607.png,humans
horses-or-humans/00608.png,humans
horses-or-humans/00609.png,humans
horses-or-humans/00610.png,humans
horses-or-humans/00611.png,humans
horses-or-humans/00612.png,humans
horses-or-humans/00613.png,humans
horses-or-humans/00614.png,humans
horses-or-humans/00615.png,humans
horses-or-humans/00616.png,humans
horses-or-humans/00618.png,humans
horses-or-humans/00619.png,humans
horses-or-humans/00620.png,humans
horses-or-humans/00621.png,humans
horses-or-humans/00622.png,humans
horses-or-humans/00623.png,humans
horses-or-humans/00624.png,humans
horses-or-humans/00625.png,humans
horses-or-humans/00626.png,humans
horses-or-humans/00627.png,humans
horses-or-humans/00628.png,humans
horses-or-humans/00629.png,humans
horses-or-humans/00630.png,humans
horses-or-humans/00631.png,humans
horses-or-humans/00632.png,humans
horses-or-humans/00633.png,humans
horses-or-humans/00634.png,humans
horses-or-humans/00635.png,humans
horses-or-humans/00636.png,humans
horses-or-humans/00637.png,humans
horses-or-humans/00638.png,humans
horses-or-humans/00639.png,humans
horses-or-humans/00640.png,humans
horses-or-humans/00641.png,humans
horses-or-humans/00642.png,humans
horses-or-humans/00643.png,humans
horses-or-humans/00644.png,humans
horses-or-humans/00646.png,humans
horses-or-humans/00647.png,humans
horses-or-humans/00648.png,humans
horses-or-humans/00649.png,humans
horses-or-humans/00650.png,humans
horses-or-humans/00651.png,humans
horses-or-humans/00653.png,humans
horses-or-humans/00654.png,humans
horses-or-humans/00655.png,humans
horses-or-humans/00656.png,humans
horses-or-humans/00657.png,humans
horses-or-humans/00658.png,humans
horses-or-humans/00659.png,humans
horses-or-humans/00660.png,humans
horses-or-humans/00661.png,humans
horses-or-humans/00662.png,humans
horses-or-humans/00663.png,humans
horses-or-humans/00664.png,humans
horses-or-humans/00665.png,humans
horses-or-humans/00666.png,humans
horses-or-humans/00667.png,humans
horses-or-humans/00668.png,humans
horses-or-humans/00669.png,humans
horses-or-humans/00670.png,humans
horses-or-humans/00671.png,humans
horses-or-humans/00672.png,humans
horses-or-humans/00673.png,humans
horses-or-humans/00674.png,humans
horses-or-humans/00675.png,humans
horses-or-humans/00676.png,humans
horses-or-humans/00677.png,humans
horses-or-humans/00678.png,humans
horses-or-humans/00679.png,humans
horses-or-humans/00680.png,humans
horses-or-humans/00681.png,humans
horses-or-humans/00682.png,humans
horses-or-humans/00684.png,humans
horses-or-humans/00686.png,humans
horses-or-humans/00687.png,humans
horses-or-humans/00688.png,humans
horses-or-humans/00689.png,humans
horses-or-humans/00690.png,humans
horses-or-humans/00691.png,humans
horses-or-humans/00692.png,humans
horses-or-humans/00693.png,humans
horses-or-humans/00694.png,humans
horses-or-humans/00695.png,humans
horses-or-humans/00696.png,humans
horses-or-humans/00697.png,humans
horses-or-humans/00698.png,humans
horses-or-humans/00700.png,humans
horses-or-humans/00701.png,humans
horses-or-humans/00702.png,humans
horses-or-humans/00703.png,humans
horses-or-humans/00704.png,humans
horses-or-humans/00705.png,humans
horses-or-humans/00707.png,humans
horses-or-humans/00709.png,humans
horses-or-humans/00710.png,humans
horses-or-humans/00711.png,humans
horses-or-humans/00712.png,humans
horses-or-humans/00713.png,humans
horses-or-humans/00714.png,humans
horses-or-humans/00715.png,humans
horses-or-humans/00716.png,humans
horses-or-humans/00719.png,humans
horses-or-humans/00720.png,humans
horses-or-humans/00721.png,humans
horses-or-humans/00722.png,humans
horses-or-humans/00723.png,humans
horses-or-humans/00724.png,humans
horses-or-humans/00725.png,humans
horses-or-humans/00726.png,humans
horses-or-humans/00727.png,humans
horses-or-humans/00728.png,humans
horses-or-humans/00729.png,humans
horses-or-humans/00730.png,humans
horses-or-humans/00731.png,humans
horses-or-humans/00732.png,humans
horses-or-humans/00733.png,humans
horses-or-humans/00734.png,humans
horses-or-humans/00736.png,humans
horses-or-humans/00737.png,humans
horses-or-humans/00738.png,humans
horses-or-humans/00739.png,humans
horses-or-humans/00740.png,humans
horses-or-humans/00741.png,humans
horses-or-humans/00742.png,humans
horses-or-humans/00743.png,humans
horses-or-humans/00744.png,humans
horses-or-humans/00745.png,humans
horses-or-humans/00746.png,humans
horses-or-humans/00747.png,humans
horses-or-humans/00748.png,humans
horses-or-humans/00749.png,humans
horses-or-humans/00750.png,humans
horses-or-humans/00751.png,humans
horses-or-humans/00752.png,humans
horses-or-humans/00753.png,humans
horses-or-humans/00754.png,humans
horses-or-humans/00755.png,humans
horses-or-humans/00756.png,humans
horses-or-humans/00757.png,humans
horses-or-humans/00758.png,humans
horses-or-humans/00759.png,humans
horses-or-humans/00760.png,humans
horses-or-humans/00761.png,humans
horses-or-humans/00762.png,humans
horses-or-humans/00763.png,humans
horses-or-humans/00764.png,humans
horses-or-humans/00765.png,humans
horses-or-humans/00766.png,humans
horses-or-humans/00767.png,humans
horses-or-humans/00769.png,humans
horses-or-humans/00770.png,humans
horses-or-humans/00771.png,humans
horses-or-humans/00772.png,humans
horses-or-humans/00773.png,humans
horses-or-humans/00775.png,humans
horses-or-humans/00776.png,humans
horses-or-humans/00778.png,humans
horses-or-humans/00779.png,humans
horses-or-humans/00781.png,humans
horses-or-humans/00782.png,humans
horses-or-humans/00783.png,humans
horses-or-humans/00785.png,humans
horses-or-humans/00786.png,humans
horses-or-humans/00787.png,humans
horses-or-humans/00788.png,humans
horses-or-humans/00789.png,humans
horses-or-humans/00790.png,humans
horses-or-humans/00791.png,humans
horses-or-humans/00792.png,humans
horses-or-humans/00793.png,humans
horses-or-humans/00794.png,humans
horses-or-humans/00795.png,humans
horses-or-humans/00796.png,humans
horses-or-humans/00797.png,humans
horses-or-humans/00798.png,humans
horses-or-humans/00799.png,humans
horses-or-humans/00801.png,humans
horses-or-humans/00802.png,humans
horses-or-humans/00803.png,humans
horses-or-humans/00805.png,humans
horses-or-humans/00806.png,humans
horses-or-humans/00808.png,humans
horses-or-humans/00809.png,humans
horses-or-humans/00810.png,humans
horses-or-humans/00811.png,humans
horses-or-humans/00812.png,humans
horses-or-humans/00813.png,humans
horses-or-humans/00814.png,humans
horses-or-humans/00815.png,humans
horses-or-humans/00816.png,humans
horses-or-humans/00817.png,humans
horses-or-humans/00818.png,humans
horses-or-humans/00819.png,humans
horses-or-humans/00820.png,humans
horses-or-humans/00821.png,humans
horses-or-humans/00822.png,humans
horses-or-humans/00823.png,humans
horses-or-humans/00824.png,humans
horses-or-humans/00825.png,humans
horses-or-humans/00826.png,humans
horses-or-humans/00827.png,humans
horses-or-humans/00828.png,humans
horses-or-humans/00829.png,humans
horses-or-humans/00830.png,humans
horses-or-humans/00831.png,humans
horses-or-humans/00832.png,humans
horses-or-humans/00833.png,humans
horses-or-humans/00834.png,humans
horses-or-humans/00835.png,humans
horses-or-humans/00837.png,humans
horses-or-humans/00838.png,humans
horses-or-humans/00839.png,humans
horses-or-humans/00840.png,humans
horses-or-humans/00841.png,humans
horses-or-humans/00842.png,humans
horses-or-humans/00843.png,humans
horses-or-humans/00844.png,humans
horses-or-humans/00845.png,humans
horses-or-humans/00847.png,humans
horses-or-humans/00848.png,humans
horses-or-humans/00849.png,humans
horses-or-humans/00850.png,humans
horses-or-humans/00851.png,humans
horses-or-humans/00852.png,humans
horses-or-humans/00853.png,humans
horses-or-humans/00854.png,humans
horses-or-humans/00855.png,humans
horses-or-humans/00856.png,humans
horses-or-humans/00857.png,humans
horses-or-humans/00858.png,humans
horses-or-humans/00860.png,humans
horses-or-humans/00861.png,humans
horses-or-humans/00862.png,humans
horses-or-humans/00863.png,humans
horses-or-humans/00864.png,humans
horses-or-humans/00865.png,humans
horses-or-humans/00867.png,humans
horses-or-humans/00870.png,humans
horses-or-humans/00871.png,humans
horses-or-humans/00872.png,humans
horses-or-humans/00873.png,humans
horses-or-humans/00875.png,humans
horses-or-humans/00876.png,humans
horses-or-humans/00877.png,humans
horses-or-humans/00878.png,humans
horses-or-humans/00879.png,humans
horses-or-humans/00880.png,humans
horses-or-humans/00881.png,humans
horses-or-humans/00882.png,humans
horses-or-humans/00883.png,humans
horses-or-humans/00884.png,humans
horses-or-humans/00885.png,humans
horses-or-humans/00886.png,humans
horses-or-humans/00887.png,humans
horses-or-humans/00888.png,humans
horses-or-humans/00889.png,humans
horses-or-humans/00890.png,humans
horses-or-humans/00891.png,humans
horses-or-humans/00892.png,humans
horses-or-humans/00893.png,humans
horses-or-humans/00894.png,humans
horses-or-humans/00895.png,humans
horses-or-humans/00896.png,humans
horses-or-humans/00898.png,humans
horses-or-humans/00899.png,humans
horses-or-humans/00900.png,humans
horses-or-humans/00901.png,humans
horses-or-humans/00902.png,humans
horses-or-humans/00903.png,humans
horses-or-humans/00904.png,humans
horses-or-humans/00905.png,humans
horses-or-humans/00906.png,humans
horses-or-humans/00907.png,humans
horses-or-humans/00908.png,humans
horses-or-humans/00909.png,humans
horses-or-humans/00910.png,humans
horses-or-humans/00911.png,humans
horses-or-humans/00913.png,humans
horses-or-humans/00914.png,humans
horses-or-humans/00915.png,humans
horses-or-humans/00916.png,humans
horses-or-humans/00917.png,humans
horses-or-humans/00918.png,humans
horses-or-humans/00919.png,humans
horses-or-humans/00920.png,humans
horses-or-humans/00921.png,humans
horses-or-humans/00922.png,humans
horses-or-humans/00923.png,humans
horses-or-humans/00924.png,humans
horses-or-humans/00925.png,humans
horses-or-humans/00926.png,humans
horses-or-humans/00927.png,humans
horses-or-humans/00928.png,humans
horses-or-humans/00929.png,humans
horses-or-humans/00930.png,humans
horses-or-humans/00931.png,humans
horses-or-humans/00932.png,humans
horses-or-humans/00933.png,humans
horses-or-humans/00934.png,humans
horses-or-humans/00935.png,humans
horses-or-humans/00936.png,humans
horses-or-humans/00937.png,humans
horses-or-humans/00939.png,humans
horses-or-humans/00940.png,humans
horses-or-humans/00942.png,humans
horses-or-humans/00944.png,humans
horses-or-humans/00945.png,humans
horses-or-humans/00946.png,humans
horses-or-humans/00947.png,humans
horses-or-humans/00949.png,humans
horses-or-humans/00950.png,humans
horses-or-humans/00951.png,humans
horses-or-humans/00952.png,humans
horses-or-humans/00953.png,humans
horses-or-humans/00954.png,humans
horses-or-humans/00955.png,humans
horses-or-humans/00956.png,humans
horses-or-humans/00957.png,humans
horses-or-humans/00958.png,humans
horses-or-humans/00959.png,humans
horses-or-humans/00960.png,humans
horses-or-humans/00962.png,humans
horses-or-humans/00963.png,humans
horses-or-humans/00964.png,humans
horses-or-humans/00965.png,humans
horses-or-humans/00966.png,humans
horses-or-humans/00967.png,humans
horses-or-humans/00968.png,humans
horses-or-humans/00969.png,humans
horses-or-humans/00970.png,humans
horses-or-humans/00971.png,humans
horses-or-humans/00974.png,humans
horses-or-humans/00976.png,humans
horses-or-humans/00978.png,humans
horses-or-humans/00979.png,humans
horses-or-humans/00981.png,humans
horses-or-humans/00982.png,humans
horses-or-humans/00983.png,humans
horses-or-humans/00984.png,humans
horses-or-humans/00985.png,humans
horses-or-humans/00986.png,humans
horses-or-humans/00987.png,humans
horses-or-humans/00988.png,humans
horses-or-humans/00989.png,humans
horses-or-humans/00990.png,humans
horses-or-humans/00991.png,humans
horses-or-humans/00992.png,humans
horses-or-humans/00993.png,humans
horses-or-humans/00994.png,humans
horses-or-humans/00995.png,humans
horses-or-humans/00996.png,humans
horses-or-humans/00997.png,humans
horses-or-humans/00998.png,humans
horses-or-humans/00999.png,humans
horses-or-humans/01000.png,humans
horses-or-humans/01001.png,humans
horses-or-humans/01003.png,humans
horses-or-humans/01004.png,humans
horses-or-humans/01005.png,humans
horses-or-humans/01006.png,humans
horses-or-humans/01008.png,humans
horses-or-humans/01010.png,humans
horses-or-humans/01011.png,humans
horses-or-humans/01012.png,humans
horses-or-humans/01013.png,humans
horses-or-humans/01014.png,humans
horses-or-humans/01015.png,humans
horses-or-humans/01016.png,humans
horses-or-humans/01017.png,humans
horses-or-humans/01018.png,humans
horses-or-humans/01019.png,humans
horses-or-humans/01020.png,humans
horses-or-humans/01021.png,humans
horses-or-humans/01022.png,humans
horses-or-humans/01023.png,humans
horses-or-humans/01024.png,humans
horses-or-humans/01025.png,humans
horses-or-humans/01026.png,humans
horses-or-humans/01027.png,humans
horses-or-humans/01028.png,humans
horses-or-humans/01029.png,humans
horses-or-humans/01030.png,humans
horses-or-humans/01031.png,humans
horses-or-humans/01032.png,humans
horses-or-humans/01033.png,humans
horses-or-humans/01034.png,humans
horses-or-humans/01035.png,humans
horses-or-humans/01036.png,humans
horses-or-humans/01037.png,humans
horses-or-humans/01039.png,horses
horses-or-humans/01040.png,horses
horses-or-humans/01041.png,horses
horses-or-humans/01042.png,horses
horses-or-humans/01043.png,horses
horses-or-humans/01044.png,horses
horses-or-humans/01045.png,horses
horses-or-humans/01046.png,horses
horses-or-humans/01047.png,horses
horses-or-humans/01048.png,horses
horses-or-humans/01049.png,horses
horses-or-humans/01050.png,horses
horses-or-humans/01051.png,horses
horses-or-humans/01053.png,horses
horses-or-humans/01054.png,horses
horses-or-humans/01055.png,horses
horses-or-humans/01056.png,horses
horses-or-humans/01057.png,horses
horses-or-humans/01058.png,horses
horses-or-humans/01059.png,horses
horses-or-humans/01060.png,horses
horses-or-humans/01061.png,horses
horses-or-humans/01062.png,horses
horses-or-humans/01063.png,horses
horses-or-humans/01064.png,horses
horses-or-humans/01065.png,horses
horses-or-humans/01066.png,horses
horses-or-humans/01067.png,horses
horses-or-humans/01068.png,horses
horses-or-humans/01069.png,horses
horses-or-humans/01070.png,horses
horses-or-humans/01071.png,horses
horses-or-humans/01072.png,horses
horses-or-humans/01073.png,horses
horses-or-humans/01074.png,horses
horses-or-humans/01075.png,horses
horses-or-humans/01076.png,horses
horses-or-humans/01078.png,horses
horses-or-humans/01080.png,horses
horses-or-humans/01081.png,horses
horses-or-humans/01082.png,horses
horses-or-humans/01083.png,horses
horses-or-humans/01084.png,horses
horses-or-humans/01085.png,horses
horses-or-humans/01086.png,horses
horses-or-humans/01087.png,horses
horses-or-humans/01088.png,horses
horses-or-humans/01090.png,horses
horses-or-humans/01091.png,horses
horses-or-humans/01094.png,horses
horses-or-humans/01095.png,horses
horses-or-humans/01096.png,horses
horses-or-humans/01097.png,horses
horses-or-humans/01098.png,horses
horses-or-humans/01099.png,horses
horses-or-humans/01101.png,horses
horses-or-humans/01102.png,horses
horses-or-humans/01103.png,horses
horses-or-humans/01104.png,horses
horses-or-humans/01105.png,horses
horses-or-humans/01106.png,horses
horses-or-humans/01107.png,horses
horses-or-humans/01108.png,horses
horses-or-humans/01109.png,horses
horses-or-humans/01110.png,horses
horses-or-humans/01111.png,horses
horses-or-humans/01114.png,horses
horses-or-humans/01115.png,horses
horses-or-humans/01116.png,horses
horses-or-humans/01117.png,horses
horses-or-humans/01119.png,horses
horses-or-humans/01120.png,horses
horses-or-humans/01121.png,horses
horses-or-humans/01122.png,horses
horses-or-humans/01123.png,horses
horses-or-humans/01124.png,horses
horses-or-humans/01125.png,horses
horses-or-humans/01126.png,horses
horses-or-humans/01127.png,horses
horses-or-humans/01128.png,horses
horses-or-humans/01129.png,horses
horses-or-humans/01131.png,horses
horses-or-humans/01132.png,horses
horses-or-humans/01133.png,horses
horses-or-humans/01134.png,horses
horses-or-humans/01135.png,horses
horses-or-humans/01136.png,horses
horses-or-humans/01137.png,horses
horses-or-humans/01138.png,horses
horses-or-humans/01139.png,horses
horses-or-humans/01140.png,horses
horses-or-humans/01141.png,horses
horses-or-humans/01142.png,horses
horses-or-humans/01143.png,horses
horses-or-humans/01144.png,horses
horses-or-humans/01145.png,horses
horses-or-humans/01146.png,horses
horses-or-humans/01147.png,horses
horses-or-humans/01149.png,horses
horses-or-humans/01151.png,horses
horses-or-humans/01152.png,horses
horses-or-humans/01153.png,horses
horses-or-humans/01154.png,horses
horses-or-humans/01155.png,horses
horses-or-humans/01156.png,horses
horses-or-humans/01157.png,horses
horses-or-humans/01158.png,horses
horses-or-humans/01159.png,horses
horses-or-humans/01160.png,horses
horses-or-humans/01161.png,horses
horses-or-humans/01162.png,horses
horses-or-humans/01163.png,horses
horses-or-humans/01164.png,horses
horses-or-humans/01165.png,horses
horses-or-humans/01166.png,horses
horses-or-humans/01167.png,horses
horses-or-humans/01168.png,horses
horses-or-humans/01169.png,horses
horses-or-humans/01170.png,horses
horses-or-humans/01172.png,horses
horses-or-humans/01173.png,horses
horses-or-humans/01174.png,horses
horses-or-humans/01175.png,horses
horses-or-humans/01176.png,horses
horses-or-humans/01177.png,horses
horses-or-humans/01178.png,horses
horses-or-humans/01179.png,horses
horses-or-humans/01180.png,horses
horses-or-humans/01181.png,horses
horses-or-humans/01182.png,horses
horses-or-humans/01183.png,horses
horses-or-humans/01184.png,horses
horses-or-humans/01185.png,horses
horses-or-humans/01186.png,horses
horses-or-humans/01187.png,horses
horses-or-humans/01188.png,horses
horses-or-humans/01189.png,horses
horses-or-humans/01190.png,horses
horses-or-humans/01191.png,horses
horses-or-humans/01192.png,horses
horses-or-humans/01193.png,horses
horses-or-humans/01194.png,horses
horses-or-humans/01195.png,horses
horses-or-humans/01196.png,horses
horses-or-humans/01197.png,horses
horses-or-humans/01198.png,horses
horses-or-humans/01199.png,horses
horses-or-humans/01200.png,horses
horses-or-humans/01201.png,horses
horses-or-humans/01202.png,horses
horses-or-humans/01203.png,horses
horses-or-humans/01205.png,horses
horses-or-humans/01206.png,horses
horses-or-humans/01207.png,horses
horses-or-humans/01208.png,horses
horses-or-humans/01209.png,horses
horses-or-humans/01210.png,horses
horses-or-humans/01211.png,horses
horses-or-humans/01212.png,horses
horses-or-humans/01213.png,horses
horses-or-humans/01214.png,horses
horses-or-humans/01215.png,horses
horses-or-humans/01216.png,horses
horses-or-humans/01217.png,horses
horses-or-humans/01218.png,horses
horses-or-humans/01220.png,horses
horses-or-humans/01222.png,horses
horses-or-humans/01223.png,horses
horses-or-humans/01224.png,horses
horses-or-humans/01225.png,horses
horses-or-humans/01227.png,horses
horses-or-humans/01228.png,horses
horses-or-humans/01229.png,horses
horses-or-humans/01230.png,horses
horses-or-humans/01232.png,horses
horses-or-humans/01233.png,horses
horses-or-humans/01234.png,horses
horses-or-humans/01235.png,horses
horses-or-humans/01237.png,horses
horses-or-humans/01238.png,horses
horses-or-humans/01239.png,horses
horses-or-humans/01240.png,horses
horses-or-humans/01241.png,horses
horses-or-humans/01242.png,horses
horses-or-humans/01243.png,horses
horses-or-humans/01244.png,horses
horses-or-humans/01245.png,horses
horses-or-humans/01246.png,horses
horses-or-humans/01247.png,horses
horses-or-humans/01248.png,horses
horses-or-humans/01249.png,horses
horses-or-humans/01250.png,horses
horses-or-humans/01251.png,horses
horses-or-humans/01253.png,horses
horses-or-humans/01255.png,horses
horses-or-humans/01256.png,horses
horses-or-humans/01257.png,horses
horses-or-humans/01258.png,horses
horses-or-humans/01260.png,horses
horses-or-humans/01261.png,horses
horses-or-humans/01262.png,horses
horses-or-humans/01263.png,horses
horses-or-humans/01264.png,horses
horses-or-humans/01265.png,horses
horses-or-humans/01266.png,horses
horses-or-humans/01267.png,horses
horses-or-humans/01268.png,horses
horses-or-humans/01269.png,horses
horses-or-humans/01270.png,horses
horses-or-humans/01271.png,horses
horses-or-humans/01272.png,horses
horses-or-humans/01273.png,horses
horses-or-humans/01274.png,horses
horses-or-humans/01275.png,horses
horses-or-humans/01276.png,horses
horses-or-humans/01277.png,horses
horses-or-humans/01278.png,horses
horses-or-humans/01280.png,horses
horses-or-humans/01281.png,horses
horses-or-humans/01282.png,horses
horses-or-humans/01283.png,horses
horses-or-humans/01284.png,horses
horses-or-humans/01285.png,horses
horses-or-humans/01286.png,horses
horses-or-humans/01287.png,horses
horses-or-humans/01288.png,horses
horses-or-humans/01289.png,horses
horses-or-humans/01290.png,horses
horses-or-humans/01291.png,horses
horses-or-humans/01292.png,horses
horses-or-humans/01293.png,horses
horses-or-humans/01294.png,horses
horses-or-humans/01295.png,horses
horses-or-humans/01297.png,horses
horses-or-humans/01298.png,horses
horses-or-humans/01299.png,horses
horses-or-humans/01300.png,horses
horses-or-humans/01301.png,horses
horses-or-humans/01302.png,horses
horses-or-humans/01303.png,horses
horses-or-humans/01304.png,horses
horses-or-humans/01305.png,horses
horses-or-humans/01306.png,horses
horses-or-humans/01307.png,horses
horses-or-humans/01309.png,horses
horses-or-humans/01310.png,horses
horses-or-humans/01311.png,horses
horses-or-humans/01312.png,horses
horses-or-humans/01313.png,horses
horses-or-humans/01314.png,horses
horses-or-humans/01315.png,horses
horses-or-humans/01316.png,horses
horses-or-humans/01317.png,horses
horses-or-humans/01318.png,horses
horses-or-humans/01319.png,horses
horses-or-humans/01320.png,horses
horses-or-humans/01321.png,horses
horses-or-humans/01322.png,horses
horses-or-humans/01323.png,horses
horses-or-humans/01324.png,horses
horses-or-humans/01325.png,horses
horses-or-humans/01326.png,horses
horses-or-humans/01327.png,horses
horses-or-humans/01328.png,horses
horses-or-humans/01329.png,horses
horses-or-humans/01330.png,horses
horses-or-humans/01331.png,horses
horses-or-humans/01332.png,horses
horses-or-humans/01333.png,horses
horses-or-humans/01334.png,horses
horses-or-humans/01335.png,horses
horses-or-humans/01336.png,horses
horses-or-humans/01337.png,horses
horses-or-humans/01338.png,horses
horses-or-humans/01339.png,horses
horses-or-humans/01340.png,horses
horses-or-humans/01342.png,horses
horses-or-humans/01343.png,horses
horses-or-humans/01344.png,horses
horses-or-humans/01345.png,horses
horses-or-humans/01346.png,horses
horses-or-humans/01347.png,horses
horses-or-humans/01348.png,horses
horses-or-humans/01349.png,horses
horses-or-humans/01350.png,horses
horses-or-humans/01351.png,horses
horses-or-humans/01353.png,horses
horses-or-humans/01354.png,horses
horses-or-humans/01355.png,horses
horses-or-humans/01357.png,horses
horses-or-humans/01358.png,horses
horses-or-humans/01359.png,horses
horses-or-humans/01360.png,horses
horses-or-humans/01361.png,horses
horses-or-humans/01362.png,horses
horses-or-humans/01363.png,horses
horses-or-humans/01364.png,horses
horses-or-humans/01365.png,horses
horses-or-humans/01367.png,horses
horses-or-humans/01368.png,horses
horses-or-humans/01369.png,horses
horses-or-humans/01370.png,horses
horses-or-humans/01371.png,horses
horses-or-humans/01372.png,horses
horses-or-humans/01374.png,horses
horses-or-humans/01375.png,horses
horses-or-humans/01376.png,horses
horses-or-humans/01378.png,horses
horses-or-humans/01379.png,horses
horses-or-humans/01380.png,horses
horses-or-humans/01381.png,horses
horses-or-humans/01383.png,horses
horses-or-humans/01384.png,horses
horses-or-humans/01385.png,horses
horses-or-humans/01386.png,horses
horses-or-humans/01387.png,horses
horses-or-humans/01388.png,horses
horses-or-humans/01389.png,horses
horses-or-humans/01390.png,horses
horses-or-humans/01391.png,horses
horses-or-humans/01392.png,horses
horses-or-humans/01393.png,horses
horses-or-humans/01394.png,horses
horses-or-humans/01396.png,horses
horses-or-humans/01397.png,horses
horses-or-humans/01398.png,horses
horses-or-humans/01399.png,horses
horses-or-humans/01400.png,horses
horses-or-humans/01402.png,horses
horses-or-humans/01403.png,horses
horses-or-humans/01404.png,horses
horses-or-humans/01405.png,horses
horses-or-humans/01406.png,horses
horses-or-humans/01407.png,horses
horses-or-humans/01408.png,horses
horses-or-humans/01409.png,horses
horses-or-humans/01411.png,horses
horses-or-humans/01413.png,horses
horses-or-humans/01414.png,horses
horses-or-humans/01415.png,horses
horses-or-humans/01416.png,horses
horses-or-humans/01417.png,horses
horses-or-humans/01418.png,horses
horses-or-humans/01419.png,horses
horses-or-humans/01420.png,horses
horses-or-humans/01421.png,horses
horses-or-humans/01422.png,horses
horses-or-humans/01423.png,horses
horses-or-humans/01424.png,horses
horses-or-humans/01425.png,horses
horses-or-humans/01426.png,horses
horses-or-humans/01427.png,horses
horses-or-humans/01428.png,horses
horses-or-humans/01430.png,horses
horses-or-humans/01431.png,horses
horses-or-humans/01432.png,horses
horses-or-humans/01433.png,horses
horses-or-humans/01434.png,horses
horses-or-humans/01435.png,horses
horses-or-humans/01436.png,horses
horses-or-humans/01437.png,horses
horses-or-humans/01438.png,horses
horses-or-humans/01439.png,horses
horses-or-humans/01440.png,horses
horses-or-humans/01441.png,horses
horses-or-humans/01443.png,horses
horses-or-humans/01444.png,horses
horses-or-humans/01445.png,horses
horses-or-humans/01446.png,horses
horses-or-humans/01447.png,horses
horses-or-humans/01448.png,horses
horses-or-humans/01449.png,horses
horses-or-humans/01450.png,horses
horses-or-humans/01451.png,horses
horses-or-humans/01452.png,horses
horses-or-humans/01453.png,horses
horses-or-humans/01454.png,horses
horses-or-humans/01455.png,horses
horses-or-humans/01456.png,horses
horses-or-humans/01457.png,horses
horses-or-humans/01458.png,horses
horses-or-humans/01459.png,horses
horses-or-humans/01461.png,horses
horses-or-humans/01463.png,horses
horses-or-humans/01464.png,horses
horses-or-humans/01465.png,horses
horses-or-humans/01466.png,horses
horses-or-humans/01467.png,horses
horses-or-humans/01469.png,horses
horses-or-humans/01470.png,horses
horses-or-humans/01471.png,horses
horses-or-humans/01472.png,horses
horses-or-humans/01473.png,horses
horses-or-humans/01474.png,horses
horses-or-humans/01475.png,horses
horses-or-humans/01476.png,horses
horses-or-humans/01477.png,horses
horses-or-humans/01478.png,horses
horses-or-humans/01479.png,horses
horses-or-humans/01480.png,horses
horses-or-humans/01481.png,horses
horses-or-humans/01482.png,horses
horses-or-humans/01483.png,horses
horses-or-humans/01484.png,horses
horses-or-humans/01485.png,horses
horses-or-humans/01487.png,horses
horses-or-humans/01489.png,horses
horses-or-humans/01490.png,horses
horses-or-humans/01491.png,horses
horses-or-humans/01492.png,horses
horses-or-humans/01493.png,horses
horses-or-humans/01495.png,horses
horses-or-humans/01496.png,horses
horses-or-humans/01497.png,horses
horses-or-humans/01498.png,horses
horses-or-humans/01499.png,horses
horses-or-humans/01500.png,horses
horses-or-humans/01501.png,horses
horses-or-humans/01502.png,horses
horses-or-humans/01503.png,horses
horses-or-humans/01504.png,horses
horses-or-humans/01505.png,horses
horses-or-humans/01506.png,horses
horses-or-humans/01507.png,horses
horses-or-humans/01508.png,horses
horses-or-humans/01509.png,horses
horses-or-humans/01511.png,horses
horses-or-humans/01512.png,horses
horses-or-humans/01513.png,horses
horses-or-humans/01515.png,horses
horses-or-humans/01516.png,horses
horses-or-humans/01517.png,horses
horses-or-humans/01518.png,horses
horses-or-humans/01519.png,horses
horses-or-humans/01520.png,horses
horses-or-humans/01521.png,horses
horses-or-humans/01522.png,horses
horses-or-humans/01523.png,horses
horses-or-humans/01524.png,horses
horses-or-humans/01525.png,horses
horses-or-humans/01526.png,horses
horses-or-humans/01527.png,horses
horses-or-humans/01528.png,horses
horses-or-humans/01529.png,horses
horses-or-humans/01530.png,horses
horses-or-humans/01532.png,horses
horses-or-humans/01533.png,horses
horses-or-humans/01534.png,horses
horses-or-humans/01535.png,horses
horses-or-humans/01536.png,horses
horses-or-humans/01537.png,horses
horses-or-humans/01538.png,horses
horses-or-humans/01539.png,humans
horses-or-humans/01540.png,humans
horses-or-humans/01541.png,humans
horses-or-humans/01542.png,humans
horses-or-humans/01543.png,humans
horses-or-humans/01544.png,humans
horses-or-humans/01545.png,humans
horses-or-humans/01546.png,humans
horses-or-humans/01547.png,humans
horses-or-humans/01549.png,humans
horses-or-humans/01550.png,humans
horses-or-humans/01551.png,humans
horses-or-humans/01553.png,humans
horses-or-humans/01554.png,humans
horses-or-humans/01555.png,humans
horses-or-humans/01556.png,humans
horses-or-humans/01557.png,humans
horses-or-humans/01558.png,humans
horses-or-humans/01559.png,humans
horses-or-humans/01561.png,humans
horses-or-humans/01563.png,humans
horses-or-humans/01564.png,humans
horses-or-humans/01565.png,humans
horses-or-humans/01566.png,humans
horses-or-humans/01567.png,humans
horses-or-humans/01568.png,humans
horses-or-humans/01569.png,humans
horses-or-humans/01570.png,humans
horses-or-humans/01571.png,humans
horses-or-humans/01572.png,humans
horses-or-humans/01573.png,humans
horses-or-humans/01574.png,humans
horses-or-humans/01575.png,humans
horses-or-humans/01576.png,humans
horses-or-humans/01577.png,humans
horses-or-humans/01578.png,humans
horses-or-humans/01579.png,humans
horses-or-humans/01580.png,humans
horses-or-humans/01581.png,humans
horses-or-humans/01582.png,humans
horses-or-humans/01583.png,humans
horses-or-humans/01584.png,humans
horses-or-humans/01585.png,humans
horses-or-humans/01586.png,humans
horses-or-humans/01587.png,humans
horses-or-humans/01588.png,humans
horses-or-humans/01590.png,humans
horses-or-humans/01591.png,humans
horses-or-humans/01592.png,humans
horses-or-humans/01593.png,humans
horses-or-humans/01594.png,humans
horses-or-humans/01595.png,humans
horses-or-humans/01596.png,humans
horses-or-humans/01597.png,humans
horses-or-humans/01598.png,humans
horses-or-humans/01599.png,humans
horses-or-humans/01600.png,humans
horses-or-humans/01601.png,humans
horses-or-humans/01602.png,humans
horses-or-humans/01603.png,humans
horses-or-humans/01606.png,humans
horses-or-humans/01607.png,humans
horses-or-humans/01608.png,humans
horses-or-humans/01609.png,humans
horses-or-humans/01610.png,humans
horses-or-humans/01611.png,humans
horses-or-humans/01612.png,humans
horses-or-humans/01613.png,humans
horses-or-humans/01614.png,humans
horses-or-humans/01615.png,humans
horses-or-humans/01617.png,humans
horses-or-humans/01618.png,humans
horses-or-humans/01619.png,humans
horses-or-humans/01620.png,humans
horses-or-humans/01621.png,humans
horses-or-humans/01622.png,humans
horses-or-humans/01623.png,humans
horses-or-humans/01624.png,humans
horses-or-humans/01625.png,humans
horses-or-humans/01626.png,humans
horses-or-humans/01627.png,humans
horses-or-humans/01628.png,humans
horses-or-humans/01630.png,humans
horses-or-humans/01631.png,humans
horses-or-humans/01632.png,humans
horses-or-humans/01633.png,humans
horses-or-humans/01634.png,humans
horses-or-humans/01635.png,humans
horses-or-humans/01636.png,humans
horses-or-humans/01637.png,humans
horses-or-humans/01638.png,humans
horses-or-humans/01639.png,humans
horses-or-humans/01640.png,humans
horses-or-humans/01641.png,humans
horses-or-humans/01642.png,humans
horses-or-humans/01643.png,humans
horses-or-humans/01644.png,humans
horses-or-humans/01645.png,humans
horses-or-humans/01646.png,humans
horses-or-humans/01647.png,humans
horses-or-humans/01648.png,humans
horses-or-humans/01649.png,humans
horses-or-humans/01650.png,humans
horses-or-humans/01651.png,humans
horses-or-humans/01652.png,humans
horses-or-humans/01653.png,humans
horses-or-humans/01654.png,humans
horses-or-humans/01656.png,humans
horses-or-humans/01657.png,humans
horses-or-humans/01658.png,humans
horses-or-humans/01659.png,humans
horses-or-humans/01660.png,humans
horses-or-humans/01662.png,humans
horses-or-humans/01663.png,humans
horses-or-humans/01664.png,humans
horses-or-humans/01665.png,humans
horses-or-humans/01666.png,humans
horses-or-humans/01667.png,humans
horses-or-humans/01668.png,humans
horses-or-humans/01671.png,humans
horses-or-humans/01672.png,humans
horses-or-humans/01673.png,humans
horses-or-humans/01674.png,humans
horses-or-humans/01675.png,humans
horses-or-humans/01676.png,humans
horses-or-humans/01677.png,humans
horses-or-humans/01678.png,humans
horses-or-humans/01679.png,humans
horses-or-humans/01680.png,humans
horses-or-humans/01681.png,humans
horses-or-humans/01682.png,humans
horses-or-humans/01683.png,humans
horses-or-humans/01684.png,humans
horses-or-humans/01685.png,humans
horses-or-humans/01686.png,humans
horses-or-humans/01687.png,humans
horses-or-humans/01688.png,humans
horses-or-humans/01689.png,humans
horses-or-humans/01690.png,humans
horses-or-humans/01691.png,humans
horses-or-humans/01692.png,humans
horses-or-humans/01693.png,humans
horses-or-humans/01694.png,humans
horses-or-humans/01695.png,humans
horses-or-humans/01696.png,humans
horses-or-humans/01697.png,humans
horses-or-humans/01698.png,humans
horses-or-humans/01699.png,humans
horses-or-humans/01700.png,humans
horses-or-humans/01701.png,humans
horses-or-humans/01702.png,humans
horses-or-humans/01703.png,humans
horses-or-humans/01704.png,humans
horses-or-humans/01705.png,humans
horses-or-humans/01706.png,humans
horses-or-humans/01707.png,humans
horses-or-humans/01708.png,humans
horses-or-humans/01710.png,humans
horses-or-humans/01711.png,humans
horses-or-humans/01712.png,humans
horses-or-humans/01713.png,humans
horses-or-humans/01714.png,humans
horses-or-humans/01715.png,humans
horses-or-humans/01717.png,humans
horses-or-humans/01718.png,humans
horses-or-humans/01719.png,humans
horses-or-humans/01720.png,humans
horses-or-humans/01721.png,humans
horses-or-humans/01723.png,humans
horses-or-humans/01724.png,humans
horses-or-humans/01725.png,humans
horses-or-humans/01726.png,humans
horses-or-humans/01727.png,humans
horses-or-humans/01728.png,humans
horses-or-humans/01729.png,humans
horses-or-humans/01730.png,humans
horses-or-humans/01732.png,humans
horses-or-humans/01733.png,humans
horses-or-humans/01734.png,humans
horses-or-humans/01735.png,humans
horses-or-humans/01736.png,humans
horses-or-humans/01737.png,humans
horses-or-humans/01738.png,humans
horses-or-humans/01739.png,humans
horses-or-humans/01740.png,humans
horses-or-humans/01741.png,humans
horses-or-humans/01742.png,humans
horses-or-humans/01743.png,humans
horses-or-humans/01744.png,humans
horses-or-humans/01745.png,humans
horses-or-humans/01747.png,humans
horses-or-humans/01749.png,humans
horses-or-humans/01752.png,humans
horses-or-humans/01753.png,humans
horses-or-humans/01754.png,humans
horses-or-humans/01755.png,humans
horses-or-humans/01756.png,humans
horses-or-humans/01757.png,humans
horses-or-humans/01758.png,humans
horses-or-humans/01760.png,humans
horses-or-humans/01761.png,humans
horses-or-humans/01762.png,humans
horses-or-humans/01763.png,humans
horses-or-humans/01764.png,humans
horses-or-humans/01765.png,humans
horses-or-humans/01766.png,humans
horses-or-humans/01767.png,humans
horses-or-humans/01768.png,humans
horses-or-humans/01769.png,humans
horses-or-humans/01770.png,humans
horses-or-humans/01771.png,humans
horses-or-humans/01772.png,humans
horses-or-humans/01773.png,humans
horses-or-humans/01774.png,humans
horses-or-humans/01775.png,humans
horses-or-humans/01776.png,humans
horses-or-humans/01777.png,humans
horses-or-humans/01778.png,humans
horses-or-humans/01779.png,humans
horses-or-humans/01780.png,humans
horses-or-humans/01781.png,humans
horses-or-humans/01782.png,humans
horses-or-humans/01783.png,humans
horses-or-humans/01784.png,humans
horses-or-humans/01785.png,humans
horses-or-humans/01786.png,humans
horses-or-humans/01787.png,humans
horses-or-humans/01788.png,humans
horses-or-humans/01789.png,humans
horses-or-humans/01790.png,humans
horses-or-humans/01792.png,humans
horses-or-humans/01793.png,humans
horses-or-humans/01794.png,humans
horses-or-humans/01795.png,humans
horses-or-humans/01796.png,humans
horses-or-humans/01797.png,humans
horses-or-humans/01798.png,humans
horses-or-humans/01799.png,humans
horses-or-humans/01800.png,humans
horses-or-humans/01802.png,humans
horses-or-humans/01803.png,humans
horses-or-humans/01805.png,humans
horses-or-humans/01806.png,humans
horses-or-humans/01807.png,humans
horses-or-humans/01808.png,humans
horses-or-humans/01809.png,humans
horses-or-humans/01810.png,humans
horses-or-humans/01811.png,humans
horses-or-humans/01813.png,humans
horses-or-humans/01814.png,humans
horses-or-humans/01815.png,humans
horses-or-humans/01816.png,humans
horses-or-humans/01817.png,humans
horses-or-humans/01818.png,humans
horses-or-humans/01819.png,humans
horses-or-humans/01820.png,humans
horses-or-humans/01821.png,humans
horses-or-humans/01822.png,humans
horses-or-humans/01823.png,humans
horses-or-humans/01825.png,humans
horses-or-humans/01826.png,humans
horses-or-humans/01827.png,humans
horses-or-humans/01828.png,humans
horses-or-humans/01829.png,humans
horses-or-humans/01831.png,humans
horses-or-humans/01832.png,humans
horses-or-humans/01834.png,humans
horses-or-humans/01835.png,humans
horses-or-humans/01836.png,humans
horses-or-humans/01837.png,humans
horses-or-humans/01838.png,humans
horses-or-humans/01839.png,humans
horses-or-humans/01840.png,humans
horses-or-humans/01841.png,humans
horses-or-humans/01842.png,humans
horses-or-humans/01843.png,humans
horses-or-humans/01844.png,humans
horses-or-humans/01845.png,humans
horses-or-humans/01846.png,humans
horses-or-humans/01847.png,humans
horses-or-humans/01849.png,humans
horses-or-humans/01850.png,humans
horses-or-humans/01851.png,humans
horses-or-humans/01852.png,humans
horses-or-humans/01853.png,humans
horses-or-humans/01854.png,humans
horses-or-humans/01855.png,humans
horses-or-humans/01856.png,humans
horses-or-humans/01857.png,humans
horses-or-humans/01858.png,humans
horses-or-humans/01859.png,humans
horses-or-humans/01860.png,humans
horses-or-humans/01861.png,humans
horses-or-humans/01862.png,humans
horses-or-humans/01863.png,humans
horses-or-humans/01864.png,humans
horses-or-humans/01866.png,humans
horses-or-humans/01867.png,humans
horses-or-humans/01868.png,humans
horses-or-humans/01869.png,humans
horses-or-humans/01870.png,humans
horses-or-humans/01872.png,humans
horses-or-humans/01873.png,humans
horses-or-humans/01874.png,humans
horses-or-humans/01875.png,humans
horses-or-humans/01876.png,humans
horses-or-humans/01877.png,humans
horses-or-humans/01878.png,humans
horses-or-humans/01879.png,humans
horses-or-humans/01880.png,humans
horses-or-humans/01881.png,humans
horses-or-humans/01882.png,humans
horses-or-humans/01883.png,humans
horses-or-humans/01884.png,humans
horses-or-humans/01885.png,humans
horses-or-humans/01886.png,humans
horses-or-humans/01887.png,humans
horses-or-humans/01888.png,humans
horses-or-humans/01889.png,humans
horses-or-humans/01890.png,humans
horses-or-humans/01891.png,humans
horses-or-humans/01892.png,humans
horses-or-humans/01893.png,humans
horses-or-humans/01894.png,humans
horses-or-humans/01895.png,humans
horses-or-humans/01896.png,humans
horses-or-humans/01897.png,humans
horses-or-humans/01898.png,humans
horses-or-humans/01899.png,humans
horses-or-humans/01900.png,humans
horses-or-humans/01901.png,humans
horses-or-humans/01902.png,humans
horses-or-humans/01903.png,humans
horses-or-humans/01904.png,humans
horses-or-humans/01905.png,humans
horses-or-humans/01906.png,humans
horses-or-humans/01907.png,humans
horses-or-humans/01908.png,humans
horses-or-humans/01909.png,humans
horses-or-humans/01910.png,humans
horses-or-humans/01911.png,humans
horses-or-humans/01912.png,humans
horses-or-humans/01914.png,humans
horses-or-humans/01915.png,humans
horses-or-humans/01916.png,humans
horses-or-humans/01917.png,humans
horses-or-humans/01918.png,humans
horses-or-humans/01919.png,humans
horses-or-humans/01920.png,humans
horses-or-humans/01921.png,humans
horses-or-humans/01922.png,humans
horses-or-humans/01923.png,humans
horses-or-humans/01924.png,humans
horses-or-humans/01925.png,humans
horses-or-humans/01926.png,humans
horses-or-humans/01927.png,humans
horses-or-humans/01928.png,humans
horses-or-humans/01929.png,humans
horses-or-humans/01930.png,humans
horses-or-humans/01931.png,humans
horses-or-humans/01932.png,humans
horses-or-humans/01933.png,humans
horses-or-humans/01934.png,humans
horses-or-humans/01935.png,humans
horses-or-humans/01936.png,humans
horses-or-humans/01937.png,humans
horses-or-humans/01938.png,humans
horses-or-humans/01939.png,humans
horses-or-humans/01940.png,humans
horses-or-humans/01941.png,humans
horses-or-humans/01942.png,humans
horses-or-humans/01943.png,humans
horses-or-humans/01944.png,humans
horses-or-humans/01945.png,humans
horses-or-humans/01946.png,humans
horses-or-humans/01947.png,humans
horses-or-humans/01948.png,humans
horses-or-humans/01949.png,humans
horses-or-humans/01950.png,humans
horses-or-humans/01951.png,humans
horses-or-humans/01952.png,humans
horses-or-humans/01953.png,humans
horses-or-humans/01955.png,humans
horses-or-humans/01956.png,humans
horses-or-humans/01957.png,humans
horses-or-humans/01958.png,humans
horses-or-humans/01959.png,humans
horses-or-humans/01960.png,humans
horses-or-humans/01961.png,humans
horses-or-humans/01962.png,humans
horses-or-humans/01964.png,humans
horses-or-humans/01965.png,humans
horses-or-humans/01966.png,humans
horses-or-humans/01967.png,humans
horses-or-humans/01968.png,humans
horses-or-humans/01969.png,humans
horses-or-humans/01970.png,humans
horses-or-humans/01971.png,humans
horses-or-humans/01972.png,humans
horses-or-humans/01973.png,humans
horses-or-humans/01974.png,humans
horses-or-humans/01975.png,humans
horses-or-humans/01976.png,humans
horses-or-humans/01978.png,humans
horses-or-humans/01979.png,humans
horses-or-humans/01980.png,humans
horses-or-humans/01981.png,humans
horses-or-humans/01982.png,humans
horses-or-humans/01983.png,humans
horses-or-humans/01984.png,humans
horses-or-humans/01985.png,humans
horses-or-humans/01986.png,humans
horses-or-humans/01987.png,humans
horses-or-humans/01988.png,humans
horses-or-humans/01989.png,humans
horses-or-humans/01990.png,humans
horses-or-humans/01991.png,humans
horses-or-humans/01992.png,humans
horses-or-humans/01993.png,humans
horses-or-humans/01994.png,humans
horses-or-humans/01995.png,humans
horses-or-humans/01996.png,humans
horses-or-humans/01998.png,humans
horses-or-humans/01999.png,humans
horses-or-humans/02000.png,humans
horses-or-humans/02001.png,humans
horses-or-humans/02002.png,humans
horses-or-humans/02003.png,humans
horses-or-humans/02004.png,humans
horses-or-humans/02005.png,humans
horses-or-humans/02006.png,humans
horses-or-humans/02007.png,humans
horses-or-humans/02008.png,humans
horses-or-humans/02010.png,humans
horses-or-humans/02011.png,humans
horses-or-humans/02012.png,humans
horses-or-humans/02013.png,humans
horses-or-humans/02015.png,humans
horses-or-humans/02016.png,humans
horses-or-humans/02017.png,humans
horses-or-humans/02018.png,humans
horses-or-humans/02019.png,humans
horses-or-humans/02021.png,humans
horses-or-humans/02022.png,humans
horses-or-humans/02023.png,humans
horses-or-humans/02024.png,humans
horses-or-humans/02025.png,humans
horses-or-humans/02026.png,humans
horses-or-humans/02027.png,humans
horses-or-humans/02028.png,humans
horses-or-humans/02029.png,humans
horses-or-humans/02030.png,humans
horses-or-humans/02032.png,humans
horses-or-humans/02033.png,humans
horses-or-humans/02034.png,humans
horses-or-humans/02035.png,humans
horses-or-humans/02036.png,humans
horses-or-humans/02037.png,humans
horses-or-humans/02038.png,humans
horses-or-humans/02039.png,humans
horses-or-humans/02040.png,humans
horses-or-humans/02042.png,humans
horses-or-humans/02043.png,humans
horses-or-humans/02044.png,humans
horses-or-humans/02045.png,humans
horses-or-humans/02047.png,humans
horses-or-humans/02048.png,humans
horses-or-humans/02049.png,humans
horses-or-humans/02050.png,humans
horses-or-humans/02051.png,humans
horses-or-humans/02052.png,humans
horses-or-humans/02053.png,humans
horses-or-humans/02055.png,humans
horses-or-humans/02056.png,humans
horses-or-humans/02057.png,humans
horses-or-humans/02058.png,humans
horses-or-humans/02059.png,humans
horses-or-humans/02060.png,humans
horses-or-humans/02061.png,humans
horses-or-humans/02062.png,humans
horses-or-humans/02063.png,humans
horses-or-humans/02064.png,humans
horses-or-humans/02065.png,humans
horses-or-humans/02066.png,horses
horses-or-humans/02067.png,horses
horses-or-humans/02068.png,horses
horses-or-humans/02069.png,horses
horses-or-humans/02070.png,horses
horses-or-humans/02071.png,horses
horses-or-humans/02072.png,horses
horses-or-humans/02073.png,horses
horses-or-humans/02074.png,horses
horses-or-humans/02075.png,horses
horses-or-humans/02076.png,horses
horses-or-humans/02077.png,horses
horses-or-humans/02078.png,horses
horses-or-humans/02079.png,horses
horses-or-humans/02081.png,horses
horses-or-humans/02082.png,horses
horses-or-humans/02084.png,horses
horses-or-humans/02085.png,horses
horses-or-humans/02086.png,horses
horses-or-humans/02087.png,horses
horses-or-humans/02088.png,horses
horses-or-humans/02090.png,horses
horses-or-humans/02091.png,horses
horses-or-humans/02092.png,horses
horses-or-humans/02093.png,horses
horses-or-humans/02094.png,horses
horses-or-humans/02095.png,horses
horses-or-humans/02096.png,horses
horses-or-humans/02097.png,horses
horses-or-humans/02100.png,horses
horses-or-humans/02102.png,horses
horses-or-humans/02103.png,horses
horses-or-humans/02104.png,horses
horses-or-humans/02105.png,horses
horses-or-humans/02106.png,horses
horses-or-humans/02107.png,horses
horses-or-humans/02109.png,horses
horses-or-humans/02110.png,horses
horses-or-humans/02111.png,horses
horses-or-humans/02112.png,horses
horses-or-humans/02113.png,horses
horses-or-humans/02114.png,horses
horses-or-humans/02115.png,horses
horses-or-humans/02116.png,horses
horses-or-humans/02117.png,horses
horses-or-humans/02118.png,horses
horses-or-humans/02119.png,horses
horses-or-humans/02120.png,horses
horses-or-humans/02121.png,horses
horses-or-humans/02122.png,horses
horses-or-humans/02124.png,horses
horses-or-humans/02125.png,horses
horses-or-humans/02126.png,horses
horses-or-humans/02128.png,horses
horses-or-humans/02129.png,horses
horses-or-humans/02130.png,horses
horses-or-humans/02131.png,horses
horses-or-humans/02132.png,horses
horses-or-humans/02133.png,horses
horses-or-humans/02134.png,horses
horses-or-humans/02135.png,horses
horses-or-humans/02136.png,horses
horses-or-humans/02137.png,horses
horses-or-humans/02138.png,horses
horses-or-humans/02139.png,horses
horses-or-humans/02140.png,horses
horses-or-humans/02141.png,horses
horses-or-humans/02142.png,horses
horses-or-humans/02143.png,horses
horses-or-humans/02144.png,horses
horses-or-humans/02145.png,horses
horses-or-humans/02146.png,horses
horses-or-humans/02147.png,horses
horses-or-humans/02148.png,horses
horses-or-humans/02149.png,horses
horses-or-humans/02150.png,horses
horses-or-humans/02151.png,horses
horses-or-humans/02152.png,horses
horses-or-humans/02153.png,horses
horses-or-humans/02154.png,horses
horses-or-humans/02155.png,horses
horses-or-humans/02156.png,horses
horses-or-humans/02157.png,horses
horses-or-humans/02158.png,horses
horses-or-humans/02160.png,horses
horses-or-humans/02161.png,horses
horses-or-humans/02162.png,horses
horses-or-humans/02163.png,horses
horses-or-humans/02164.png,horses
horses-or-humans/02165.png,horses
horses-or-humans/02166.png,horses
horses-or-humans/02168.png,horses
horses-or-humans/02170.png,horses
horses-or-humans/02171.png,horses
horses-or-humans/02172.png,horses
horses-or-humans/02173.png,horses
horses-or-humans/02174.png,horses
horses-or-humans/02175.png,horses
horses-or-humans/02176.png,horses
horses-or-humans/02177.png,horses
horses-or-humans/02178.png,horses
horses-or-humans/02179.png,horses
horses-or-humans/02181.png,horses
horses-or-humans/02183.png,horses
horses-or-humans/02184.png,horses
horses-or-humans/02185.png,horses
horses-or-humans/02187.png,horses
horses-or-humans/02188.png,horses
horses-or-humans/02189.png,horses
horses-or-humans/02190.png,horses
horses-or-humans/02192.png,horses
horses-or-humans/02193.png,horses
horses-or-humans/02194.png,horses
horses-or-humans/02195.png,horses
horses-or-humans/02196.png,horses
horses-or-humans/02198.png,horses
horses-or-humans/02199.png,horses
horses-or-humans/02200.png,horses
horses-or-humans/02201.png,horses
horses-or-humans/02202.png,horses
horses-or-humans/02203.png,horses
horses-or-humans/02204.png,horses
horses-or-humans/02205.png,horses
horses-or-humans/02206.png,horses
horses-or-humans/02207.png,horses
horses-or-humans/02209.png,horses
horses-or-humans/02210.png,horses
horses-or-humans/02211.png,horses
horses-or-humans/02212.png,horses
horses-or-humans/02213.png,horses
horses-or-humans/02214.png,horses
horses-or-humans/02215.png,horses
horses-or-humans/02216.png,horses
horses-or-humans/02217.png,horses
horses-or-humans/02218.png,horses
horses-or-humans/02219.png,horses
horses-or-humans/02220.png,horses
horses-or-humans/02221.png,horses
horses-or-humans/02222.png,horses
horses-or-humans/02223.png,horses
horses-or-humans/02224.png,horses
horses-or-humans/02225.png,horses
horses-or-humans/02226.png,horses
horses-or-humans/02227.png,horses
horses-or-humans/02228.png,horses
horses-or-humans/02229.png,horses
horses-or-humans/02230.png,horses
horses-or-humans/02231.png,horses
horses-or-humans/02233.png,horses
horses-or-humans/02234.png,horses
horses-or-humans/02235.png,horses
horses-or-humans/02236.png,horses
horses-or-humans/02237.png,horses
horses-or-humans/02238.png,horses
horses-or-humans/02239.png,horses
horses-or-humans/02240.png,horses
horses-or-humans/02241.png,horses
horses-or-humans/02242.png,horses
horses-or-humans/02243.png,horses
horses-or-humans/02244.png,horses
horses-or-humans/02245.png,horses
horses-or-humans/02247.png,horses
horses-or-humans/02248.png,horses
horses-or-humans/02249.png,horses
horses-or-humans/02250.png,horses
horses-or-humans/02251.png,horses
horses-or-humans/02252.png,horses
horses-or-humans/02253.png,horses
horses-or-humans/02254.png,horses
horses-or-humans/02255.png,horses
horses-or-humans/02256.png,horses
horses-or-humans/02257.png,horses
horses-or-humans/02258.png,horses
horses-or-humans/02259.png,horses
horses-or-humans/02260.png,horses
horses-or-humans/02261.png,horses
horses-or-humans/02262.png,horses
horses-or-humans/02263.png,horses
horses-or-humans/02264.png,horses
horses-or-humans/02265.png,horses
horses-or-humans/02266.png,horses
horses-or-humans/02267.png,horses
horses-or-humans/02268.png,horses
horses-or-humans/02269.png,horses
horses-or-humans/02271.png,horses
horses-or-humans/02272.png,horses
horses-or-humans/02273.png,horses
horses-or-humans/02274.png,horses
horses-or-humans/02275.png,horses
horses-or-humans/02276.png,horses
horses-or-humans/02277.png,horses
horses-or-humans/02279.png,horses
horses-or-humans/02280.png,horses
horses-or-humans/02281.png,horses
horses-or-humans/02282.png,horses
horses-or-humans/02283.png,horses
horses-or-humans/02285.png,horses
horses-or-humans/02286.png,horses
horses-or-humans/02287.png,horses
horses-or-humans/02288.png,horses
horses-or-humans/02289.png,horses
horses-or-humans/02290.png,horses
horses-or-humans/02291.png,horses
horses-or-humans/02292.png,horses
horses-or-humans/02293.png,horses
horses-or-humans/02294.png,horses
horses-or-humans/02295.png,horses
horses-or-humans/02296.png,horses
horses-or-humans/02297.png,horses
horses-or-humans/02298.png,horses
horses-or-humans/02299.png,horses
horses-or-humans/02300.png,horses
horses-or-humans/02301.png,horses
horses-or-humans/02302.png,horses
horses-or-humans/02303.png,horses
horses-or-humans/02304.png,horses
horses-or-humans/02305.png,horses
horses-or-humans/02306.png,horses
horses-or-humans/02307.png,horses
horses-or-humans/02308.png,horses
horses-or-humans/02309.png,horses
horses-or-humans/02310.png,horses
horses-or-humans/02311.png,horses
horses-or-humans/02313.png,horses
horses-or-humans/02314.png,horses
horses-or-humans/02315.png,horses
horses-or-humans/02317.png,horses
horses-or-humans/02318.png,horses
horses-or-humans/02319.png,horses
horses-or-humans/02320.png,horses
horses-or-humans/02321.png,horses
horses-or-humans/02322.png,horses
horses-or-humans/02324.png,horses
horses-or-humans/02325.png,horses
horses-or-humans/02326.png,horses
horses-or-humans/02330.png,horses
horses-or-humans/02331.png,horses
horses-or-humans/02332.png,horses
horses-or-humans/02333.png,horses
horses-or-humans/02334.png,horses
horses-or-humans/02335.png,horses
horses-or-humans/02336.png,horses
horses-or-humans/02337.png,horses
horses-or-humans/02339.png,horses
horses-or-humans/02340.png,horses
horses-or-humans/02341.png,horses
horses-or-humans/02342.png,horses
horses-or-humans/02343.png,horses
horses-or-humans/02344.png,horses
horses-or-humans/02345.png,horses
horses-or-humans/02346.png,horses
horses-or-humans/02347.png,horses
horses-or-humans/02348.png,horses
horses-or-humans/02349.png,horses
horses-or-humans/02351.png,horses
horses-or-humans/02352.png,horses
horses-or-humans/02353.png,horses
horses-or-humans/02354.png,horses
horses-or-humans/02355.png,horses
horses-or-humans/02356.png,horses
horses-or-humans/02357.png,horses
horses-or-humans/02359.png,horses
horses-or-humans/02360.png,horses
horses-or-humans/02361.png,horses
horses-or-humans/02362.png,horses
horses-or-humans/02363.png,horses
horses-or-humans/02364.png,horses
horses-or-humans/02365.png,horses
horses-or-humans/02366.png,horses
horses-or-humans/02367.png,horses
horses-or-humans/02368.png,horses
horses-or-humans/02370.png,horses
horses-or-humans/02371.png,horses
horses-or-humans/02372.png,horses
horses-or-humans/02373.png,horses
horses-or-humans/02374.png,horses
horses-or-humans/02375.png,horses
horses-or-humans/02376.png,horses
horses-or-humans/02377.png,horses
horses-or-humans/02378.png,horses
horses-or-humans/02379.png,horses
horses-or-humans/02380.png,horses
horses-or-humans/02381.png,horses
horses-or-humans/02382.png,horses
horses-or-humans/02383.png,horses
horses-or-humans/02384.png,horses
horses-or-humans/02385.png,horses
horses-or-humans/02386.png,horses
horses-or-humans/02387.png,horses
horses-or-humans/02388.png,horses
horses-or-humans/02389.png,horses
horses-or-humans/02390.png,horses
horses-or-humans/02391.png,horses
horses-or-humans/02392.png,horses
horses-or-humans/02393.png,horses
horses-or-humans/02394.png,horses
horses-or-humans/02395.png,horses
horses-or-humans/02396.png,horses
horses-or-humans/02397.png,horses
horses-or-humans/02398.png,horses
horses-or-humans/02399.png,horses
horses-or-humans/02400.png,horses
horses-or-humans/02401.png,horses
horses-or-humans/02402.png,horses
horses-or-humans/02403.png,horses
horses-or-humans/02404.png,horses
horses-or-humans/02405.png,horses
horses-or-humans/02406.png,horses
horses-or-humans/02407.png,horses
horses-or-humans/02408.png,horses
horses-or-humans/02409.png,horses
horses-or-humans/02410.png,horses
horses-or-humans/02411.png,horses
horses-or-humans/02412.png,horses
horses-or-humans/02413.png,horses
horses-or-humans/02414.png,horses
horses-or-humans/02415.png,horses
horses-or-humans/02416.png,horses
horses-or-humans/02417.png,horses
horses-or-humans/02418.png,horses
horses-or-humans/02419.png,horses
horses-or-humans/02420.png,horses
horses-or-humans/02421.png,horses
horses-or-humans/02422.png,horses
horses-or-humans/02424.png,horses
horses-or-humans/02425.png,horses
horses-or-humans/02426.png,horses
horses-or-humans/02427.png,horses
horses-or-humans/02428.png,horses
horses-or-humans/02429.png,horses
horses-or-humans/02430.png,horses
horses-or-humans/02431.png,horses
horses-or-humans/02432.png,horses
horses-or-humans/02434.png,horses
horses-or-humans/02435.png,horses
horses-or-humans/02436.png,horses
horses-or-humans/02437.png,horses
horses-or-humans/02439.png,horses
horses-or-humans/02440.png,horses
horses-or-humans/02441.png,horses
horses-or-humans/02442.png,horses
horses-or-humans/02443.png,horses
horses-or-humans/02444.png,horses
horses-or-humans/02445.png,horses
horses-or-humans/02446.png,horses
horses-or-humans/02447.png,horses
horses-or-humans/02448.png,horses
horses-or-humans/02449.png,horses
horses-or-humans/02450.png,horses
horses-or-humans/02451.png,horses
horses-or-humans/02452.png,horses
horses-or-humans/02453.png,horses
horses-or-humans/02454.png,horses
horses-or-humans/02455.png,horses
horses-or-humans/02456.png,horses
horses-or-humans/02457.png,horses
horses-or-humans/02458.png,horses
horses-or-humans/02459.png,horses
horses-or-humans/02460.png,horses
horses-or-humans/02461.png,horses
horses-or-humans/02462.png,horses
horses-or-humans/02463.png,horses
horses-or-humans/02464.png,horses
horses-or-humans/02465.png,horses
horses-or-humans/02466.png,horses
horses-or-humans/02467.png,horses
horses-or-humans/02468.png,horses
horses-or-humans/02469.png,horses
horses-or-humans/02471.png,horses
horses-or-humans/02472.png,horses
horses-or-humans/02473.png,horses
horses-or-humans/02474.png,horses
horses-or-humans/02475.png,horses
horses-or-humans/02476.png,horses
horses-or-humans/02478.png,horses
horses-or-humans/02479.png,horses
horses-or-humans/02480.png,horses
horses-or-humans/02481.png,horses
horses-or-humans/02482.png,horses
horses-or-humans/02483.png,horses
horses-or-humans/02484.png,horses
horses-or-humans/02485.png,horses
horses-or-humans/02486.png,horses
horses-or-humans/02487.png,horses
horses-or-humans/02488.png,horses
horses-or-humans/02489.png,horses
horses-or-humans/02490.png,horses
horses-or-humans/02491.png,horses
horses-or-humans/02492.png,horses
horses-or-humans/02493.png,horses
horses-or-humans/02494.png,horses
horses-or-humans/02495.png,horses
horses-or-humans/02496.png,horses
horses-or-humans/02498.png,horses
horses-or-humans/02499.png,horses
horses-or-humans/02500.png,horses
horses-or-humans/02501.png,horses
horses-or-humans/02503.png,horses
horses-or-humans/02504.png,horses
horses-or-humans/02505.png,horses
horses-or-humans/02506.png,horses
horses-or-humans/02507.png,horses
horses-or-humans/02508.png,horses
horses-or-humans/02509.png,horses
horses-or-humans/02510.png,horses
horses-or-humans/02511.png,horses
horses-or-humans/02512.png,horses
horses-or-humans/02514.png,horses
horses-or-humans/02515.png,horses
horses-or-humans/02516.png,horses
horses-or-humans/02517.png,horses
horses-or-humans/02518.png,horses
horses-or-humans/02519.png,horses
horses-or-humans/02520.png,horses
horses-or-humans/02521.png,horses
horses-or-humans/02523.png,horses
horses-or-humans/02524.png,horses
horses-or-humans/02525.png,horses
horses-or-humans/02527.png,horses
horses-or-humans/02528.png,horses
horses-or-humans/02529.png,horses
horses-or-humans/02530.png,horses
horses-or-humans/02531.png,horses
horses-or-humans/02532.png,horses
horses-or-humans/02533.png,horses
horses-or-humans/02535.png,horses
horses-or-humans/02537.png,horses
horses-or-humans/02538.png,horses
horses-or-humans/02539.png,horses
horses-or-humans/02540.png,horses
horses-or-humans/02541.png,horses
horses-or-humans/02542.png,horses
horses-or-humans/02543.png,horses
horses-or-humans/02544.png,horses
horses-or-humans/02545.png,horses
horses-or-humans/02546.png,horses
horses-or-humans/02547.png,horses
horses-or-humans/02548.png,horses
horses-or-humans/02549.png,horses
horses-or-humans/02550.png,horses
horses-or-humans/02551.png,horses
horses-or-humans/02552.png,horses
horses-or-humans/02553.png,horses
horses-or-humans/02554.png,horses
horses-or-humans/02555.png,horses
horses-or-humans/02556.png,horses
horses-or-humans/02557.png,horses
horses-or-humans/02558.png,horses
horses-or-humans/02559.png,horses
horses-or-humans/02560.png,horses
horses-or-humans/02561.png,horses
horses-or-humans/02562.png,horses
horses-or-humans/02563.png,horses
horses-or-humans/02564.png,horses
