image,label
ibeans/00000.jpg,angular_leaf_spot
ibeans/00001.jpg,angular_leaf_spot
ibeans/00002.jpg,angular_leaf_spot
ibeans/00003.jpg,angular_leaf_spot
ibeans/00004.jpg,angular_leaf_spot
ibeans/00005.jpg,angular_leaf_spot
ibeans/00006.jpg,angular_leaf_spot
ibeans/00007.jpg,angular_leaf_spot
ibeans/00008.jpg,angular_leaf_spot
ibeans/00009.jpg,angular_leaf_spot
ibeans/00010.jpg,angular_leaf_spot
ibeans/00011.jpg,angular_leaf_spot
ibeans/00012.jpg,angular_leaf_spot
ibeans/00013.jpg,angular_leaf_spot
ibeans/00014.jpg,angular_leaf_spot
ibeans/00015.jpg,angular_leaf_spot
ibeans/00016.jpg,angular_leaf_spot
ibeans/00017.jpg,angular_leaf_spot
ibeans/00018.jpg,angular_leaf_spot
ibeans/00019.jpg,angular_leaf_spot
ibeans/00020.jpg,angular_leaf_spot
ibeans/00021.jpg,angular_leaf_spot
ibeans/00022.jpg,angular_leaf_spot
ibeans/00024.jpg,angular_leaf_spot
ibeans/00025.jpg,angular_leaf_spot
ibeans/00026.jpg,angular_leaf_spot
ibeans/00027.jpg,angular_leaf_spot
ibeans/00028.jpg,angular_leaf_spot
ibeans/00029.jpg,angular_leaf_spot
ibeans/00030.jpg,angular_leaf_spot
ibeans/00031.jpg,angular_leaf_spot
ibeans/00033.jpg,angular_leaf_spot
ibeans/00034.jpg,angular_leaf_spot
ibeans/00036.jpg,angular_leaf_spot
ibeans/00037.jpg,angular_leaf_spot
ibeans/00038.jpg,angular_leaf_spot
ibeans/00039.jpg,angular_leaf_spot
ibeans/00040.jpg,angular_leaf_spot
ibeans/00041.jpg,angular_leaf_spot
ibeans/00042.jpg,angular_leaf_spot
ibeans/00044.jpg,bean_rust
ibeans/00045.jpg,bean_rust
ibeans/00047.jpg,bean_rust
ibeans/00048.jpg,bean_rust
ibeans/00049.jpg,bean_rust
ibeans/00050.jpg,bean_rust
ibeans/00051.jpg,bean_rust
ibeans/00052.jpg,bean_rust
ibeans/00053.jpg,bean_rust
ibeans/00054.jpg,bean_rust
ibeans/00055.jpg,bean_rust
ibeans/00056.jpg,bean_rust
ibeans/00057.jpg,bean_rust
ibeans/00058.jpg,bean_rust
ibeans/00059.jpg,bean_rust
ibeans/00060.jpg,bean_rust
ibeans/00061.jpg,bean_rust
ibeans/00062.jpg,bean_rust
ibeans/00063.jpg,bean_rust
ibeans/00064.jpg,bean_rust
ibeans/00065.jpg,bean_rust
ibeans/00066.jpg,bean_rust
ibeans/00067.jpg,bean_rust
ibeans/00068.jpg,bean_rust
ibeans/00069.jpg,bean_rust
ibeans/00070.jpg,bean_rust
ibeans/00071.jpg,bean_rust
ibeans/00073.jpg,bean_rust
ibeans/00074.jpg,bean_rust
ibeans/00075.jpg,bean_rust
ibeans/00076.jpg,bean_rust
ibeans/00077.jpg,bean_rust
ibeans/00078.jpg,bean_rust
ibeans/00079.jpg,bean_rust
ibeans/00080.jpg,bean_rust
ibeans/00081.jpg,bean_rust
ibeans/00082.jpg,bean_rust
ibeans/00083.jpg,bean_rust
ibeans/00084.jpg,bean_rust
ibeans/00085.jpg,bean_rust
ibeans/00086.jpg,healthy
ibeans/00087.jpg,healthy
ibeans/00088.jpg,healthy
ibeans/00089.jpg,healthy
ibeans/00090.jpg,healthy
ibeans/00091.jpg,healthy
ibeans/00092.jpg,healthy
ibeans/00093.jpg,healthy
ibeans/00094.jpg,healthy
ibeans/00096.jpg,healthy
ibeans/00097.jpg,healthy
ibeans/00098.jpg,healthy
ibeans/00099.jpg,healthy
ibeans/00100.jpg,healthy
ibeans/00101.jpg,healthy
ibeans/00102.jpg,healthy
ibeans/00103.jpg,healthy
ibeans/00104.jpg,healthy
ibeans/00105.jpg,healthy
ibeans/00106.jpg,healthy
ibeans/00107.jpg,healthy
ibeans/00108.jpg,healthy
ibeans/00109.jpg,healthy
ibeans/00110.jpg,healthy
ibeans/00111.jpg,healthy
ibeans/00112.jpg,healthy
ibeans/00113.jpg,healthy
ibeans/00114.jpg,healthy
ibeans/00115.jpg,healthy
ibeans/00116.jpg,healthy
ibeans/00117.jpg,healthy
ibeans/00118.jpg,healthy
ibeans/00119.jpg,healthy
ibeans/00120.jpg,healthy
ibeans/00121.jpg,healthy
ibeans/00122.jpg,healthy
ibeans/00123.jpg,healthy
ibeans/00124.jpg,healthy
ibeans/00125.jpg,healthy
ibeans/00126.jpg,healthy
ibeans/00128.jpg,angular_leaf_spot
ibeans/00129.jpg,angular_leaf_spot
ibeans/00130.jpg,angular_leaf_spot
ibeans/00131.jpg,angular_leaf_spot
ibeans/00132.jpg,angular_leaf_spot
ibeans/00133.jpg,angular_leaf_spot
ibeans/00134.jpg,angular_leaf_spot
ibeans/00135.jpg,angular_leaf_spot
ibeans/00137.jpg,angular_leaf_spot
ibeans/00138.jpg,angular_leaf_spot
ibeans/00139.jpg,angular_leaf_spot
ibeans/00140.jpg,angular_leaf_spot
ibeans/00142.jpg,angular_leaf_spot
ibeans/00143.jpg,angular_leaf_spot
ibeans/00144.jpg,angular_leaf_spot
ibeans/00145.jpg,angular_leaf_spot
ibeans/00146.jpg,angular_leaf_spot
ibeans/00147.jpg,angular_leaf_spot
ibeans/00148.jpg,angular_leaf_spot
ibeans/00151.jpg,angular_leaf_spot
ibeans/00152.jpg,angular_leaf_spot
ibeans/00153.jpg,angular_leaf_spot
ibeans/00154.jpg,angular_leaf_spot
ibeans/00155.jpg,angular_leaf_spot
ibeans/00156.jpg,angular_leaf_spot
ibeans/00158.jpg,angular_leaf_spot
ibeans/00159.jpg,angular_leaf_spot
ibeans/00160.jpg,angular_leaf_spot
ibeans/00161.jpg,angular_leaf_spot
ibeans/00162.jpg,angular_leaf_spot
ibeans/00163.jpg,angular_leaf_spot
ibeans/00164.jpg,angular_leaf_spot
ibeans/00165.jpg,angular_leaf_spot
ibeans/00166.jpg,angular_leaf_spot
ibeans/00167.jpg,angular_leaf_spot
ibeans/00168.jpg,angular_leaf_spot
ibeans/00169.jpg,angular_leaf_spot
ibeans/00170.jpg,angular_leaf_spot
ibeans/00171.jpg,angular_leaf_spot
ibeans/00172.jpg,bean_rust
ibeans/00173.jpg,bean_rust
ibeans/00174.jpg,bean_rust
ibeans/00175.jpg,bean_rust
ibeans/00176.jpg,bean_rust
ibeans/00177.jpg,bean_rust
ibeans/00178.jpg,bean_rust
ibeans/00179.jpg,bean_rust
ibeans/00180.jpg,bean_rust
ibeans/00181.jpg,bean_rust
ibeans/00182.jpg,bean_rust
ibeans/00183.jpg,bean_rust
ibeans/00184.jpg,bean_rust
ibeans/00185.jpg,bean_rust
ibeans/00186.jpg,bean_rust
ibeans/00187.jpg,bean_rust
ibeans/00188.jpg,bean_rust
ibeans/00189.jpg,bean_rust
ibeans/00190.jpg,bean_rust
ibeans/00191.jpg,bean_rust
ibeans/00192.jpg,bean_rust
ibeans/00193.jpg,bean_rust
ibeans/00194.jpg,bean_rust
ibeans/00195.jpg,bean_rust
ibeans/00196.jpg,bean_rust
ibeans/00197.jpg,bean_rust
ibeans/00198.jpg,bean_rust
ibeans/00199.jpg,bean_rust
ibeans/00200.jpg,bean_rust
ibeans/00201.jpg,bean_rust
ibeans/00202.jpg,bean_rust
ibeans/00203.jpg,bean_rust
ibeans/00204.jpg,bean_rust
ibeans/00205.jpg,bean_rust
ibeans/00206.jpg,bean_rust
ibeans/00207.jpg,bean_rust
ibeans/00209.jpg,bean_rust
ibeans/00210.jpg,bean_rust
ibeans/00211.jpg,bean_rust
ibeans/00213.jpg,bean_rust
ibeans/00214.jpg,bean_rust
ibeans/00215.jpg,bean_rust
ibeans/00216.jpg,bean_rust
ibeans/00217.jpg,healthy
ibeans/00218.jpg,healthy
ibeans/00219.jpg,healthy
ibeans/00220.jpg,healthy
ibeans/00221.jpg,healthy
ibeans/00222.jpg,healthy
ibeans/00223.jpg,healthy
ibeans/00224.jpg,healthy
ibeans/00225.jpg,healthy
ibeans/00226.jpg,healthy
ibeans/00227.jpg,healthy
ibeans/00228.jpg,healthy
ibeans/00229.jpg,healthy
ibeans/00230.jpg,healthy
ibeans/00231.jpg,healthy
ibeans/00232.jpg,healthy
ibeans/00235.jpg,healthy
ibeans/00236.jpg,healthy
ibeans/00239.jpg,healthy
ibeans/00240.jpg,healthy
ibeans/00241.jpg,healthy
ibeans/00242.jpg,healthy
ibeans/00243.jpg,healthy
ibeans/00244.jpg,healthy
ibeans/00247.jpg,healthy
ibeans/00248.jpg,healthy
ibeans/00250.jpg,healthy
ibeans/00251.jpg,healthy
ibeans/00252.jpg,healthy
ibeans/00253.jpg,healthy
ibeans/00254.jpg,healthy
ibeans/00255.jpg,healthy
ibeans/00257.jpg,healthy
ibeans/00258.jpg,healthy
ibeans/00259.jpg,healthy
ibeans/00260.jpg,healthy
ibeans/00261.jpg,angular_leaf_spot
ibeans/00262.jpg,angular_leaf_spot
ibeans/00264.jpg,angular_leaf_spot
ibeans/00265.jpg,angular_leaf_spot
ibeans/00266.jpg,angular_leaf_spot
ibeans/00267.jpg,angular_leaf_spot
ibeans/00268.jpg,angular_leaf_spot
ibeans/00269.jpg,angular_leaf_spot
ibeans/00270.jpg,angular_leaf_spot
ibeans/00271.jpg,angular_leaf_spot
ibeans/00272.jpg,angular_leaf_spot
ibeans/00273.jpg,angular_leaf_spot
ibeans/00274.jpg,angular_leaf_spot
ibeans/00275.jpg,angular_leaf_spot
ibeans/00276.jpg,angular_leaf_spot
ibeans/00277.jpg,angular_leaf_spot
ibeans/00278.jpg,angular_leaf_spot
ibeans/00279.jpg,angular_leaf_spot
ibeans/00280.jpg,angular_leaf_spot
ibeans/00281.jpg,angular_leaf_spot
ibeans/00282.jpg,angular_leaf_spot
ibeans/00283.jpg,angular_leaf_spot
ibeans/00284.jpg,angular_leaf_spot
ibeans/00285.jpg,angular_leaf_spot
ibeans/00286.jpg,angular_leaf_spot
ibeans/00287.jpg,angular_leaf_spot
ibeans/00288.jpg,angular_leaf_spot
ibeans/00289.jpg,angular_leaf_spot
ibeans/00290.jpg,angular_leaf_spot
ibeans/00291.jpg,angular_leaf_spot
ibeans/00292.jpg,angular_leaf_spot
ibeans/00293.jpg,angular_leaf_spot
ibeans/00294.jpg,angular_leaf_spot
ibeans/00295.jpg,angular_leaf_spot
ibeans/00296.jpg,angular_leaf_spot
ibeans/00297.jpg,angular_leaf_spot
ibeans/00298.jpg,angular_leaf_spot
ibeans/00299.jpg,angular_leaf_spot
ibeans/00300.jpg,angular_leaf_spot
ibeans/00301.jpg,angular_leaf_spot
ibeans/00302.jpg,angular_leaf_spot
ibeans/00303.jpg,angular_leaf_spot
ibeans/00304.jpg,angular_leaf_spot
ibeans/00305.jpg,angular_leaf_spot
ibeans/00306.jpg,angular_leaf_spot
ibeans/00307.jpg,angular_leaf_spot
ibeans/00308.jpg,angular_leaf_spot
ibeans/00309.jpg,angular_leaf_spot
ibeans/00311.jpg,angular_leaf_spot
ibeans/00312.jpg,angular_leaf_spot
ibeans/00313.jpg,angular_leaf_spot
ibeans/00314.jpg,angular_leaf_spot
ibeans/00315.jpg,angular_leaf_spot
ibeans/00316.jpg,angular_leaf_spot
ibeans/00318.jpg,angular_leaf_spot
ibeans/00319.jpg,angular_leaf_spot
ibeans/00320.jpg,angular_leaf_spot
ibeans/00322.jpg,angular_leaf_spot
ibeans/00323.jpg,angular_leaf_spot
ibeans/00324.jpg,angular_leaf_spot
ibeans/00325.jpg,angular_leaf_spot
ibeans/00326.jpg,angular_leaf_spot
ibeans/00327.jpg,angular_leaf_spot
ibeans/00329.jpg,angular_leaf_spot
ibeans/00330.jpg,angular_leaf_spot
ibeans/00331.jpg,angular_leaf_spot
ibeans/00332.jpg,angular_leaf_spot
ibeans/00333.jpg,angular_leaf_spot
ibeans/00334.jpg,angular_leaf_spot
ibeans/00335.jpg,angular_leaf_spot
ibeans/00336.jpg,angular_leaf_spot
ibeans/00337.jpg,angular_leaf_spot
ibeans/00338.jpg,angular_leaf_spot
ibeans/00339.jpg,angular_leaf_spot
ibeans/00340.jpg,angular_leaf_spot
ibeans/00341.jpg,angular_leaf_spot
ibeans/00342.jpg,angular_leaf_spot
ibeans/00343.jpg,angular_leaf_spot
ibeans/00344.jpg,angular_leaf_spot
ibeans/00345.jpg,angular_leaf_spot
ibeans/00346.jpg,angular_leaf_spot
ibeans/00347.jpg,angular_leaf_spot
ibeans/00349.jpg,angular_leaf_spot
ibeans/00351.jpg,angular_leaf_spot
ibeans/00353.jpg,angular_leaf_spot
ibeans/00354.jpg,angular_leaf_spot
ibeans/00355.jpg,angular_leaf_spot
ibeans/00356.jpg,angular_leaf_spot
ibeans/00357.jpg,angular_leaf_spot
ibeans/00360.jpg,angular_leaf_spot
ibeans/00361.jpg,angular_leaf_spot
ibeans/00362.jpg,angular_leaf_spot
ibeans/00363.jpg,angular_leaf_spot
ibeans/00364.jpg,angular_leaf_spot
ibeans/00365.jpg,angular_leaf_spot
ibeans/00366.jpg,angular_leaf_spot
ibeans/00367.jpg,angular_leaf_spot
ibeans/00368.jpg,angular_leaf_spot
ibeans/00369.jpg,angular_leaf_spot
ibeans/00370.jpg,angular_leaf_spot
ibeans/00371.jpg,angular_leaf_spot
ibeans/00372.jpg,angular_leaf_spot
ibeans/00373.jpg,angular_leaf_spot
ibeans/00374.jpg,angular_leaf_spot
ibeans/00375.jpg,angular_leaf_spot
ibeans/00376.jpg,angular_leaf_spot
ibeans/00377.jpg,angular_leaf_spot
ibeans/00378.jpg,angular_leaf_spot
ibeans/00379.jpg,angular_leaf_spot
ibeans/00380.jpg,angular_leaf_spot
ibeans/00381.jpg,angular_leaf_spot
ibeans/00382.jpg,angular_leaf_spot
ibeans/00383.jpg,angular_leaf_spot
ibeans/00384.jpg,angular_leaf_spot
ibeans/00385.jpg,angular_leaf_spot
ibeans/00386.jpg,angular_leaf_spot
ibeans/00387.jpg,angular_leaf_spot
ibeans/00388.jpg,angular_leaf_spot
ibeans/00389.jpg,angular_leaf_spot
ibeans/00390.jpg,angular_leaf_spot
ibeans/00391.jpg,angular_leaf_spot
ibeans/00392.jpg,angular_leaf_spot
ibeans/00393.jpg,angular_leaf_spot
ibeans/00394.jpg,angular_leaf_spot
ibeans/00395.jpg,angular_leaf_spot
ibeans/00397.jpg,angular_leaf_spot
ibeans/00398.jpg,angular_leaf_spot
ibeans/00399.jpg,angular_leaf_spot
ibeans/00400.jpg,angular_leaf_spot
ibeans/00401.jpg,angular_leaf_spot
ibeans/00402.jpg,angular_leaf_spot
ibeans/00403.jpg,angular_leaf_spot
ibeans/00404.jpg,angular_leaf_spot
ibeans/00405.jpg,angular_leaf_spot
ibeans/00406.jpg,angular_leaf_spot
ibeans/00408.jpg,angular_leaf_spot
ibeans/00409.jpg,angular_leaf_spot
ibeans/00410.jpg,angular_leaf_spot
ibeans/00411.jpg,angular_leaf_spot
ibeans/00412.jpg,angular_leaf_spot
ibeans/00413.jpg,angular_leaf_spot
ibeans/00414.jpg,angular_leaf_spot
ibeans/00415.jpg,angular_leaf_spot
ibeans/00416.jpg,angular_leaf_spot
ibeans/00417.jpg,angular_leaf_spot
ibeans/00418.jpg,angular_leaf_spot
ibeans/00419.jpg,angular_leaf_spot
ibeans/00421.jpg,angular_leaf_spot
ibeans/00422.jpg,angular_leaf_spot
ibeans/00423.jpg,angular_leaf_spot
ibeans/00424.jpg,angular_leaf_spot
ibeans/00425.jpg,angular_leaf_spot
ibeans/00426.jpg,angular_leaf_spot
ibeans/00427.jpg,angular_leaf_spot
ibeans/00428.jpg,angular_leaf_spot
ibeans/00430.jpg,angular_leaf_spot
ibeans/00431.jpg,angular_leaf_spot
ibeans/00432.jpg,angular_leaf_spot
ibeans/00433.jpg,angular_leaf_spot
ibeans/00434.jpg,angular_leaf_spot
ibeans/00435.jpg,angular_leaf_spot
ibeans/00436.jpg,angular_leaf_spot
ibeans/00437.jpg,angular_leaf_spot
ibeans/00438.jpg,angular_leaf_spot
ibeans/00439.jpg,angular_leaf_spot
ibeans/00440.jpg,angular_leaf_spot
ibeans/00441.jpg,angular_leaf_spot
ibeans/00442.jpg,angular_leaf_spot
ibeans/00444.jpg,angular_leaf_spot
ibeans/00445.jpg,angular_leaf_spot
ibeans/00447.jpg,angular_leaf_spot
ibeans/00448.jpg,angular_leaf_spot
ibeans/00449.jpg,angular_leaf_spot
ibeans/00451.jpg,angular_leaf_spot
ibeans/00452.jpg,angular_leaf_spot
ibeans/00453.jpg,angular_leaf_spot
ibeans/00454.jpg,angular_leaf_spot
ibeans/00455.jpg,angular_leaf_spot
ibeans/00456.jpg,angular_leaf_spot
ibeans/00457.jpg,angular_leaf_spot
ibeans/00459.jpg,angular_leaf_spot
ibeans/00460.jpg,angular_leaf_spot
ibeans/00462.jpg,angular_leaf_spot
ibeans/00463.jpg,angular_leaf_spot
ibeans/00464.jpg,angular_leaf_spot
ibeans/00465.jpg,angular_leaf_spot
ibeans/00466.jpg,angular_leaf_spot
ibeans/00467.jpg,angular_leaf_spot
ibeans/00469.jpg,angular_leaf_spot
ibeans/00470.jpg,angular_leaf_spot
ibeans/00471.jpg,angular_leaf_spot
ibeans/00473.jpg,angular_leaf_spot
ibeans/00474.jpg,angular_leaf_spot
ibeans/00475.jpg,angular_leaf_spot
ibeans/00476.jpg,angular_leaf_spot
ibeans/00477.jpg,angular_leaf_spot
ibeans/00478.jpg,angular_leaf_spot
ibeans/00479.jpg,angular_leaf_spot
ibeans/00481.jpg,angular_leaf_spot
ibeans/00482.jpg,angular_leaf_spot
ibeans/00483.jpg,angular_leaf_spot
ibeans/00484.jpg,angular_leaf_spot
ibeans/00485.jpg,angular_leaf_spot
ibeans/00486.jpg,angular_leaf_spot
ibeans/00487.jpg,angular_leaf_spot
ibeans/00488.jpg,angular_leaf_spot
ibeans/00489.jpg,angular_leaf_spot
ibeans/00490.jpg,angular_leaf_spot
ibeans/00491.jpg,angular_leaf_spot
ibeans/00492.jpg,angular_leaf_spot
ibeans/00493.jpg,angular_leaf_spot
ibeans/00494.jpg,angular_leaf_spot
ibeans/00495.jpg,angular_leaf_spot
ibeans/00497.jpg,angular_leaf_spot
ibeans/00499.jpg,angular_leaf_spot
ibeans/00500.jpg,angular_leaf_spot
ibeans/00501.jpg,angular_leaf_spot
ibeans/00502.jpg,angular_leaf_spot
ibeans/00503.jpg,angular_leaf_spot
ibeans/00504.jpg,angular_leaf_spot
ibeans/00505.jpg,angular_leaf_spot
ibeans/00506.jpg,angular_leaf_spot
ibeans/00507.jpg,angular_leaf_spot
ibeans/00508.jpg,angular_leaf_spot
ibeans/00509.jpg,angular_leaf_spot
ibeans/00510.jpg,angular_leaf_spot
ibeans/00511.jpg,angular_leaf_spot
ibeans/00512.jpg,angular_leaf_spot
ibeans/00513.jpg,angular_leaf_spot
ibeans/00514.jpg,angular_leaf_spot
ibeans/00515.jpg,angular_leaf_spot
ibeans/00516.jpg,angular_leaf_spot
ibeans/00517.jpg,angular_leaf_spot
ibeans/00518.jpg,angular_leaf_spot
ibeans/00519.jpg,angular_leaf_spot
ibeans/00520.jpg,angular_leaf_spot
ibeans/00521.jpg,angular_leaf_spot
ibeans/00523.jpg,angular_leaf_spot
ibeans/00525.jpg,angular_leaf_spot
ibeans/00526.jpg,angular_leaf_spot
ibeans/00527.jpg,angular_leaf_spot
ibeans/00528.jpg,angular_leaf_spot
ibeans/00529.jpg,angular_leaf_spot
ibeans/00530.jpg,angular_leaf_spot
ibeans/00531.jpg,angular_leaf_spot
ibeans/00532.jpg,angular_leaf_spot
ibeans/00533.jpg,angular_leaf_spot
ibeans/00534.jpg,angular_leaf_spot
ibeans/00535.jpg,angular_leaf_spot
ibeans/00536.jpg,angular_leaf_spot
ibeans/00537.jpg,angular_leaf_spot
ibeans/00538.jpg,angular_leaf_spot
ibeans/00539.jpg,angular_leaf_spot
ibeans/00540.jpg,angular_leaf_spot
ibeans/00541.jpg,angular_leaf_spot
ibeans/00542.jpg,angular_leaf_spot
ibeans/00543.jpg,angular_leaf_spot
ibeans/00544.jpg,angular_leaf_spot
ibeans/00545.jpg,angular_leaf_spot
ibeans/00546.jpg,angular_leaf_spot
ibeans/00547.jpg,angular_leaf_spot
ibeans/00548.jpg,angular_leaf_spot
ibeans/00549.jpg,angular_leaf_spot
ibeans/00551.jpg,angular_leaf_spot
ibeans/00552.jpg,angular_leaf_spot
ibeans/00553.jpg,angular_leaf_spot
ibeans/00554.jpg,angular_leaf_spot
ibeans/00555.jpg,angular_leaf_spot
ibeans/00556.jpg,angular_leaf_spot
ibeans/00557.jpg,angular_leaf_spot
ibeans/00558.jpg,angular_leaf_spot
ibeans/00559.jpg,angular_leaf_spot
ibeans/00560.jpg,angular_leaf_spot
ibeans/00561.jpg,angular_leaf_spot
ibeans/00563.jpg,angular_leaf_spot
ibeans/00564.jpg,angular_leaf_spot
ibeans/00565.jpg,angular_leaf_spot
ibeans/00566.jpg,angular_leaf_spot
ibeans/00567.jpg,angular_leaf_spot
ibeans/00570.jpg,angular_leaf_spot
ibeans/00571.jpg,angular_leaf_spot
ibeans/00572.jpg,angular_leaf_spot
ibeans/00574.jpg,angular_leaf_spot
ibeans/00575.jpg,angular_leaf_spot
ibeans/00576.jpg,angular_leaf_spot
ibeans/00577.jpg,angular_leaf_spot
ibeans/00578.jpg,angular_leaf_spot
ibeans/00579.jpg,angular_leaf_spot
ibeans/00580.jpg,angular_leaf_spot
ibeans/00583.jpg,angular_leaf_spot
ibeans/00584.jpg,angular_leaf_spot
ibeans/00585.jpg,angular_leaf_spot
ibeans/00586.jpg,angular_leaf_spot
ibeans/00587.jpg,angular_leaf_spot
ibeans/00588.jpg,angular_leaf_spot
ibeans/00589.jpg,angular_leaf_spot
ibeans/00590.jpg,angular_leaf_spot
ibeans/00591.jpg,angular_leaf_spot
ibeans/00593.jpg,angular_leaf_spot
ibeans/00594.jpg,angular_leaf_spot
ibeans/00595.jpg,angular_leaf_spot
ibeans/00596.jpg,angular_leaf_spot
ibeans/00597.jpg,angular_leaf_spot
ibeans/00598.jpg,angular_leaf_spot
ibeans/00599.jpg,angular_leaf_spot
ibeans/00600.jpg,angular_leaf_spot
ibeans/00601.jpg,angular_leaf_spot
ibeans/00603.jpg,angular_leaf_spot
ibeans/00604.jpg,angular_leaf_spot
ibeans/00605.jpg,angular_leaf_spot
ibeans/00606.jpg,bean_rust
ibeans/00607.jpg,bean_rust
ibeans/00608.jpg,bean_rust
ibeans/00609.jpg,bean_rust
ibeans/00610.jpg,bean_rust
ibeans/00611.jpg,bean_rust
ibeans/00612.jpg,bean_rust
ibeans/00613.jpg,bean_rust
ibeans/00614.jpg,bean_rust
ibeans/00615.jpg,bean_rust
ibeans/00617.jpg,bean_rust
ibeans/00618.jpg,bean_rust
ibeans/00619.jpg,bean_rust
ibeans/00620.jpg,bean_rust
ibeans/00621.jpg,bean_rust
ibeans/00622.jpg,bean_rust
ibeans/00623.jpg,bean_rust
ibeans/00624.jpg,bean_rust
ibeans/00626.jpg,bean_rust
ibeans/00627.jpg,bean_rust
ibeans/00629.jpg,bean_rust
ibeans/00630.jpg,bean_rust
ibeans/00631.jpg,bean_rust
ibeans/00632.jpg,bean_rust
ibeans/00633.jpg,bean_rust
ibeans/00634.jpg,bean_rust
ibeans/00636.jpg,bean_rust
ibeans/00637.jpg,bean_rust
ibeans/00638.jpg,bean_rust
ibeans/00639.jpg,bean_rust
ibeans/00640.jpg,bean_rust
ibeans/00641.jpg,bean_rust
ibeans/00642.jpg,bean_rust
ibeans/00643.jpg,bean_rust
ibeans/00645.jpg,bean_rust
ibeans/00646.jpg,bean_rust
ibeans/00647.jpg,bean_rust
ibeans/00648.jpg,bean_rust
ibeans/00649.jpg,bean_rust
ibeans/00651.jpg,bean_rust
ibeans/00652.jpg,bean_rust
ibeans/00654.jpg,bean_rust
ibeans/00655.jpg,bean_rust
ibeans/00656.jpg,bean_rust
ibeans/00657.jpg,bean_rust
ibeans/00658.jpg,bean_rust
ibeans/00660.jpg,bean_rust
ibeans/00661.jpg,bean_rust
ibeans/00662.jpg,bean_rust
ibeans/00663.jpg,bean_rust
ibeans/00664.jpg,bean_rust
ibeans/00665.jpg,bean_rust
ibeans/00666.jpg,bean_rust
ibeans/00667.jpg,bean_rust
ibeans/00668.jpg,bean_rust
ibeans/00669.jpg,bean_rust
ibeans/00670.jpg,bean_rust
ibeans/00672.jpg,bean_rust
ibeans/00673.jpg,bean_rust
ibeans/00674.jpg,bean_rust
ibeans/00675.jpg,bean_rust
ibeans/00676.jpg,bean_rust
ibeans/00677.jpg,bean_rust
ibeans/00678.jpg,bean_rust
ibeans/00679.jpg,bean_rust
ibeans/00680.jpg,bean_rust
ibeans/00681.jpg,bean_rust
ibeans/00682.jpg,bean_rust
ibeans/00683.jpg,bean_rust
ibeans/00684.jpg,bean_rust
ibeans/00685.jpg,bean_rust
ibeans/00686.jpg,bean_rust
ibeans/00687.jpg,bean_rust
ibeans/00689.jpg,bean_rust
ibeans/00690.jpg,bean_rust
ibeans/00691.jpg,bean_rust
ibeans/00692.jpg,bean_rust
ibeans/00693.jpg,bean_rust
ibeans/00694.jpg,bean_rust
ibeans/00697.jpg,bean_rust
ibeans/00698.jpg,bean_rust
ibeans/00699.jpg,bean_rust
ibeans/00700.jpg,bean_rust
ibeans/00701.jpg,bean_rust
ibeans/00702.jpg,bean_rust
ibeans/00704.jpg,bean_rust
ibeans/00705.jpg,bean_rust
ibeans/00706.jpg,bean_rust
ibeans/00707.jpg,bean_rust
ibeans/00708.jpg,bean_rust
ibeans/00709.jpg,bean_rust
ibeans/00710.jpg,bean_rust
ibeans/00713.jpg,bean_rust
ibeans/00714.jpg,bean_rust
ibeans/00715.jpg,bean_rust
ibeans/00716.jpg,bean_rust
ibeans/00717.jpg,bean_rust
ibeans/00718.jpg,bean_rust
ibeans/00719.jpg,bean_rust
ibeans/00720.jpg,bean_rust
ibeans/00722.jpg,bean_rust
ibeans/00723.jpg,bean_rust
ibeans/00724.jpg,bean_rust
ibeans/00725.jpg,bean_rust
ibeans/00726.jpg,bean_rust
ibeans/00727.jpg,bean_rust
ibeans/00728.jpg,bean_rust
ibeans/00729.jpg,bean_rust
ibeans/00730.jpg,bean_rust
ibeans/00731.jpg,bean_rust
ibeans/00732.jpg,bean_rust
ibeans/00733.jpg,bean_rust
ibeans/00734.jpg,bean_rust
ibeans/00735.jpg,bean_rust
ibeans/00736.jpg,bean_rust
ibeans/00737.jpg,bean_rust
ibeans/00738.jpg,bean_rust
ibeans/00739.jpg,bean_rust
ibeans/00740.jpg,bean_rust
ibeans/00741.jpg,bean_rust
ibeans/00742.jpg,bean_rust
ibeans/00743.jpg,bean_rust
ibeans/00744.jpg,bean_rust
ibeans/00745.jpg,bean_rust
ibeans/00746.jpg,bean_rust
ibeans/00747.jpg,bean_rust
ibeans/00748.jpg,bean_rust
ibeans/00750.jpg,bean_rust
ibeans/00751.jpg,bean_rust
ibeans/00752.jpg,bean_rust
ibeans/00753.jpg,bean_rust
ibeans/00754.jpg,bean_rust
ibeans/00755.jpg,bean_rust
ibeans/00756.jpg,bean_rust
ibeans/00757.jpg,bean_rust
ibeans/00758.jpg,bean_rust
ibeans/00759.jpg,bean_rust
ibeans/00760.jpg,bean_rust
ibeans/00761.jpg,bean_rust
ibeans/00762.jpg,bean_rust
ibeans/00763.jpg,bean_rust
ibeans/00764.jpg,bean_rust
ibeans/00765.jpg,bean_rust
ibeans/00766.jpg,bean_rust
ibeans/00767.jpg,bean_rust
ibeans/00768.jpg,bean_rust
ibeans/00769.jpg,bean_rust
ibeans/00770.jpg,bean_rust
ibeans/00772.jpg,bean_rust
ibeans/00773.jpg,bean_rust
ibeans/00774.jpg,bean_rust
ibeans/00775.jpg,bean_rust
ibeans/00776.jpg,bean_rust
ibeans/00777.jpg,bean_rust
ibeans/00778.jpg,bean_rust
ibeans/00780.jpg,bean_rust
ibeans/00781.jpg,bean_rust
ibeans/00782.jpg,bean_rust
ibeans/00784.jpg,bean_rust
ibeans/00785.jpg,bean_rust
ibeans/00786.jpg,bean_rust
ibeans/00787.jpg,bean_rust
ibeans/00789.jpg,bean_rust
ibeans/00791.jpg,bean_rust
ibeans/00792.jpg,bean_rust
ibeans/00793.jpg,bean_rust
ibeans/00794.jpg,bean_rust
ibeans/00795.jpg,bean_rust
ibeans/00796.jpg,bean_rust
ibeans/00797.jpg,bean_rust
ibeans/00798.jpg,bean_rust
ibeans/00799.jpg,bean_rust
ibeans/00800.jpg,bean_rust
ibeans/00801.jpg,bean_rust
ibeans/00802.jpg,bean_rust
ibeans/00803.jpg,bean_rust
ibeans/00804.jpg,bean_rust
ibeans/00805.jpg,bean_rust
ibeans/00807.jpg,bean_rust
ibeans/00808.jpg,bean_rust
ibeans/00809.jpg,bean_rust
ibeans/00810.jpg,bean_rust
ibeans/00812.jpg,bean_rust
ibeans/00813.jpg,bean_rust
ibeans/00814.jpg,bean_rust
ibeans/00815.jpg,bean_rust
ibeans/00816.jpg,bean_rust
ibeans/00817.jpg,bean_rust
ibeans/00818.jpg,bean_rust
ibeans/00819.jpg,bean_rust
ibeans/00820.jpg,bean_rust
ibeans/00822.jpg,bean_rust
ibeans/00823.jpg,bean_rust
ibeans/00824.jpg,bean_rust
ibeans/00825.jpg,bean_rust
ibeans/00826.jpg,bean_rust
ibeans/00827.jpg,bean_rust
ibeans/00828.jpg,bean_rust
ibeans/00829.jpg,bean_rust
ibeans/00830.jpg,bean_rust
ibeans/00831.jpg,bean_rust
ibeans/00832.jpg,bean_rust
ibeans/00833.jpg,bean_rust
ibeans/00834.jpg,bean_rust
ibeans/00835.jpg,bean_rust
ibeans/00836.jpg,bean_rust
ibeans/00837.jpg,bean_rust
ibeans/00838.jpg,bean_rust
ibeans/00839.jpg,bean_rust
ibeans/00840.jpg,bean_rust
ibeans/00842.jpg,bean_rust
ibeans/00844.jpg,bean_rust
ibeans/00846.jpg,bean_rust
ibeans/00848.jpg,bean_rust
ibeans/00849.jpg,bean_rust
ibeans/00850.jpg,bean_rust
ibeans/00851.jpg,bean_rust
ibeans/00852.jpg,bean_rust
ibeans/00853.jpg,bean_rust
ibeans/00854.jpg,bean_rust
ibeans/00855.jpg,bean_rust
ibeans/00856.jpg,bean_rust
ibeans/00857.jpg,bean_rust
ibeans/00858.jpg,bean_rust
ibeans/00859.jpg,bean_rust
ibeans/00860.jpg,bean_rust
ibeans/00861.jpg,bean_rust
ibeans/00862.jpg,bean_rust
ibeans/00863.jpg,bean_rust
ibeans/00864.jpg,bean_rust
ibeans/00865.jpg,bean_rust
ibeans/00866.jpg,bean_rust
ibeans/00867.jpg,bean_rust
ibeans/00868.jpg,bean_rust
ibeans/00869.jpg,bean_rust
ibeans/00871.jpg,bean_rust
ibeans/00872.jpg,bean_rust
ibeans/00873.jpg,bean_rust
ibeans/00874.jpg,bean_rust
ibeans/00876.jpg,bean_rust
ibeans/00877.jpg,bean_rust
ibeans/00878.jpg,bean_rust
ibeans/00879.jpg,bean_rust
ibeans/00880.jpg,bean_rust
ibeans/00881.jpg,bean_rust
ibeans/00882.jpg,bean_rust
ibeans/00883.jpg,bean_rust
ibeans/00884.jpg,bean_rust
ibeans/00886.jpg,bean_rust
ibeans/00887.jpg,bean_rust
ibeans/00888.jpg,bean_rust
ibeans/00889.jpg,bean_rust
ibeans/00890.jpg,bean_rust
ibeans/00891.jpg,bean_rust
ibeans/00892.jpg,bean_rust
ibeans/00893.jpg,bean_rust
ibeans/00894.jpg,bean_rust
ibeans/00895.jpg,bean_rust
ibeans/00896.jpg,bean_rust
ibeans/00898.jpg,bean_rust
ibeans/00899.jpg,bean_rust
ibeans/00900.jpg,bean_rust
ibeans/00901.jpg,bean_rust
ibeans/00902.jpg,bean_rust
ibeans/00903.jpg,bean_rust
ibeans/00904.jpg,bean_rust
ibeans/00905.jpg,bean_rust
ibeans/00909.jpg,bean_rust
ibeans/00910.jpg,bean_rust
ibeans/00911.jpg,bean_rust
ibeans/00912.jpg,bean_rust
ibeans/00913.jpg,bean_rust
ibeans/00914.jpg,bean_rust
ibeans/00915.jpg,bean_rust
ibeans/00916.jpg,bean_rust
ibeans/00917.jpg,bean_rust
ibeans/00918.jpg,bean_rust
ibeans/00919.jpg,bean_rust
ibeans/00921.jpg,bean_rust
ibeans/00922.jpg,bean_rust
ibeans/00923.jpg,bean_rust
ibeans/00924.jpg,bean_rust
ibeans/00925.jpg,bean_rust
ibeans/00926.jpg,bean_rust
ibeans/00927.jpg,bean_rust
ibeans/00928.jpg,bean_rust
ibeans/00929.jpg,bean_rust
ibeans/00930.jpg,bean_rust
ibeans/00931.jpg,bean_rust
ibeans/00932.jpg,bean_rust
ibeans/00933.jpg,bean_rust
ibeans/00934.jpg,bean_rust
ibeans/00935.jpg,bean_rust
ibeans/00936.jpg,bean_rust
ibeans/00937.jpg,bean_rust
ibeans/00938.jpg,bean_rust
ibeans/00939.jpg,bean_rust
ibeans/00941.jpg,bean_rust
ibeans/00942.jpg,bean_rust
ibeans/00943.jpg,bean_rust
ibeans/00944.jpg,bean_rust
ibeans/00945.jpg,bean_rust
ibeans/00946.jpg,bean_rust
ibeans/00947.jpg,bean_rust
ibeans/00948.jpg,bean_rust
ibeans/00949.jpg,bean_rust
ibeans/00950.jpg,bean_rust
ibeans/00951.jpg,bean_rust
ibeans/00952.jpg,bean_rust
ibeans/00953.jpg,bean_rust
ibeans/00954.jpg,healthy
ibeans/00956.jpg,healthy
ibeans/00957.jpg,healthy
ibeans/00958.jpg,healthy
ibeans/00959.jpg,healthy
ibeans/00960.jpg,healthy
ibeans/00962.jpg,healthy
ibeans/00963.jpg,healthy
ibeans/00964.jpg,healthy
ibeans/00966.jpg,healthy
ibeans/00967.jpg,healthy
ibeans/00968.jpg,healthy
ibeans/00969.jpg,healthy
ibeans/00970.jpg,healthy
ibeans/00971.jpg,healthy
ibeans/00972.jpg,healthy
ibeans/00973.jpg,healthy
ibeans/00975.jpg,healthy
ibeans/00976.jpg,healthy
ibeans/00977.jpg,healthy
ibeans/00978.jpg,healthy
ibeans/00980.jpg,healthy
ibeans/00981.jpg,healthy
ibeans/00982.jpg,healthy
ibeans/00983.jpg,healthy
ibeans/00984.jpg,healthy
ibeans/00985.jpg,healthy
ibeans/00986.jpg,healthy
ibeans/00987.jpg,healthy
ibeans/00988.jpg,healthy
ibeans/00989.jpg,healthy
ibeans/00990.jpg,healthy
ibeans/00991.jpg,healthy
ibeans/00992.jpg,healthy
ibeans/00993.jpg,healthy
ibeans/00994.jpg,healthy
ibeans/00995.jpg,healthy
ibeans/00996.jpg,healthy
ibeans/00997.jpg,healthy
ibeans/00998.jpg,healthy
ibeans/00999.jpg,healthy
ibeans/01000.jpg,healthy
ibeans/01001.jpg,healthy
ibeans/01002.jpg,healthy
ibeans/01003.jpg,healthy
ibeans/01004.jpg,healthy
ibeans/01005.jpg,healthy
ibeans/01006.jpg,healthy
ibeans/01007.jpg,healthy
ibeans/01008.jpg,healthy
ibeans/01009.jpg,healthy
ibeans/01010.jpg,healthy
ibeans/01011.jpg,healthy
ibeans/01012.jpg,healthy
ibeans/01013.jpg,healthy
ibeans/01014.jpg,healthy
ibeans/01015.jpg,healthy
ibeans/01016.jpg,healthy
ibeans/01017.jpg,healthy
ibeans/01018.jpg,healthy
ibeans/01019.jpg,healthy
ibeans/01020.jpg,healthy
ibeans/01021.jpg,healthy
ibeans/01022.jpg,healthy
ibeans/01023.jpg,healthy
ibeans/01024.jpg,healthy
ibeans/01025.jpg,healthy
ibeans/01026.jpg,healthy
ibeans/01027.jpg,healthy
ibeans/01028.jpg,healthy
ibeans/01029.jpg,healthy
ibeans/01030.jpg,healthy
ibeans/01031.jpg,healthy
ibeans/01032.jpg,healthy
ibeans/01033.jpg,healthy
ibeans/01034.jpg,healthy
ibeans/01035.jpg,healthy
ibeans/01036.jpg,healthy
ibeans/01037.jpg,healthy
ibeans/01038.jpg,healthy
ibeans/01039.jpg,healthy
ibeans/01040.jpg,healthy
ibeans/01041.jpg,healthy
ibeans/01042.jpg,healthy
ibeans/01043.jpg,healthy
ibeans/01045.jpg,healthy
ibeans/01047.jpg,healthy
ibeans/01048.jpg,healthy
ibeans/01049.jpg,healthy
ibeans/01050.jpg,healthy
ibeans/01051.jpg,healthy
ibeans/01052.jpg,healthy
ibeans/01053.jpg,healthy
ibeans/01054.jpg,healthy
ibeans/01055.jpg,healthy
ibeans/01056.jpg,healthy
ibeans/01057.jpg,healthy
ibeans/01058.jpg,healthy
ibeans/01059.jpg,healthy
ibeans/01060.jpg,healthy
ibeans/01061.jpg,healthy
ibeans/01062.jpg,healthy
ibeans/01063.jpg,healthy
ibeans/01065.jpg,healthy
ibeans/01066.jpg,healthy
ibeans/01067.jpg,healthy
ibeans/01068.jpg,healthy
ibeans/01069.jpg,healthy
ibeans/01070.jpg,healthy
ibeans/01071.jpg,healthy
ibeans/01072.jpg,healthy
ibeans/01073.jpg,healthy
ibeans/01074.jpg,healthy
ibeans/01075.jpg,healthy
ibeans/01076.jpg,healthy
ibeans/01077.jpg,healthy
ibeans/01078.jpg,healthy
ibeans/01079.jpg,healthy
ibeans/01080.jpg,healthy
ibeans/01081.jpg,healthy
ibeans/01082.jpg,healthy
ibeans/01083.jpg,healthy
ibeans/01084.jpg,healthy
ibeans/01085.jpg,healthy
ibeans/01086.jpg,healthy
ibeans/01087.jpg,healthy
ibeans/01088.jpg,healthy
ibeans/01089.jpg,healthy
ibeans/01090.jpg,healthy
ibeans/01091.jpg,healthy
ibeans/01093.jpg,healthy
ibeans/01094.jpg,healthy
ibeans/01095.jpg,healthy
ibeans/01097.jpg,healthy
ibeans/01098.jpg,healthy
ibeans/01099.jpg,healthy
ibeans/01100.jpg,healthy
ibeans/01101.jpg,healthy
ibeans/01102.jpg,healthy
ibeans/01104.jpg,healthy
ibeans/01105.jpg,healthy
ibeans/01107.jpg,healthy
ibeans/01108.jpg,healthy
ibeans/01109.jpg,healthy
ibeans/01110.jpg,healthy
ibeans/01111.jpg,healthy
ibeans/01113.jpg,healthy
ibeans/01114.jpg,healthy
ibeans/01115.jpg,healthy
ibeans/01116.jpg,healthy
ibeans/01118.jpg,healthy
ibeans/01119.jpg,healthy
ibeans/01120.jpg,healthy
ibeans/01122.jpg,healthy
ibeans/01123.jpg,healthy
ibeans/01124.jpg,healthy
ibeans/01125.jpg,healthy
ibeans/01127.jpg,healthy
ibeans/01128.jpg,healthy
ibeans/01129.jpg,healthy
ibeans/01130.jpg,healthy
ibeans/01131.jpg,healthy
ibeans/01132.jpg,healthy
ibeans/01133.jpg,healthy
ibeans/01134.jpg,healthy
ibeans/01135.jpg,healthy
ibeans/01136.jpg,healthy
ibeans/01137.jpg,healthy
ibeans/01139.jpg,healthy
ibeans/01140.jpg,healthy
ibeans/01142.jpg,healthy
ibeans/01143.jpg,healthy
ibeans/01144.jpg,healthy
ibeans/01145.jpg,healthy
ibeans/01146.jpg,healthy
ibeans/01147.jpg,healthy
ibeans/01148.jpg,healthy
ibeans/01149.jpg,healthy
ibeans/01150.jpg,healthy
ibeans/01151.jpg,healthy
ibeans/01152.jpg,healthy
ibeans/01153.jpg,healthy
ibeans/01154.jpg,healthy
ibeans/01155.jpg,healthy
ibeans/01156.jpg,healthy
ibeans/01157.jpg,healthy
ibeans/01158.jpg,healthy
ibeans/01159.jpg,healthy
ibeans/01160.jpg,healthy
ibeans/01161.jpg,healthy
ibeans/01162.jpg,healthy
ibeans/01163.jpg,healthy
ibeans/01164.jpg,healthy
ibeans/01165.jpg,healthy
ibeans/01166.jpg,healthy
ibeans/01167.jpg,healthy
ibeans/01168.jpg,healthy
ibeans/01169.jpg,healthy
ibeans/01170.jpg,healthy
ibeans/01171.jpg,healthy
ibeans/01172.jpg,healthy
ibeans/01173.jpg,healthy
ibeans/01174.jpg,healthy
ibeans/01175.jpg,healthy
ibeans/01176.jpg,healthy
ibeans/01177.jpg,healthy
ibeans/01178.jpg,healthy
ibeans/01180.jpg,healthy
ibeans/01181.jpg,healthy
ibeans/01182.jpg,healthy
ibeans/01183.jpg,healthy
ibeans/01184.jpg,healthy
ibeans/01186.jpg,healthy
ibeans/01187.jpg,healthy
ibeans/01188.jpg,healthy
ibeans/01189.jpg,healthy
ibeans/01190.jpg,healthy
ibeans/01191.jpg,healthy
ibeans/01193.jpg,healthy
ibeans/01194.jpg,healthy
ibeans/01195.jpg,healthy
ibeans/01196.jpg,healthy
ibeans/01197.jpg,healthy
ibeans/01198.jpg,healthy
ibeans/01199.jpg,healthy
ibeans/01200.jpg,healthy
ibeans/01201.jpg,healthy
ibeans/01202.jpg,healthy
ibeans/01203.jpg,healthy
ibeans/01204.jpg,healthy
ibeans/01206.jpg,healthy
ibeans/01207.jpg,healthy
ibeans/01208.jpg,healthy
ibeans/01209.jpg,healthy
ibeans/01210.jpg,healthy
ibeans/01211.jpg,healthy
ibeans/01212.jpg,healthy
ibeans/01213.jpg,healthy
ibeans/01214.jpg,healthy
ibeans/01215.jpg,healthy
ibeans/01216.jpg,healthy
ibeans/01217.jpg,healthy
ibeans/01218.jpg,healthy
ibeans/01219.jpg,healthy
ibeans/01220.jpg,healthy
ibeans/01221.jpg,healthy
ibeans/01222.jpg,healthy
ibeans/01223.jpg,healthy
ibeans/01224.jpg,healthy
ibeans/01225.jpg,healthy
ibeans/01226.jpg,healthy
ibeans/01228.jpg,healthy
ibeans/01229.jpg,healthy
ibeans/01230.jpg,healthy
ibeans/01231.jpg,healthy
ibeans/01232.jpg,healthy
ibeans/01233.jpg,healthy
ibeans/01234.jpg,healthy
ibeans/01236.jpg,healthy
ibeans/01237.jpg,healthy
ibeans/01238.jpg,healthy
ibeans/01239.jpg,healthy
ibeans/01240.jpg,healthy
ibeans/01241.jpg,healthy
ibeans/01242.jpg,healthy
ibeans/01244.jpg,healthy
ibeans/01245.jpg,healthy
ibeans/01246.jpg,healthy
ibeans/01247.jpg,healthy
ibeans/01248.jpg,healthy
ibeans/01249.jpg,healthy
ibeans/01250.jpg,healthy
ibeans/01251.jpg,healthy
ibeans/01252.jpg,healthy
ibeans/01255.jpg,healthy
ibeans/01256.jpg,healthy
ibeans/01257.jpg,healthy
ibeans/01258.jpg,healthy
ibeans/01259.jpg,healthy
ibeans/01260.jpg,healthy
ibeans/01262.jpg,healthy
ibeans/01263.jpg,healthy
ibeans/01264.jpg,healthy
ibeans/01265.jpg,healthy
ibeans/01267.jpg,healthy
ibeans/01268.jpg,healthy
ibeans/01269.jpg,healthy
ibeans/01270.jpg,healthy
ibeans/01271.jpg,healthy
ibeans/01274.jpg,healthy
ibeans/01275.jpg,healthy
ibeans/01276.jpg,healthy
ibeans/01278.jpg,healthy
ibeans/01279.jpg,healthy
ibeans/01280.jpg,healthy
ibeans/01282.jpg,healthy
ibeans/01283.jpg,healthy
ibeans/01284.jpg,healthy
ibeans/01285.jpg,healthy
ibeans/01286.jpg,healthy
ibeans/01287.jpg,healthy
ibeans/01288.jpg,healthy
ibeans/01289.jpg,healthy
ibeans/01290.jpg,healthy
ibeans/01291.jpg,healthy
ibeans/01292.jpg,healthy
ibeans/01293.jpg,healthy
ibeans/01294.jpg,healthy
