image,label
monkey-10/00000.jpg,n3
monkey-10/00001.jpg,n3
monkey-10/00003.jpg,n3
monkey-10/00004.jpg,n3
monkey-10/00005.jpg,n3
monkey-10/00006.jpg,n3
monkey-10/00007.jpg,n3
monkey-10/00009.jpg,n3
monkey-10/00010.jpg,n3
monkey-10/00011.jpg,n3
monkey-10/00012.jpg,n3
monkey-10/00013.jpg,n3
monkey-10/00014.jpg,n3
monkey-10/00015.jpg,n3
monkey-10/00016.jpg,n3
monkey-10/00017.jpg,n3
monkey-10/00018.jpg,n3
monkey-10/00019.jpg,n3
monkey-10/00020.jpg,n3
monkey-10/00021.jpg,n3
monkey-10/00022.jpg,n3
monkey-10/00023.jpg,n3
monkey-10/00024.jpg,n3
monkey-10/00025.jpg,n3
monkey-10/00026.jpg,n3
monkey-10/00027.jpg,n3
monkey-10/00028.jpg,n3
monkey-10/00029.jpg,n3
monkey-10/00030.jpg,n9
monkey-10/00031.jpg,n9
monkey-10/00032.jpg,n9
monkey-10/00034.jpg,n9
monkey-10/00035.jpg,n9
monkey-10/00036.jpg,n9
monkey-10/00037.jpg,n9
monkey-10/00038.jpg,n9
monkey-10/00039.jpg,n9
monkey-10/00040.jpg,n9
monkey-10/00041.jpg,n9
monkey-10/00042.jpg,n9
monkey-10/00043.jpg,n9
monkey-10/00044.jpg,n9
monkey-10/00045.jpg,n9
monkey-10/00048.jpg,n9
monkey-10/00049.jpg,n9
monkey-10/00050.jpg,n9
monkey-10/00051.jpg,n9
monkey-10/00052.jpg,n9
monkey-10/00053.jpg,n9
monkey-10/00054.jpg,n9
monkey-10/00055.jpg,n9
monkey-10/00056.jpg,n7
monkey-10/00057.jpg,n7
monkey-10/00058.jpg,n7
monkey-10/00059.jpg,n7
monkey-10/00060.jpg,n7
monkey-10/00061.jpg,n7
monkey-10/00062.jpg,n7
monkey-10/00063.jpg,n7
monkey-10/00064.jpg,n7
monkey-10/00065.jpg,n7
monkey-10/00066.jpg,n7
monkey-10/00067.jpg,n7
monkey-10/00068.jpg,n7
monkey-10/00069.jpg,n7
monkey-10/00070.jpg,n7
monkey-10/00071.jpg,n7
monkey-10/00072.jpg,n7
monkey-10/00073.jpg,n7
monkey-10/00075.jpg,n7
monkey-10/00076.jpg,n7
monkey-10/00077.jpg,n7
monkey-10/00078.jpg,n7
monkey-10/00079.jpg,n7
monkey-10/00080.jpg,n7
monkey-10/00081.jpg,n7
monkey-10/00083.jpg,n7
monkey-10/00084.jpg,n8
monkey-10/00085.jpg,n8
monkey-10/00087.jpg,n8
monkey-10/00088.jpg,n8
monkey-10/00089.jpg,n8
monkey-10/00090.jpg,n8
monkey-10/00091.jpg,n8
monkey-10/00092.jpg,n8
monkey-10/00093.jpg,n8
monkey-10/00094.jpg,n8
monkey-10/00096.jpg,n8
monkey-10/00097.jpg,n8
monkey-10/00098.jpg,n8
monkey-10/00099.jpg,n8
monkey-10/00100.jpg,n8
monkey-10/00101.jpg,n8
monkey-10/00102.jpg,n8
monkey-10/00103.jpg,n8
monkey-10/00104.jpg,n8
monkey-10/00105.jpg,n8
monkey-10/00106.jpg,n8
monkey-10/00107.jpg,n8
monkey-10/00109.jpg,n8
monkey-10/00111.jpg,n5
monkey-10/00112.jpg,n5
monkey-10/00113.jpg,n5
monkey-10/00114.jpg,n5
monkey-10/00115.jpg,n5
monkey-10/00116.jpg,n5
monkey-10/00117.jpg,n5
monkey-10/00118.jpg,n5
monkey-10/00119.jpg,n5
monkey-10/00120.jpg,n5
monkey-10/00121.jpg,n5
monkey-10/00122.jpg,n5
monkey-10/00123.jpg,n5
monkey-10/00124.jpg,n5
monkey-10/00125.jpg,n5
monkey-10/00127.jpg,n5
monkey-10/00128.jpg,n5
monkey-10/00130.jpg,n5
monkey-10/00131.jpg,n5
monkey-10/00132.jpg,n5
monkey-10/00133.jpg,n5
monkey-10/00134.jpg,n5
monkey-10/00135.jpg,n5
monkey-10/00136.jpg,n5
monkey-10/00137.jpg,n5
monkey-10/00138.jpg,n5
monkey-10/00140.jpg,n4
monkey-10/00141.jpg,n4
monkey-10/00142.jpg,n4
monkey-10/00143.jpg,n4
monkey-10/00144.jpg,n4
monkey-10/00145.jpg,n4
monkey-10/00146.jpg,n4
monkey-10/00147.jpg,n4
monkey-10/00148.jpg,n4
monkey-10/00149.jpg,n4
monkey-10/00150.jpg,n4
monkey-10/00151.jpg,n4
monkey-10/00152.jpg,n4
monkey-10/00153.jpg,n4
monkey-10/00155.jpg,n4
monkey-10/00156.jpg,n4
monkey-10/00158.jpg,n4
monkey-10/00159.jpg,n4
monkey-10/00161.jpg,n4
monkey-10/00162.jpg,n4
monkey-10/00163.jpg,n4
monkey-10/00164.jpg,n4
monkey-10/00165.jpg,n6
monkey-10/00166.jpg,n6
monkey-10/00167.jpg,n6
monkey-10/00168.jpg,n6
monkey-10/00169.jpg,n6
monkey-10/00170.jpg,n6
monkey-10/00171.jpg,n6
monkey-10/00172.jpg,n6
monkey-10/00173.jpg,n6
monkey-10/00174.jpg,n6
monkey-10/00175.jpg,n6
monkey-10/00176.jpg,n6
monkey-10/00177.jpg,n6
monkey-10/00178.jpg,n6
monkey-10/00179.jpg,n6
monkey-10/00180.jpg,n6
monkey-10/00182.jpg,n6
monkey-10/00184.jpg,n6
monkey-10/00185.jpg,n6
monkey-10/00186.jpg,n6
monkey-10/00187.jpg,n6
monkey-10/00188.jpg,n6
monkey-10/00189.jpg,n6
monkey-10/00190.jpg,n6
monkey-10/00191.jpg,n1
monkey-10/00192.jpg,n1
monkey-10/00193.jpg,n1
monkey-10/00194.jpg,n1
monkey-10/00195.jpg,n1
monkey-10/00196.jpg,n1
monkey-10/00197.jpg,n1
monkey-10/00198.jpg,n1
monkey-10/00199.jpg,n1
monkey-10/00200.jpg,n1
monkey-10/00203.jpg,n1
monkey-10/00204.jpg,n1
monkey-10/00205.jpg,n1
monkey-10/00206.jpg,n1
monkey-10/00207.jpg,n1
monkey-10/00208.jpg,n1
monkey-10/00209.jpg,n1
monkey-10/00210.jpg,n1
monkey-10/00211.jpg,n1
monkey-10/00213.jpg,n1
monkey-10/00214.jpg,n1
monkey-10/00215.jpg,n1
monkey-10/00216.jpg,n1
monkey-10/00217.jpg,n1
monkey-10/00218.jpg,n1
monkey-10/00219.jpg,n2
monkey-10/00220.jpg,n2
monkey-10/00221.jpg,n2
monkey-10/00222.jpg,n2
monkey-10/00223.jpg,n2
monkey-10/00224.jpg,n2
monkey-10/00226.jpg,n2
monkey-10/00228.jpg,n2
monkey-10/00230.jpg,n2
monkey-10/00231.jpg,n2
monkey-10/00232.jpg,n2
monkey-10/00233.jpg,n2
monkey-10/00234.jpg,n2
monkey-10/00235.jpg,n2
monkey-10/00236.jpg,n2
monkey-10/00237.jpg,n2
monkey-10/00238.jpg,n2
monkey-10/00239.jpg,n2
monkey-10/00240.jpg,n2
monkey-10/00241.jpg,n2
monkey-10/00243.jpg,n2
monkey-10/00244.jpg,n2
monkey-10/00245.jpg,n2
monkey-10/00246.jpg,n0
monkey-10/00247.jpg,n0
monkey-10/00248.jpg,n0
monkey-10/00249.jpg,n0
monkey-10/00250.jpg,n0
monkey-10/00251.jpg,n0
monkey-10/00252.jpg,n0
monkey-10/00253.jpg,n0
monkey-10/00254.jpg,n0
monkey-10/00255.jpg,n0
monkey-10/00256.jpg,n0
monkey-10/00257.jpg,n0
monkey-10/00258.jpg,n0
monkey-10/00259.jpg,n0
monkey-10/00260.jpg,n0
monkey-10/00261.jpg,n0
monkey-10/00262.jpg,n0
monkey-10/00263.jpg,n0
monkey-10/00264.jpg,n0
monkey-10/00265.jpg,n0
monkey-10/00266.jpg,n0
monkey-10/00267.jpg,n0
monkey-10/00268.jpg,n0
monkey-10/00269.jpg,n0
monkey-10/00270.jpg,n0
monkey-10/00271.jpg,n0
monkey-10/00272.jpg,n3
monkey-10/00273.jpg,n3
monkey-10/00274.jpg,n3
monkey-10/00275.jpg,n3
monkey-10/00276.jpg,n3
monkey-10/00277.jpg,n3
monkey-10/00278.jpg,n3
monkey-10/00279.jpg,n3
monkey-10/00280.jpg,n3
monkey-10/00281.jpg,n3
monkey-10/00282.jpg,n3
monkey-10/00283.jpg,n3
monkey-10/00284.jpg,n3
monkey-10/00285.jpg,n3
monkey-10/00286.jpg,n3
monkey-10/00287.jpg,n3
monkey-10/00288.jpg,n3
monkey-10/00290.jpg,n3
monkey-10/00292.jpg,n3
monkey-10/00293.jpg,n3
monkey-10/00294.jpg,n3
monkey-10/00296.jpg,n3
monkey-10/00299.jpg,n3
monkey-10/00300.jpg,n3
monkey-10/00301.jpg,n3
monkey-10/00302.jpg,n3
monkey-10/00303.jpg,n3
monkey-10/00304.jpg,n3
monkey-10/00305.jpg,n3
monkey-10/00306.jpg,n3
monkey-10/00307.jpg,n3
monkey-10/00309.jpg,n3
monkey-10/00310.jpg,n3
monkey-10/00311.jpg,n3
monkey-10/00312.jpg,n3
monkey-10/00313.jpg,n3
monkey-10/00314.jpg,n3
monkey-10/00315.jpg,n3
monkey-10/00316.jpg,n3
monkey-10/00317.jpg,n3
monkey-10/00318.jpg,n3
monkey-10/00319.jpg,n3
monkey-10/00320.jpg,n3
monkey-10/00321.jpg,n3
monkey-10/00322.jpg,n3
monkey-10/00325.jpg,n3
monkey-10/00326.jpg,n3
monkey-10/00327.jpg,n3
monkey-10/00328.jpg,n3
monkey-10/00329.jpg,n3
monkey-10/00330.jpg,n3
monkey-10/00331.jpg,n3
monkey-10/00332.jpg,n3
monkey-10/00333.jpg,n3
monkey-10/00334.jpg,n3
monkey-10/00335.jpg,n3
monkey-10/00336.jpg,n3
monkey-10/00337.jpg,n3
monkey-10/00338.jpg,n3
monkey-10/00339.jpg,n3
monkey-10/00340.jpg,n3
monkey-10/00341.jpg,n3
monkey-10/00343.jpg,n3
monkey-10/00344.jpg,n3
monkey-10/00345.jpg,n3
monkey-10/00346.jpg,n3
monkey-10/00347.jpg,n3
monkey-10/00348.jpg,n3
monkey-10/00349.jpg,n3
monkey-10/00350.jpg,n3
monkey-10/00351.jpg,n3
monkey-10/00352.jpg,n3
monkey-10/00353.jpg,n3
monkey-10/00354.jpg,n3
monkey-10/00355.jpg,n3
monkey-10/00356.jpg,n3
monkey-10/00357.jpg,n3
monkey-10/00358.jpg,n3
monkey-10/00359.jpg,n3
monkey-10/00360.jpg,n3
monkey-10/00361.jpg,n3
monkey-10/00362.jpg,n3
monkey-10/00363.jpg,n3
monkey-10/00364.jpg,n3
monkey-10/00365.jpg,n3
monkey-10/00366.jpg,n3
monkey-10/00367.jpg,n3
monkey-10/00368.jpg,n3
monkey-10/00369.jpg,n3
monkey-10/00371.jpg,n3
monkey-10/00373.jpg,n3
monkey-10/00374.jpg,n3
monkey-10/00375.jpg,n3
monkey-10/00376.jpg,n3
monkey-10/00377.jpg,n3
monkey-10/00378.jpg,n3
monkey-10/00379.jpg,n3
monkey-10/00380.jpg,n3
monkey-10/00381.jpg,n3
monkey-10/00382.jpg,n3
monkey-10/00383.jpg,n3
monkey-10/00384.jpg,n3
monkey-10/00385.jpg,n3
monkey-10/00386.jpg,n3
monkey-10/00387.jpg,n3
monkey-10/00388.jpg,n3
monkey-10/00389.jpg,n3
monkey-10/00390.jpg,n3
monkey-10/00391.jpg,n3
monkey-10/00392.jpg,n3
monkey-10/00393.jpg,n3
monkey-10/00394.jpg,n9
monkey-10/00395.jpg,n9
monkey-10/00396.jpg,n9
monkey-10/00397.jpg,n9
monkey-10/00398.jpg,n9
monkey-10/00399.jpg,n9
monkey-10/00400.jpg,n9
monkey-10/00401.jpg,n9
monkey-10/00402.jpg,n9
monkey-10/00403.jpg,n9
monkey-10/00404.jpg,n9
monkey-10/00406.jpg,n9
monkey-10/00408.jpg,n9
monkey-10/00409.jpg,n9
monkey-10/00410.jpg,n9
monkey-10/00411.jpg,n9
monkey-10/00412.jpg,n9
monkey-10/00413.jpg,n9
monkey-10/00414.png,n9
monkey-10/00415.jpg,n9
monkey-10/00416.jpg,n9
monkey-10/00417.jpg,n9
monkey-10/00418.jpg,n9
monkey-10/00419.jpg,n9
monkey-10/00420.jpg,n9
monkey-10/00422.jpg,n9
monkey-10/00423.jpg,n9
monkey-10/00424.jpg,n9
monkey-10/00425.jpg,n9
monkey-10/00426.jpg,n9
monkey-10/00427.jpg,n9
monkey-10/00428.jpg,n9
monkey-10/00429.jpg,n9
monkey-10/00430.jpg,n9
monkey-10/00431.jpg,n9
monkey-10/00432.jpg,n9
monkey-10/00433.jpg,n9
monkey-10/00434.jpg,n9
monkey-10/00435.jpg,n9
monkey-10/00436.jpg,n9
monkey-10/00437.jpg,n9
monkey-10/00438.jpg,n9
monkey-10/00439.jpg,n9
monkey-10/00440.jpg,n9
monkey-10/00441.jpg,n9
monkey-10/00442.jpg,n9
monkey-10/00443.jpg,n9
monkey-10/00444.jpg,n9
monkey-10/00445.jpg,n9
monkey-10/00446.jpg,n9
monkey-10/00447.jpg,n9
monkey-10/00448.jpg,n9
monkey-10/00449.jpg,n9
monkey-10/00450.jpg,n9
monkey-10/00451.jpg,n9
monkey-10/00453.jpg,n9
monkey-10/00454.jpg,n9
monkey-10/00455.jpg,n9
monkey-10/00457.jpg,n9
monkey-10/00458.jpg,n9
monkey-10/00459.jpg,n9
monkey-10/00460.jpg,n9
monkey-10/00461.jpg,n9
monkey-10/00462.jpg,n9
monkey-10/00463.jpg,n9
monkey-10/00464.jpg,n9
monkey-10/00467.jpg,n9
monkey-10/00468.jpg,n9
monkey-10/00469.jpg,n9
monkey-10/00470.jpg,n9
monkey-10/00471.jpg,n9
monkey-10/00472.jpg,n9
monkey-10/00474.jpg,n9
monkey-10/00475.jpg,n9
monkey-10/00476.jpg,n9
monkey-10/00477.jpg,n9
monkey-10/00478.jpg,n9
monkey-10/00479.jpg,n9
monkey-10/00480.jpg,n9
monkey-10/00481.jpg,n9
monkey-10/00482.jpg,n9
monkey-10/00483.jpg,n9
monkey-10/00485.jpg,n9
monkey-10/00486.jpg,n9
monkey-10/00487.jpg,n9
monkey-10/00488.jpg,n9
monkey-10/00489.jpg,n9
monkey-10/00491.jpg,n9
monkey-10/00492.jpg,n9
monkey-10/00493.jpg,n9
monkey-10/00494.jpg,n9
monkey-10/00495.jpg,n9
monkey-10/00496.jpg,n9
monkey-10/00497.jpg,n9
monkey-10/00498.jpg,n9
monkey-10/00499.jpg,n7
monkey-10/00500.jpg,n7
monkey-10/00501.jpg,n7
monkey-10/00502.jpg,n7
monkey-10/00504.jpg,n7
monkey-10/00505.jpg,n7
monkey-10/00506.jpg,n7
monkey-10/00507.jpg,n7
monkey-10/00508.jpg,n7
monkey-10/00509.jpg,n7
monkey-10/00510.jpg,n7
monkey-10/00511.jpg,n7
monkey-10/00512.jpg,n7
monkey-10/00513.jpg,n7
monkey-10/00514.jpg,n7
monkey-10/00515.jpg,n7
monkey-10/00516.jpg,n7
monkey-10/00517.jpg,n7
monkey-10/00518.jpg,n7
monkey-10/00519.jpg,n7
monkey-10/00520.jpg,n7
monkey-10/00521.jpg,n7
monkey-10/00522.jpg,n7
monkey-10/00523.jpg,n7
monkey-10/00524.jpg,n7
monkey-10/00525.jpg,n7
monkey-10/00526.jpg,n7
monkey-10/00527.jpg,n7
monkey-10/00528.jpg,n7
monkey-10/00529.jpg,n7
monkey-10/00530.jpg,n7
monkey-10/00531.jpg,n7
monkey-10/00532.jpg,n7
monkey-10/00533.jpg,n7
monkey-10/00534.jpg,n7
monkey-10/00535.jpg,n7
monkey-10/00536.jpg,n7
monkey-10/00537.jpg,n7
monkey-10/00538.jpg,n7
monkey-10/00540.jpg,n7
monkey-10/00542.jpg,n7
monkey-10/00543.jpg,n7
monkey-10/00545.jpg,n7
monkey-10/00546.jpg,n7
monkey-10/00547.jpg,n7
monkey-10/00548.jpg,n7
monkey-10/00549.jpg,n7
monkey-10/00550.jpg,n7
monkey-10/00551.jpg,n7
monkey-10/00552.jpg,n7
monkey-10/00553.jpg,n7
monkey-10/00554.jpg,n7
monkey-10/00555.jpg,n7
monkey-10/00556.jpg,n7
monkey-10/00557.jpg,n7
monkey-10/00559.jpg,n7
monkey-10/00560.jpg,n7
monkey-10/00561.jpg,n7
monkey-10/00562.jpg,n7
monkey-10/00563.jpg,n7
monkey-10/00564.jpg,n7
monkey-10/00565.jpg,n7
monkey-10/00566.jpg,n7
monkey-10/00568.jpg,n7
monkey-10/00569.jpg,n7
monkey-10/00570.jpg,n7
monkey-10/00571.jpg,n7
monkey-10/00572.jpg,n7
monkey-10/00573.jpg,n7
monkey-10/00574.jpg,n7
monkey-10/00578.jpg,n7
monkey-10/00579.jpg,n7
monkey-10/00580.jpg,n7
monkey-10/00581.jpg,n7
monkey-10/00582.jpg,n7
monkey-10/00583.jpg,n7
monkey-10/00584.jpg,n7
monkey-10/00585.jpg,n7
monkey-10/00586.jpg,n7
monkey-10/00587.jpg,n7
monkey-10/00588.jpg,n7
monkey-10/00589.jpg,n7
monkey-10/00590.jpg,n7
monkey-10/00592.jpg,n7
monkey-10/00593.jpg,n7
monkey-10/00594.jpg,n7
monkey-10/00595.jpg,n7
monkey-10/00596.jpg,n7
monkey-10/00598.jpg,n7
monkey-10/00599.jpg,n7
monkey-10/00600.jpg,n7
monkey-10/00601.jpg,n7
monkey-10/00602.jpg,n7
monkey-10/00603.jpg,n7
monkey-10/00604.jpg,n7
monkey-10/00605.jpg,n7
monkey-10/00606.jpg,n7
monkey-10/00607.jpg,n7
monkey-10/00608.jpg,n7
monkey-10/00609.jpg,n7
monkey-10/00610.jpg,n7
monkey-10/00611.jpg,n7
monkey-10/00612.jpg,n7
monkey-10/00613.jpg,n8
monkey-10/00614.jpg,n8
monkey-10/00615.jpg,n8
monkey-10/00616.jpg,n8
monkey-10/00617.jpg,n8
monkey-10/00619.jpg,n8
monkey-10/00621.jpg,n8
monkey-10/00623.jpg,n8
monkey-10/00624.jpg,n8
monkey-10/00625.jpg,n8
monkey-10/00626.jpg,n8
monkey-10/00627.jpg,n8
monkey-10/00628.jpg,n8
monkey-10/00629.jpg,n8
monkey-10/00630.jpg,n8
monkey-10/00631.jpg,n8
monkey-10/00632.jpg,n8
monkey-10/00633.jpg,n8
monkey-10/00636.jpg,n8
monkey-10/00637.jpg,n8
monkey-10/00638.jpg,n8
monkey-10/00639.jpg,n8
monkey-10/00640.jpg,n8
monkey-10/00642.jpg,n8
monkey-10/00643.jpg,n8
monkey-10/00644.jpg,n8
monkey-10/00645.jpg,n8
monkey-10/00646.jpg,n8
monkey-10/00648.jpg,n8
monkey-10/00649.jpg,n8
monkey-10/00650.jpg,n8
monkey-10/00651.jpg,n8
monkey-10/00652.jpg,n8
monkey-10/00653.jpg,n8
monkey-10/00654.jpg,n8
monkey-10/00655.jpg,n8
monkey-10/00656.jpg,n8
monkey-10/00657.jpg,n8
monkey-10/00658.jpg,n8
monkey-10/00659.jpg,n8
monkey-10/00660.jpg,n8
monkey-10/00661.jpg,n8
monkey-10/00662.jpg,n8
monkey-10/00663.jpg,n8
monkey-10/00664.jpg,n8
monkey-10/00665.jpg,n8
monkey-10/00666.jpg,n8
monkey-10/00667.jpg,n8
monkey-10/00668.jpg,n8
monkey-10/00669.jpg,n8
monkey-10/00670.jpg,n8
monkey-10/00671.jpg,n8
monkey-10/00672.jpg,n8
monkey-10/00673.jpg,n8
monkey-10/00675.jpg,n8
monkey-10/00676.jpg,n8
monkey-10/00677.jpg,n8
monkey-10/00678.jpg,n8
monkey-10/00679.jpg,n8
monkey-10/00680.jpg,n8
monkey-10/00681.jpg,n8
monkey-10/00682.jpg,n8
monkey-10/00683.jpg,n8
monkey-10/00684.jpg,n8
monkey-10/00685.jpg,n8
monkey-10/00686.jpg,n8
monkey-10/00687.jpg,n8
monkey-10/00688.jpg,n8
monkey-10/00689.jpg,n8
monkey-10/00690.jpg,n8
monkey-10/00691.jpg,n8
monkey-10/00692.jpg,n8
monkey-10/00693.jpg,n8
monkey-10/00694.jpg,n8
monkey-10/00695.jpg,n8
monkey-10/00696.jpg,n8
monkey-10/00697.jpg,n8
monkey-10/00698.jpg,n8
monkey-10/00699.jpg,n8
monkey-10/00700.jpg,n8
monkey-10/00701.jpg,n8
monkey-10/00702.jpg,n8
monkey-10/00703.jpg,n8
monkey-10/00704.jpg,n8
monkey-10/00705.jpg,n8
monkey-10/00707.jpg,n8
monkey-10/00708.jpg,n8
monkey-10/00709.jpg,n8
monkey-10/00710.jpg,n8
monkey-10/00711.jpg,n8
monkey-10/00712.jpg,n8
monkey-10/00713.jpg,n8
monkey-10/00714.jpg,n8
monkey-10/00715.jpg,n8
monkey-10/00716.jpg,n8
monkey-10/00717.jpg,n8
monkey-10/00718.jpg,n8
monkey-10/00719.jpg,n5
monkey-10/00721.jpg,n5
monkey-10/00722.jpg,n5
monkey-10/00723.jpg,n5
monkey-10/00724.jpg,n5
monkey-10/00725.jpg,n5
monkey-10/00726.jpg,n5
monkey-10/00727.jpg,n5
monkey-10/00728.jpg,n5
monkey-10/00729.jpg,n5
monkey-10/00730.jpg,n5
monkey-10/00731.jpg,n5
monkey-10/00732.jpg,n5
monkey-10/00733.jpg,n5
monkey-10/00735.jpg,n5
monkey-10/00736.jpg,n5
monkey-10/00737.jpg,n5
monkey-10/00738.jpg,n5
monkey-10/00739.jpg,n5
monkey-10/00740.jpg,n5
monkey-10/00741.jpg,n5
monkey-10/00742.jpg,n5
monkey-10/00743.jpg,n5
monkey-10/00744.jpg,n5
monkey-10/00745.jpg,n5
monkey-10/00746.jpg,n5
monkey-10/00747.jpg,n5
monkey-10/00749.jpg,n5
monkey-10/00750.jpg,n5
monkey-10/00751.jpg,n5
monkey-10/00752.jpg,n5
monkey-10/00753.jpg,n5
monkey-10/00755.jpg,n5
monkey-10/00756.jpg,n5
monkey-10/00757.jpg,n5
monkey-10/00758.jpg,n5
monkey-10/00759.jpg,n5
monkey-10/00761.jpg,n5
monkey-10/00762.jpg,n5
monkey-10/00763.jpg,n5
monkey-10/00764.jpg,n5
monkey-10/00765.jpg,n5
monkey-10/00767.jpg,n5
monkey-10/00768.jpg,n5
monkey-10/00769.jpg,n5
monkey-10/00770.jpg,n5
monkey-10/00771.jpg,n5
monkey-10/00772.jpg,n5
monkey-10/00773.jpg,n5
monkey-10/00774.jpg,n5
monkey-10/00775.jpg,n5
monkey-10/00776.jpg,n5
monkey-10/00777.jpg,n5
monkey-10/00778.jpg,n5
monkey-10/00779.jpg,n5
monkey-10/00780.jpg,n5
monkey-10/00781.jpg,n5
monkey-10/00783.jpg,n5
monkey-10/00784.jpg,n5
monkey-10/00785.jpg,n5
monkey-10/00786.jpg,n5
monkey-10/00787.jpg,n5
monkey-10/00788.jpg,n5
monkey-10/00789.jpg,n5
monkey-10/00792.jpg,n5
monkey-10/00793.jpg,n5
monkey-10/00794.jpg,n5
monkey-10/00795.jpg,n5
monkey-10/00796.jpg,n5
monkey-10/00797.jpg,n5
monkey-10/00799.jpg,n5
monkey-10/00800.jpg,n5
monkey-10/00801.jpg,n5
monkey-10/00802.jpg,n5
monkey-10/00803.jpg,n5
monkey-10/00804.jpg,n5
monkey-10/00805.jpg,n5
monkey-10/00806.jpg,n5
monkey-10/00807.jpg,n5
monkey-10/00808.jpg,n5
monkey-10/00809.jpg,n5
monkey-10/00810.jpg,n5
monkey-10/00811.jpg,n5
monkey-10/00812.jpg,n5
monkey-10/00813.jpg,n5
monkey-10/00814.jpg,n5
monkey-10/00816.jpg,n5
monkey-10/00817.jpg,n5
monkey-10/00818.jpg,n5
monkey-10/00819.jpg,n5
monkey-10/00820.jpg,n5
monkey-10/00821.jpg,n5
monkey-10/00822.jpg,n5
monkey-10/00823.jpg,n5
monkey-10/00824.jpg,n5
monkey-10/00825.jpg,n5
monkey-10/00826.jpg,n5
monkey-10/00827.jpg,n5
monkey-10/00828.jpg,n5
monkey-10/00829.jpg,n5
monkey-10/00830.jpg,n5
monkey-10/00831.jpg,n5
monkey-10/00833.jpg,n4
monkey-10/00835.jpg,n4
monkey-10/00836.jpg,n4
monkey-10/00837.jpg,n4
monkey-10/00838.jpg,n4
monkey-10/00839.jpg,n4
monkey-10/00840.jpg,n4
monkey-10/00841.jpg,n4
monkey-10/00842.jpg,n4
monkey-10/00843.jpg,n4
monkey-10/00844.jpg,n4
monkey-10/00845.jpg,n4
monkey-10/00846.jpg,n4
monkey-10/00847.jpg,n4
monkey-10/00848.jpg,n4
monkey-10/00849.jpg,n4
monkey-10/00850.jpg,n4
monkey-10/00851.jpg,n4
monkey-10/00852.jpg,n4
monkey-10/00853.jpg,n4
monkey-10/00854.jpg,n4
monkey-10/00855.jpg,n4
monkey-10/00856.jpg,n4
monkey-10/00857.jpg,n4
monkey-10/00858.jpg,n4
monkey-10/00859.jpg,n4
monkey-10/00861.jpg,n4
monkey-10/00862.jpg,n4
monkey-10/00863.jpg,n4
monkey-10/00864.jpg,n4
monkey-10/00865.jpg,n4
monkey-10/00866.jpg,n4
monkey-10/00867.jpg,n4
monkey-10/00868.jpg,n4
monkey-10/00869.jpg,n4
monkey-10/00870.jpg,n4
monkey-10/00871.jpg,n4
monkey-10/00872.jpg,n4
monkey-10/00873.jpg,n4
monkey-10/00874.jpg,n4
monkey-10/00875.jpg,n4
monkey-10/00876.jpg,n4
monkey-10/00877.jpg,n4
monkey-10/00878.jpg,n4
monkey-10/00879.jpg,n4
monkey-10/00880.jpg,n4
monkey-10/00881.jpg,n4
monkey-10/00882.jpg,n4
monkey-10/00883.jpg,n4
monkey-10/00884.jpg,n4
monkey-10/00885.jpg,n4
monkey-10/00886.jpg,n4
monkey-10/00887.jpg,n4
monkey-10/00888.jpg,n4
monkey-10/00889.jpg,n4
monkey-10/00890.jpg,n4
monkey-10/00891.jpg,n4
monkey-10/00892.jpg,n4
monkey-10/00893.jpg,n4
monkey-10/00894.jpg,n4
monkey-10/00895.jpg,n4
monkey-10/00896.jpg,n4
monkey-10/00898.jpg,n4
monkey-10/00899.jpg,n4
monkey-10/00900.jpg,n4
monkey-10/00901.jpg,n4
monkey-10/00902.jpg,n4
monkey-10/00903.jpg,n4
monkey-10/00904.jpg,n4
monkey-10/00905.jpg,n4
monkey-10/00907.jpg,n4
monkey-10/00908.jpg,n4
monkey-10/00910.jpg,n4
monkey-10/00911.jpg,n4
monkey-10/00912.jpg,n4
monkey-10/00913.jpg,n4
monkey-10/00914.jpg,n4
monkey-10/00915.jpg,n4
monkey-10/00918.jpg,n4
monkey-10/00919.jpg,n4
monkey-10/00920.jpg,n4
monkey-10/00921.jpg,n4
monkey-10/00922.jpg,n4
monkey-10/00923.jpg,n4
monkey-10/00924.jpg,n4
monkey-10/00925.jpg,n4
monkey-10/00926.jpg,n4
monkey-10/00928.jpg,n4
monkey-10/00929.jpg,n4
monkey-10/00930.jpg,n4
monkey-10/00931.jpg,n4
monkey-10/00932.jpg,n4
monkey-10/00933.jpg,n4
monkey-10/00934.jpg,n4
monkey-10/00935.jpg,n4
monkey-10/00936.jpg,n4
monkey-10/00937.jpg,n6
monkey-10/00938.jpg,n6
monkey-10/00939.jpg,n6
monkey-10/00940.jpg,n6
monkey-10/00942.jpg,n6
monkey-10/00943.jpg,n6
monkey-10/00945.jpg,n6
monkey-10/00946.jpg,n6
monkey-10/00947.jpg,n6
monkey-10/00948.jpg,n6
monkey-10/00949.jpg,n6
monkey-10/00950.jpg,n6
monkey-10/00951.jpg,n6
monkey-10/00952.jpg,n6
monkey-10/00953.jpg,n6
monkey-10/00954.jpg,n6
monkey-10/00956.jpg,n6
monkey-10/00957.jpg,n6
monkey-10/00958.jpg,n6
monkey-10/00959.jpg,n6
monkey-10/00960.jpg,n6
monkey-10/00961.jpg,n6
monkey-10/00962.jpg,n6
monkey-10/00963.jpg,n6
monkey-10/00964.jpg,n6
monkey-10/00965.jpg,n6
monkey-10/00966.jpg,n6
monkey-10/00967.jpg,n6
monkey-10/00968.jpg,n6
monkey-10/00969.jpg,n6
monkey-10/00970.jpg,n6
monkey-10/00972.jpg,n6
monkey-10/00973.jpg,n6
monkey-10/00974.jpg,n6
monkey-10/00975.jpg,n6
monkey-10/00977.jpg,n6
monkey-10/00978.jpg,n6
monkey-10/00979.jpg,n6
monkey-10/00980.jpg,n6
monkey-10/00981.jpg,n6
monkey-10/00982.jpg,n6
monkey-10/00983.jpg,n6
monkey-10/00984.jpg,n6
monkey-10/00985.jpg,n6
monkey-10/00986.jpg,n6
monkey-10/00987.jpg,n6
monkey-10/00988.jpg,n6
monkey-10/00989.jpg,n6
monkey-10/00990.jpg,n6
monkey-10/00993.jpg,n6
monkey-10/00994.jpg,n6
monkey-10/00995.jpg,n6
monkey-10/00996.jpg,n6
monkey-10/00997.jpg,n6
monkey-10/00998.jpg,n6
monkey-10/00999.jpg,n6
monkey-10/01000.jpg,n6
monkey-10/01002.jpg,n6
monkey-10/01004.jpg,n6
monkey-10/01005.jpg,n6
monkey-10/01006.jpg,n6
monkey-10/01007.jpg,n6
monkey-10/01008.jpg,n6
monkey-10/01009.jpg,n6
monkey-10/01010.jpg,n6
monkey-10/01011.jpg,n6
monkey-10/01012.jpg,n6
monkey-10/01013.jpg,n6
monkey-10/01014.jpg,n6
monkey-10/01015.jpg,n6
monkey-10/01016.jpg,n6
monkey-10/01017.jpg,n6
monkey-10/01018.jpg,n6
monkey-10/01019.jpg,n6
monkey-10/01020.jpg,n6
monkey-10/01021.jpg,n6
monkey-10/01022.jpg,n6
monkey-10/01024.jpg,n6
monkey-10/01025.jpg,n6
monkey-10/01026.jpg,n6
monkey-10/01027.jpg,n6
monkey-10/01028.jpg,n6
monkey-10/01029.jpg,n6
monkey-10/01030.jpg,n6
monkey-10/01031.jpg,n6
monkey-10/01032.jpg,n6
monkey-10/01033.jpg,n6
monkey-10/01035.jpg,n6
monkey-10/01036.jpg,n6
monkey-10/01037.jpg,n6
monkey-10/01038.jpg,n6
monkey-10/01039.jpg,n6
monkey-10/01040.jpg,n6
monkey-10/01041.jpg,n6
monkey-10/01042.jpg,n6
monkey-10/01043.jpg,n1
monkey-10/01044.jpg,n1
monkey-10/01045.jpg,n1
monkey-10/01046.jpg,n1
monkey-10/01047.jpg,n1
monkey-10/01048.jpg,n1
monkey-10/01049.jpg,n1
monkey-10/01050.jpg,n1
monkey-10/01051.jpg,n1
monkey-10/01052.jpg,n1
monkey-10/01053.jpg,n1
monkey-10/01054.jpg,n1
monkey-10/01055.jpg,n1
monkey-10/01056.jpg,n1
monkey-10/01058.jpg,n1
monkey-10/01059.jpg,n1
monkey-10/01060.jpg,n1
monkey-10/01061.jpg,n1
monkey-10/01062.jpg,n1
monkey-10/01063.jpg,n1
monkey-10/01064.jpg,n1
monkey-10/01065.jpg,n1
monkey-10/01066.jpg,n1
monkey-10/01067.jpg,n1
monkey-10/01069.jpg,n1
monkey-10/01070.jpg,n1
monkey-10/01071.jpg,n1
monkey-10/01072.jpg,n1
monkey-10/01073.jpg,n1
monkey-10/01074.jpg,n1
monkey-10/01076.jpg,n1
monkey-10/01078.jpg,n1
monkey-10/01079.jpg,n1
monkey-10/01080.jpg,n1
monkey-10/01082.jpg,n1
monkey-10/01083.jpg,n1
monkey-10/01084.jpg,n1
monkey-10/01086.jpg,n1
monkey-10/01087.jpg,n1
monkey-10/01088.jpg,n1
monkey-10/01089.jpg,n1
monkey-10/01090.jpg,n1
monkey-10/01091.jpg,n1
monkey-10/01092.jpg,n1
monkey-10/01093.jpg,n1
monkey-10/01094.jpg,n1
monkey-10/01095.jpg,n1
monkey-10/01097.jpg,n1
monkey-10/01098.jpg,n1
monkey-10/01099.jpg,n1
monkey-10/01100.jpg,n1
monkey-10/01101.jpg,n1
monkey-10/01103.jpg,n1
monkey-10/01104.jpg,n1
monkey-10/01105.jpg,n1
monkey-10/01106.jpg,n1
monkey-10/01107.jpg,n1
monkey-10/01108.jpg,n1
monkey-10/01109.jpg,n1
monkey-10/01110.jpg,n1
monkey-10/01111.jpg,n1
monkey-10/01112.jpg,n1
monkey-10/01113.jpg,n1
monkey-10/01114.jpg,n1
monkey-10/01115.jpg,n1
monkey-10/01116.jpg,n1
monkey-10/01117.jpg,n1
monkey-10/01118.jpg,n1
monkey-10/01119.jpg,n1
monkey-10/01120.jpg,n1
monkey-10/01121.jpg,n1
monkey-10/01122.jpg,n1
monkey-10/01123.jpg,n1
monkey-10/01124.jpg,n1
monkey-10/01125.jpg,n1
monkey-10/01126.jpg,n1
monkey-10/01127.jpg,n1
monkey-10/01128.jpg,n1
monkey-10/01129.jpg,n1
monkey-10/01130.jpg,n1
monkey-10/01132.jpg,n1
monkey-10/01133.jpg,n1
monkey-10/01134.jpg,n1
monkey-10/01135.jpg,n1
monkey-10/01136.jpg,n1
monkey-10/01137.jpg,n1
monkey-10/01138.jpg,n1
monkey-10/01139.jpg,n1
monkey-10/01141.jpg,n1
monkey-10/01142.jpg,n1
monkey-10/01143.jpg,n1
monkey-10/01144.jpg,n1
monkey-10/01145.jpg,n1
monkey-10/01146.jpg,n1
monkey-10/01147.jpg,n1
monkey-10/01148.jpg,n1
monkey-10/01149.jpg,n1
monkey-10/01150.jpg,n1
monkey-10/01151.jpg,n1
monkey-10/01152.jpg,n1
monkey-10/01153.jpg,n1
monkey-10/01154.jpg,n2
monkey-10/01155.jpg,n2
monkey-10/01156.jpg,n2
monkey-10/01158.jpg,n2
monkey-10/01159.jpg,n2
monkey-10/01160.jpg,n2
monkey-10/01161.jpg,n2
monkey-10/01162.jpg,n2
monkey-10/01163.jpg,n2
monkey-10/01164.jpg,n2
monkey-10/01165.jpg,n2
monkey-10/01166.jpg,n2
monkey-10/01168.jpg,n2
monkey-10/01169.jpg,n2
monkey-10/01170.jpg,n2
monkey-10/01171.jpg,n2
monkey-10/01172.jpg,n2
monkey-10/01173.jpg,n2
monkey-10/01174.jpg,n2
monkey-10/01175.jpg,n2
monkey-10/01176.jpg,n2
monkey-10/01177.jpg,n2
monkey-10/01178.jpg,n2
monkey-10/01179.jpg,n2
monkey-10/01180.jpg,n2
monkey-10/01182.jpg,n2
monkey-10/01183.jpg,n2
monkey-10/01184.jpg,n2
monkey-10/01185.jpg,n2
monkey-10/01186.jpg,n2
monkey-10/01187.jpg,n2
monkey-10/01188.jpg,n2
monkey-10/01189.jpg,n2
monkey-10/01190.jpg,n2
monkey-10/01193.jpg,n2
monkey-10/01194.jpg,n2
monkey-10/01195.jpg,n2
monkey-10/01196.jpg,n2
monkey-10/01197.jpg,n2
monkey-10/01198.jpg,n2
monkey-10/01199.jpg,n2
monkey-10/01200.jpg,n2
monkey-10/01201.jpg,n2
monkey-10/01202.jpg,n2
monkey-10/01203.jpg,n2
monkey-10/01204.jpg,n2
monkey-10/01205.jpg,n2
monkey-10/01206.jpg,n2
monkey-10/01207.jpg,n2
monkey-10/01208.jpg,n2
monkey-10/01209.jpg,n2
monkey-10/01210.jpg,n2
monkey-10/01211.jpg,n2
monkey-10/01213.jpg,n2
monkey-10/01214.jpg,n2
monkey-10/01215.jpg,n2
monkey-10/01216.jpg,n2
monkey-10/01217.jpg,n2
monkey-10/01218.jpg,n2
monkey-10/01219.jpg,n2
monkey-10/01220.jpg,n2
monkey-10/01221.jpg,n2
monkey-10/01222.jpg,n2
monkey-10/01223.jpg,n2
monkey-10/01224.jpg,n2
monkey-10/01225.jpg,n2
monkey-10/01226.jpg,n2
monkey-10/01227.jpg,n2
monkey-10/01230.jpg,n2
monkey-10/01231.jpg,n2
monkey-10/01232.jpg,n2
monkey-10/01233.jpg,n2
monkey-10/01234.jpg,n2
monkey-10/01235.jpg,n2
monkey-10/01236.jpg,n2
monkey-10/01237.jpg,n2
monkey-10/01238.jpg,n2
monkey-10/01239.jpg,n2
monkey-10/01240.jpg,n2
monkey-10/01241.jpg,n2
monkey-10/01242.jpg,n2
monkey-10/01243.jpg,n2
monkey-10/01244.jpg,n2
monkey-10/01245.jpg,n2
monkey-10/01246.jpg,n2
monkey-10/01247.jpg,n2
monkey-10/01248.jpg,n2
monkey-10/01249.jpg,n2
monkey-10/01250.jpg,n2
monkey-10/01251.jpg,n2
monkey-10/01253.jpg,n2
monkey-10/01254.jpg,n2
monkey-10/01255.jpg,n2
monkey-10/01256.jpg,n2
monkey-10/01257.jpg,n2
monkey-10/01258.jpg,n2
monkey-10/01259.jpg,n2
monkey-10/01260.jpg,n2
monkey-10/01261.jpg,n2
monkey-10/01262.jpg,n2
monkey-10/01263.jpg,n2
monkey-10/01264.jpg,n0
monkey-10/01265.jpg,n0
monkey-10/01266.jpg,n0
monkey-10/01267.jpg,n0
monkey-10/01268.jpg,n0
monkey-10/01269.jpg,n0
monkey-10/01271.jpg,n0
monkey-10/01273.jpg,n0
monkey-10/01275.jpg,n0
monkey-10/01276.jpg,n0
monkey-10/01277.jpg,n0
monkey-10/01278.jpg,n0
monkey-10/01279.jpg,n0
monkey-10/01280.jpg,n0
monkey-10/01281.jpg,n0
monkey-10/01282.jpg,n0
monkey-10/01283.jpg,n0
monkey-10/01284.jpg,n0
monkey-10/01285.jpg,n0
monkey-10/01287.jpg,n0
monkey-10/01289.jpg,n0
monkey-10/01290.jpg,n0
monkey-10/01291.jpg,n0
monkey-10/01293.jpg,n0
monkey-10/01294.jpg,n0
monkey-10/01295.jpg,n0
monkey-10/01296.jpg,n0
monkey-10/01297.jpg,n0
monkey-10/01298.jpg,n0
monkey-10/01299.jpg,n0
monkey-10/01300.jpg,n0
monkey-10/01301.jpg,n0
monkey-10/01302.jpg,n0
monkey-10/01303.jpg,n0
monkey-10/01304.jpg,n0
monkey-10/01305.jpg,n0
monkey-10/01306.jpg,n0
monkey-10/01307.jpg,n0
monkey-10/01308.jpg,n0
monkey-10/01310.jpg,n0
monkey-10/01311.jpg,n0
monkey-10/01312.jpg,n0
monkey-10/01313.jpg,n0
monkey-10/01314.jpg,n0
monkey-10/01315.jpg,n0
monkey-10/01316.jpg,n0
monkey-10/01317.jpg,n0
monkey-10/01318.jpg,n0
monkey-10/01319.jpg,n0
monkey-10/01320.jpg,n0
monkey-10/01321.jpg,n0
monkey-10/01322.jpg,n0
monkey-10/01323.jpg,n0
monkey-10/01324.jpg,n0
monkey-10/01325.jpg,n0
monkey-10/01326.jpg,n0
monkey-10/01327.jpg,n0
monkey-10/01328.jpg,n0
monkey-10/01329.jpg,n0
monkey-10/01330.jpg,n0
monkey-10/01331.jpg,n0
monkey-10/01332.jpg,n0
monkey-10/01333.jpg,n0
monkey-10/01335.jpg,n0
monkey-10/01336.jpg,n0
monkey-10/01338.jpg,n0
monkey-10/01339.jpg,n0
monkey-10/01340.jpg,n0
monkey-10/01341.jpg,n0
monkey-10/01342.jpg,n0
monkey-10/01343.jpg,n0
monkey-10/01344.jpg,n0
monkey-10/01345.jpg,n0
monkey-10/01346.jpg,n0
monkey-10/01347.jpg,n0
monkey-10/01348.jpg,n0
monkey-10/01351.jpg,n0
monkey-10/01352.jpg,n0
monkey-10/01353.jpg,n0
monkey-10/01354.jpg,n0
monkey-10/01355.jpg,n0
monkey-10/01356.jpg,n0
monkey-10/01359.jpg,n0
monkey-10/01360.jpg,n0
monkey-10/01361.jpg,n0
monkey-10/01362.jpg,n0
monkey-10/01363.jpg,n0
monkey-10/01364.jpg,n0
monkey-10/01365.jpg,n0
monkey-10/01366.jpg,n0
monkey-10/01367.jpg,n0
monkey-10/01368.jpg,n0
