image,label
rock-paper-scissors/00000.png,paper
rock-paper-scissors/00001.png,paper
rock-paper-scissors/00002.png,paper
rock-paper-scissors/00003.png,paper
rock-paper-scissors/00004.png,paper
rock-paper-scissors/00005.png,paper
rock-paper-scissors/00007.png,paper
rock-paper-scissors/00008.png,paper
rock-paper-scissors/00009.png,paper
rock-paper-scissors/00010.png,paper
rock-paper-scissors/00011.png,paper
rock-paper-scissors/00013.png,paper
rock-paper-scissors/00014.png,paper
rock-paper-scissors/00015.png,paper
rock-paper-scissors/00016.png,paper
rock-paper-scissors/00017.png,paper
rock-paper-scissors/00018.png,paper
rock-paper-scissors/00019.png,paper
rock-paper-scissors/00020.png,paper
rock-paper-scissors/00021.png,paper
rock-paper-scissors/00022.png,paper
rock-paper-scissors/00023.png,paper
rock-paper-scissors/00024.png,paper
rock-paper-scissors/00025.png,paper
rock-paper-scissors/00026.png,paper
rock-paper-scissors/00027.png,paper
rock-paper-scissors/00028.png,paper
rock-paper-scissors/00029.png,paper
rock-paper-scissors/00030.png,paper
rock-paper-scissors/00031.png,paper
rock-paper-scissors/00033.png,paper
rock-paper-scissors/00036.png,paper
rock-paper-scissors/00037.png,paper
rock-paper-scissors/00038.png,paper
rock-paper-scissors/00039.png,paper
rock-paper-scissors/00040.png,paper
rock-paper-scissors/00041.png,paper
rock-paper-scissors/00042.png,paper
rock-paper-scissors/00043.png,paper
rock-paper-scissors/00046.png,paper
rock-paper-scissors/00047.png,paper
rock-paper-scissors/00048.png,paper
rock-paper-scissors/00049.png,paper
rock-paper-scissors/00050.png,paper
rock-paper-scissors/00051.png,paper
rock-paper-scissors/00052.png,paper
rock-paper-scissors/00053.png,paper
rock-paper-scissors/00054.png,paper
rock-paper-scissors/00055.png,paper
rock-paper-scissors/00056.png,paper
rock-paper-scissors/00057.png,paper
rock-paper-scissors/00059.png,paper
rock-paper-scissors/00060.png,paper
rock-paper-scissors/00061.png,paper
rock-paper-scissors/00062.png,paper
rock-paper-scissors/00063.png,paper
rock-paper-scissors/00064.png,paper
rock-paper-scissors/00065.png,paper
rock-paper-scissors/00066.png,paper
rock-paper-scissors/00067.png,paper
rock-paper-scissors/00068.png,paper
rock-paper-scissors/00069.png,paper
rock-paper-scissors/00070.png,paper
rock-paper-scissors/00071.png,paper
rock-paper-scissors/00072.png,paper
rock-paper-scissors/00073.png,paper
rock-paper-scissors/00074.png,paper
rock-paper-scissors/00076.png,paper
rock-paper-scissors/00077.png,paper
rock-paper-scissors/00078.png,paper
rock-paper-scissors/00079.png,paper
rock-paper-scissors/00080.png,paper
rock-paper-scissors/00081.png,paper
rock-paper-scissors/00082.png,paper
rock-paper-scissors/00083.png,paper
rock-paper-scissors/00084.png,paper
rock-paper-scissors/00085.png,paper
rock-paper-scissors/00086.png,paper
rock-paper-scissors/00087.png,paper
rock-paper-scissors/00088.png,paper
rock-paper-scissors/00089.png,paper
rock-paper-scissors/00090.png,paper
rock-paper-scissors/00091.png,paper
rock-paper-scissors/00092.png,paper
rock-paper-scissors/00093.png,paper
rock-paper-scissors/00094.png,paper
rock-paper-scissors/00095.png,paper
rock-paper-scissors/00096.png,paper
rock-paper-scissors/00097.png,paper
rock-paper-scissors/00098.png,paper
rock-paper-scissors/00100.png,paper
rock-paper-scissors/00101.png,paper
rock-paper-scissors/00103.png,paper
rock-paper-scissors/00104.png,paper
rock-paper-scissors/00105.png,paper
rock-paper-scissors/00106.png,paper
rock-paper-scissors/00107.png,paper
rock-paper-scissors/00108.png,paper
rock-paper-scissors/00109.png,paper
rock-paper-scissors/00110.png,paper
rock-paper-scissors/00112.png,paper
rock-paper-scissors/00113.png,paper
rock-paper-scissors/00114.png,paper
rock-paper-scissors/00115.png,paper
rock-paper-scissors/00116.png,paper
rock-paper-scissors/00117.png,paper
rock-paper-scissors/00118.png,paper
rock-paper-scissors/00119.png,paper
rock-paper-scissors/00120.png,paper
rock-paper-scissors/00121.png,paper
rock-paper-scissors/00123.png,paper
rock-paper-scissors/00124.png,paper
rock-paper-scissors/00125.png,paper
rock-paper-scissors/00127.png,paper
rock-paper-scissors/00129.png,paper
rock-paper-scissors/00130.png,paper
rock-paper-scissors/00131.png,paper
rock-paper-scissors/00133.png,paper
rock-paper-scissors/00134.png,paper
rock-paper-scissors/00136.png,paper
rock-paper-scissors/00137.png,paper
rock-paper-scissors/00138.png,paper
rock-paper-scissors/00139.png,paper
rock-paper-scissors/00140.png,paper
rock-paper-scissors/00141.png,paper
rock-paper-scissors/00142.png,paper
rock-paper-scissors/00144.png,paper
rock-paper-scissors/00145.png,paper
rock-paper-scissors/00146.png,paper
rock-paper-scissors/00147.png,paper
rock-paper-scissors/00148.png,paper
rock-paper-scissors/00149.png,paper
rock-paper-scissors/00150.png,paper
rock-paper-scissors/00151.png,paper
rock-paper-scissors/00152.png,paper
rock-paper-scissors/00153.png,paper
rock-paper-scissors/00154.png,paper
rock-paper-scissors/00155.png,paper
rock-paper-scissors/00157.png,paper
rock-paper-scissors/00158.png,paper
rock-paper-scissors/00159.png,paper
rock-paper-scissors/00160.png,paper
rock-paper-scissors/00161.png,paper
rock-paper-scissors/00162.png,paper
rock-paper-scissors/00163.png,paper
rock-paper-scissors/00164.png,paper
rock-paper-scissors/00165.png,paper
rock-paper-scissors/00166.png,paper
rock-paper-scissors/00167.png,paper
rock-paper-scissors/00168.png,paper
rock-paper-scissors/00170.png,paper
rock-paper-scissors/00171.png,paper
rock-paper-scissors/00172.png,paper
rock-paper-scissors/00174.png,paper
rock-paper-scissors/00176.png,paper
rock-paper-scissors/00177.png,paper
rock-paper-scissors/00178.png,paper
rock-paper-scissors/00179.png,paper
rock-paper-scissors/00180.png,paper
rock-paper-scissors/00182.png,paper
rock-paper-scissors/00183.png,paper
rock-paper-scissors/00184.png,paper
rock-paper-scissors/00185.png,paper
rock-paper-scissors/00186.png,paper
rock-paper-scissors/00187.png,paper
rock-paper-scissors/00188.png,paper
rock-paper-scissors/00189.png,paper
rock-paper-scissors/00190.png,paper
rock-paper-scissors/00191.png,paper
rock-paper-scissors/00192.png,paper
rock-paper-scissors/00193.png,paper
rock-paper-scissors/00194.png,paper
rock-paper-scissors/00195.png,paper
rock-paper-scissors/00196.png,paper
rock-paper-scissors/00197.png,paper
rock-paper-scissors/00198.png,paper
rock-paper-scissors/00199.png,paper
rock-paper-scissors/00200.png,paper
rock-paper-scissors/00201.png,paper
rock-paper-scissors/00202.png,paper
rock-paper-scissors/00203.png,paper
rock-paper-scissors/00204.png,paper
rock-paper-scissors/00205.png,paper
rock-paper-scissors/00206.png,paper
rock-paper-scissors/00208.png,paper
rock-paper-scissors/00209.png,paper
rock-paper-scissors/00210.png,paper
rock-paper-scissors/00211.png,paper
rock-paper-scissors/00212.png,paper
rock-paper-scissors/00213.png,paper
rock-paper-scissors/00214.png,paper
rock-paper-scissors/00215.png,paper
rock-paper-scissors/00216.png,paper
rock-paper-scissors/00217.png,paper
rock-paper-scissors/00219.png,paper
rock-paper-scissors/00220.png,paper
rock-paper-scissors/00221.png,paper
rock-paper-scissors/00222.png,paper
rock-paper-scissors/00223.png,paper
rock-paper-scissors/00224.png,paper
rock-paper-scissors/00225.png,paper
rock-paper-scissors/00226.png,paper
rock-paper-scissors/00227.png,paper
rock-paper-scissors/00228.png,paper
rock-paper-scissors/00229.png,paper
rock-paper-scissors/00232.png,paper
rock-paper-scissors/00233.png,paper
rock-paper-scissors/00234.png,paper
rock-paper-scissors/00235.png,paper
rock-paper-scissors/00236.png,paper
rock-paper-scissors/00237.png,paper
rock-paper-scissors/00238.png,paper
rock-paper-scissors/00239.png,paper
rock-paper-scissors/00240.png,paper
rock-paper-scissors/00241.png,paper
rock-paper-scissors/00243.png,paper
rock-paper-scissors/00245.png,paper
rock-paper-scissors/00246.png,paper
rock-paper-scissors/00247.png,paper
rock-paper-scissors/00248.png,paper
rock-paper-scissors/00249.png,paper
rock-paper-scissors/00251.png,paper
rock-paper-scissors/00253.png,paper
rock-paper-scissors/00254.png,paper
rock-paper-scissors/00255.png,paper
rock-paper-scissors/00256.png,paper
rock-paper-scissors/00257.png,paper
rock-paper-scissors/00258.png,paper
rock-paper-scissors/00259.png,paper
rock-paper-scissors/00260.png,paper
rock-paper-scissors/00261.png,paper
rock-paper-scissors/00262.png,paper
rock-paper-scissors/00263.png,paper
rock-paper-scissors/00264.png,paper
rock-paper-scissors/00266.png,paper
rock-paper-scissors/00267.png,paper
rock-paper-scissors/00268.png,paper
rock-paper-scissors/00269.png,paper
rock-paper-scissors/00270.png,paper
rock-paper-scissors/00271.png,paper
rock-paper-scissors/00272.png,paper
rock-paper-scissors/00274.png,paper
rock-paper-scissors/00275.png,paper
rock-paper-scissors/00277.png,paper
rock-paper-scissors/00278.png,paper
rock-paper-scissors/00279.png,paper
rock-paper-scissors/00280.png,paper
rock-paper-scissors/00281.png,paper
rock-paper-scissors/00282.png,paper
rock-paper-scissors/00283.png,paper
rock-paper-scissors/00284.png,paper
rock-paper-scissors/00285.png,paper
rock-paper-scissors/00286.png,paper
rock-paper-scissors/00287.png,paper
rock-paper-scissors/00288.png,paper
rock-paper-scissors/00289.png,paper
rock-paper-scissors/00290.png,paper
rock-paper-scissors/00292.png,paper
rock-paper-scissors/00293.png,paper
rock-paper-scissors/00294.png,paper
rock-paper-scissors/00295.png,paper
rock-paper-scissors/00296.png,paper
rock-paper-scissors/00297.png,paper
rock-paper-scissors/00299.png,paper
rock-paper-scissors/00300.png,paper
rock-paper-scissors/00301.png,paper
rock-paper-scissors/00302.png,paper
rock-paper-scissors/00303.png,paper
rock-paper-scissors/00304.png,paper
rock-paper-scissors/00305.png,paper
rock-paper-scissors/00306.png,paper
rock-paper-scissors/00307.png,paper
rock-paper-scissors/00309.png,paper
rock-paper-scissors/00310.png,paper
rock-paper-scissors/00311.png,paper
rock-paper-scissors/00313.png,paper
rock-paper-scissors/00314.png,paper
rock-paper-scissors/00315.png,paper
rock-paper-scissors/00317.png,paper
rock-paper-scissors/00318.png,paper
rock-paper-scissors/00319.png,paper
rock-paper-scissors/00320.png,paper
rock-paper-scissors/00321.png,paper
rock-paper-scissors/00322.png,paper
rock-paper-scissors/00323.png,paper
rock-paper-scissors/00324.png,paper
rock-paper-scissors/00325.png,paper
rock-paper-scissors/00326.png,paper
rock-paper-scissors/00327.png,paper
rock-paper-scissors/00328.png,paper
rock-paper-scissors/00329.png,paper
rock-paper-scissors/00330.png,paper
rock-paper-scissors/00331.png,paper
rock-paper-scissors/00333.png,paper
rock-paper-scissors/00334.png,paper
rock-paper-scissors/00335.png,paper
rock-paper-scissors/00336.png,paper
rock-paper-scissors/00337.png,paper
rock-paper-scissors/00338.png,paper
rock-paper-scissors/00339.png,paper
rock-paper-scissors/00340.png,paper
rock-paper-scissors/00341.png,paper
rock-paper-scissors/00342.png,paper
rock-paper-scissors/00343.png,paper
rock-paper-scissors/00344.png,paper
rock-paper-scissors/00345.png,paper
rock-paper-scissors/00346.png,paper
rock-paper-scissors/00347.png,paper
rock-paper-scissors/00348.png,paper
rock-paper-scissors/00350.png,paper
rock-paper-scissors/00351.png,paper
rock-paper-scissors/00352.png,paper
rock-paper-scissors/00353.png,paper
rock-paper-scissors/00354.png,paper
rock-paper-scissors/00355.png,paper
rock-paper-scissors/00356.png,paper
rock-paper-scissors/00357.png,paper
rock-paper-scissors/00358.png,paper
rock-paper-scissors/00359.png,paper
rock-paper-scissors/00360.png,paper
rock-paper-scissors/00361.png,paper
rock-paper-scissors/00362.png,paper
rock-paper-scissors/00363.png,paper
rock-paper-scissors/00364.png,paper
rock-paper-scissors/00365.png,paper
rock-paper-scissors/00366.png,paper
rock-paper-scissors/00367.png,paper
rock-paper-scissors/00368.png,paper
rock-paper-scissors/00369.png,paper
rock-paper-scissors/00370.png,paper
rock-paper-scissors/00372.png,paper
rock-paper-scissors/00373.png,paper
rock-paper-scissors/00374.png,paper
rock-paper-scissors/00375.png,paper
rock-paper-scissors/00376.png,paper
rock-paper-scissors/00377.png,paper
rock-paper-scissors/00378.png,paper
rock-paper-scissors/00379.png,paper
rock-paper-scissors/00380.png,paper
rock-paper-scissors/00381.png,paper
rock-paper-scissors/00382.png,paper
rock-paper-scissors/00383.png,paper
rock-paper-scissors/00384.png,paper
rock-paper-scissors/00386.png,paper
rock-paper-scissors/00387.png,paper
rock-paper-scissors/00388.png,paper
rock-paper-scissors/00389.png,paper
rock-paper-scissors/00390.png,paper
rock-paper-scissors/00391.png,paper
rock-paper-scissors/00392.png,paper
rock-paper-scissors/00393.png,paper
rock-paper-scissors/00394.png,paper
rock-paper-scissors/00395.png,paper
rock-paper-scissors/00396.png,paper
rock-paper-scissors/00397.png,paper
rock-paper-scissors/00398.png,paper
rock-paper-scissors/00399.png,paper
rock-paper-scissors/00400.png,paper
rock-paper-scissors/00401.png,paper
rock-paper-scissors/00402.png,paper
rock-paper-scissors/00403.png,paper
rock-paper-scissors/00404.png,paper
rock-paper-scissors/00405.png,paper
rock-paper-scissors/00406.png,paper
rock-paper-scissors/00407.png,paper
rock-paper-scissors/00409.png,paper
rock-paper-scissors/00410.png,paper
rock-paper-scissors/00412.png,paper
rock-paper-scissors/00413.png,paper
rock-paper-scissors/00415.png,paper
rock-paper-scissors/00416.png,paper
rock-paper-scissors/00417.png,paper
rock-paper-scissors/00418.png,paper
rock-paper-scissors/00419.png,paper
rock-paper-scissors/00421.png,paper
rock-paper-scissors/00422.png,paper
rock-paper-scissors/00423.png,paper
rock-paper-scissors/00424.png,paper
rock-paper-scissors/00425.png,paper
rock-paper-scissors/00426.png,paper
rock-paper-scissors/00427.png,paper
rock-paper-scissors/00428.png,paper
rock-paper-scissors/00429.png,paper
rock-paper-scissors/00430.png,paper
rock-paper-scissors/00431.png,paper
rock-paper-scissors/00432.png,paper
rock-paper-scissors/00433.png,paper
rock-paper-scissors/00434.png,paper
rock-paper-scissors/00435.png,paper
rock-paper-scissors/00436.png,paper
rock-paper-scissors/00437.png,paper
rock-paper-scissors/00438.png,paper
rock-paper-scissors/00439.png,paper
rock-paper-scissors/00440.png,paper
rock-paper-scissors/00441.png,paper
rock-paper-scissors/00442.png,paper
rock-paper-scissors/00443.png,paper
rock-paper-scissors/00444.png,paper
rock-paper-scissors/00445.png,paper
rock-paper-scissors/00446.png,paper
rock-paper-scissors/00447.png,paper
rock-paper-scissors/00449.png,paper
rock-paper-scissors/00450.png,paper
rock-paper-scissors/00451.png,paper
rock-paper-scissors/00452.png,paper
rock-paper-scissors/00453.png,paper
rock-paper-scissors/00454.png,paper
rock-paper-scissors/00455.png,paper
rock-paper-scissors/00456.png,paper
rock-paper-scissors/00457.png,paper
rock-paper-scissors/00458.png,paper
rock-paper-scissors/00459.png,paper
rock-paper-scissors/00460.png,paper
rock-paper-scissors/00461.png,paper
rock-paper-scissors/00462.png,paper
rock-paper-scissors/00463.png,paper
rock-paper-scissors/00464.png,paper
rock-paper-scissors/00465.png,paper
rock-paper-scissors/00466.png,paper
rock-paper-scissors/00468.png,paper
rock-paper-scissors/00469.png,paper
rock-paper-scissors/00470.png,paper
rock-paper-scissors/00471.png,paper
rock-paper-scissors/00473.png,paper
rock-paper-scissors/00474.png,paper
rock-paper-scissors/00475.png,paper
rock-paper-scissors/00476.png,paper
rock-paper-scissors/00477.png,paper
rock-paper-scissors/00478.png,paper
rock-paper-scissors/00479.png,paper
rock-paper-scissors/00480.png,paper
rock-paper-scissors/00481.png,paper
rock-paper-scissors/00482.png,paper
rock-paper-scissors/00483.png,paper
rock-paper-scissors/00484.png,paper
rock-paper-scissors/00485.png,paper
rock-paper-scissors/00486.png,paper
rock-paper-scissors/00487.png,paper
rock-paper-scissors/00488.png,paper
rock-paper-scissors/00489.png,paper
rock-paper-scissors/00490.png,paper
rock-paper-scissors/00491.png,paper
rock-paper-scissors/00492.png,paper
rock-paper-scissors/00494.png,paper
rock-paper-scissors/00495.png,paper
rock-paper-scissors/00496.png,paper
rock-paper-scissors/00498.png,paper
rock-paper-scissors/00499.png,paper
rock-paper-scissors/00500.png,paper
rock-paper-scissors/00501.png,paper
rock-paper-scissors/00502.png,paper
rock-paper-scissors/00503.png,paper
rock-paper-scissors/00504.png,paper
rock-paper-scissors/00505.png,paper
rock-paper-scissors/00507.png,paper
rock-paper-scissors/00508.png,paper
rock-paper-scissors/00509.png,paper
rock-paper-scissors/00510.png,paper
rock-paper-scissors/00511.png,paper
rock-paper-scissors/00512.png,paper
rock-paper-scissors/00513.png,paper
rock-paper-scissors/00514.png,paper
rock-paper-scissors/00515.png,paper
rock-paper-scissors/00516.png,paper
rock-paper-scissors/00520.png,paper
rock-paper-scissors/00521.png,paper
rock-paper-scissors/00522.png,paper
rock-paper-scissors/00524.png,paper
rock-paper-scissors/00525.png,paper
rock-paper-scissors/00527.png,paper
rock-paper-scissors/00529.png,paper
rock-paper-scissors/00530.png,paper
rock-paper-scissors/00531.png,paper
rock-paper-scissors/00532.png,paper
rock-paper-scissors/00533.png,paper
rock-paper-scissors/00534.png,paper
rock-paper-scissors/00535.png,paper
rock-paper-scissors/00536.png,paper
rock-paper-scissors/00537.png,paper
rock-paper-scissors/00538.png,paper
rock-paper-scissors/00539.png,paper
rock-paper-scissors/00540.png,paper
rock-paper-scissors/00541.png,paper
rock-paper-scissors/00542.png,paper
rock-paper-scissors/00543.png,paper
rock-paper-scissors/00544.png,paper
rock-paper-scissors/00545.png,paper
rock-paper-scissors/00546.png,paper
rock-paper-scissors/00547.png,paper
rock-paper-scissors/00548.png,paper
rock-paper-scissors/00549.png,paper
rock-paper-scissors/00550.png,paper
rock-paper-scissors/00551.png,paper
rock-paper-scissors/00552.png,paper
rock-paper-scissors/00553.png,paper
rock-paper-scissors/00555.png,paper
rock-paper-scissors/00556.png,paper
rock-paper-scissors/00557.png,paper
rock-paper-scissors/00559.png,paper
rock-paper-scissors/00560.png,paper
rock-paper-scissors/00561.png,paper
rock-paper-scissors/00562.png,paper
rock-paper-scissors/00563.png,paper
rock-paper-scissors/00564.png,paper
rock-paper-scissors/00565.png,paper
rock-paper-scissors/00566.png,paper
rock-paper-scissors/00567.png,paper
rock-paper-scissors/00568.png,paper
rock-paper-scissors/00569.png,paper
rock-paper-scissors/00570.png,paper
rock-paper-scissors/00571.png,paper
rock-paper-scissors/00572.png,paper
rock-paper-scissors/00573.png,paper
rock-paper-scissors/00575.png,paper
rock-paper-scissors/00576.png,paper
rock-paper-scissors/00577.png,paper
rock-paper-scissors/00578.png,paper
rock-paper-scissors/00579.png,paper
rock-paper-scissors/00580.png,paper
rock-paper-scissors/00581.png,paper
rock-paper-scissors/00582.png,paper
rock-paper-scissors/00584.png,paper
rock-paper-scissors/00585.png,paper
rock-paper-scissors/00586.png,paper
rock-paper-scissors/00587.png,paper
rock-paper-scissors/00588.png,paper
rock-paper-scissors/00589.png,paper
rock-paper-scissors/00590.png,paper
rock-paper-scissors/00591.png,paper
rock-paper-scissors/00592.png,paper
rock-paper-scissors/00593.png,paper
rock-paper-scissors/00594.png,paper
rock-paper-scissors/00595.png,paper
rock-paper-scissors/00596.png,paper
rock-paper-scissors/00597.png,paper
rock-paper-scissors/00598.png,paper
rock-paper-scissors/00599.png,paper
rock-paper-scissors/00600.png,paper
rock-paper-scissors/00601.png,paper
rock-paper-scissors/00602.png,paper
rock-paper-scissors/00603.png,paper
rock-paper-scissors/00604.png,paper
rock-paper-scissors/00605.png,paper
rock-paper-scissors/00606.png,paper
rock-paper-scissors/00607.png,paper
rock-paper-scissors/00608.png,paper
rock-paper-scissors/00609.png,paper
rock-paper-scissors/00610.png,paper
rock-paper-scissors/00611.png,paper
rock-paper-scissors/00612.png,paper
rock-paper-scissors/00614.png,paper
rock-paper-scissors/00615.png,paper
rock-paper-scissors/00616.png,paper
rock-paper-scissors/00617.png,paper
rock-paper-scissors/00618.png,paper
rock-paper-scissors/00620.png,paper
rock-paper-scissors/00621.png,paper
rock-paper-scissors/00622.png,paper
rock-paper-scissors/00623.png,paper
rock-paper-scissors/00624.png,paper
rock-paper-scissors/00625.png,paper
rock-paper-scissors/00627.png,paper
rock-paper-scissors/00628.png,paper
rock-paper-scissors/00629.png,paper
rock-paper-scissors/00630.png,paper
rock-paper-scissors/00631.png,paper
rock-paper-scissors/00632.png,paper
rock-paper-scissors/00634.png,paper
rock-paper-scissors/00635.png,paper
rock-paper-scissors/00636.png,paper
rock-paper-scissors/00637.png,paper
rock-paper-scissors/00638.png,paper
rock-paper-scissors/00639.png,paper
rock-paper-scissors/00641.png,paper
rock-paper-scissors/00643.png,paper
rock-paper-scissors/00644.png,paper
rock-paper-scissors/00645.png,paper
rock-paper-scissors/00647.png,paper
rock-paper-scissors/00648.png,paper
rock-paper-scissors/00649.png,paper
rock-paper-scissors/00650.png,paper
rock-paper-scissors/00651.png,paper
rock-paper-scissors/00652.png,paper
rock-paper-scissors/00653.png,paper
rock-paper-scissors/00654.png,paper
rock-paper-scissors/00655.png,paper
rock-paper-scissors/00656.png,paper
rock-paper-scissors/00657.png,paper
rock-paper-scissors/00658.png,paper
rock-paper-scissors/00659.png,paper
rock-paper-scissors/00661.png,paper
rock-paper-scissors/00662.png,paper
rock-paper-scissors/00663.png,paper
rock-paper-scissors/00664.png,paper
rock-paper-scissors/00665.png,paper
rock-paper-scissors/00666.png,paper
rock-paper-scissors/00667.png,paper
rock-paper-scissors/00668.png,paper
rock-paper-scissors/00669.png,paper
rock-paper-scissors/00671.png,paper
rock-paper-scissors/00672.png,paper
rock-paper-scissors/00673.png,paper
rock-paper-scissors/00674.png,paper
rock-paper-scissors/00675.png,paper
rock-paper-scissors/00676.png,paper
rock-paper-scissors/00677.png,paper
rock-paper-scissors/00678.png,paper
rock-paper-scissors/00679.png,paper
rock-paper-scissors/00680.png,paper
rock-paper-scissors/00681.png,paper
rock-paper-scissors/00682.png,paper
rock-paper-scissors/00683.png,paper
rock-paper-scissors/00684.png,paper
rock-paper-scissors/00685.png,paper
rock-paper-scissors/00686.png,paper
rock-paper-scissors/00687.png,paper
rock-paper-scissors/00688.png,paper
rock-paper-scissors/00689.png,paper
rock-paper-scissors/00690.png,paper
rock-paper-scissors/00691.png,paper
rock-paper-scissors/00692.png,paper
rock-paper-scissors/00693.png,paper
rock-paper-scissors/00694.png,paper
rock-paper-scissors/00695.png,paper
rock-paper-scissors/00696.png,paper
rock-paper-scissors/00697.png,paper
rock-paper-scissors/00698.png,paper
rock-paper-scissors/00699.png,paper
rock-paper-scissors/00700.png,paper
rock-paper-scissors/00701.png,paper
rock-paper-scissors/00702.png,paper
rock-paper-scissors/00703.png,paper
rock-paper-scissors/00704.png,paper
rock-paper-scissors/00705.png,paper
rock-paper-scissors/00706.png,paper
rock-paper-scissors/00707.png,paper
rock-paper-scissors/00708.png,paper
rock-paper-scissors/00709.png,paper
rock-paper-scissors/00710.png,paper
rock-paper-scissors/00711.png,paper
rock-paper-scissors/00712.png,scissors
rock-paper-scissors/00713.png,scissors
rock-paper-scissors/00714.png,scissors
rock-paper-scissors/00718.png,scissors
rock-paper-scissors/00719.png,scissors
rock-paper-scissors/00720.png,scissors
rock-paper-scissors/00721.png,scissors
rock-paper-scissors/00722.png,scissors
rock-paper-scissors/00723.png,scissors
rock-paper-scissors/00724.png,scissors
rock-paper-scissors/00725.png,scissors
rock-paper-scissors/00726.png,scissors
rock-paper-scissors/00727.png,scissors
rock-paper-scissors/00728.png,scissors
rock-paper-scissors/00729.png,scissors
rock-paper-scissors/00730.png,scissors
rock-paper-scissors/00731.png,scissors
rock-paper-scissors/00732.png,scissors
rock-paper-scissors/00733.png,scissors
rock-paper-scissors/00735.png,scissors
rock-paper-scissors/00736.png,scissors
rock-paper-scissors/00737.png,scissors
rock-paper-scissors/00739.png,scissors
rock-paper-scissors/00740.png,scissors
rock-paper-scissors/00742.png,scissors
rock-paper-scissors/00743.png,scissors
rock-paper-scissors/00744.png,scissors
rock-paper-scissors/00746.png,scissors
rock-paper-scissors/00748.png,scissors
rock-paper-scissors/00749.png,scissors
rock-paper-scissors/00750.png,scissors
rock-paper-scissors/00751.png,scissors
rock-paper-scissors/00752.png,scissors
rock-paper-scissors/00753.png,scissors
rock-paper-scissors/00755.png,scissors
rock-paper-scissors/00756.png,scissors
rock-paper-scissors/00757.png,scissors
rock-paper-scissors/00758.png,scissors
rock-paper-scissors/00759.png,scissors
rock-paper-scissors/00760.png,scissors
rock-paper-scissors/00761.png,scissors
rock-paper-scissors/00762.png,scissors
rock-paper-scissors/00763.png,scissors
rock-paper-scissors/00765.png,scissors
rock-paper-scissors/00766.png,scissors
rock-paper-scissors/00767.png,scissors
rock-paper-scissors/00768.png,scissors
rock-paper-scissors/00769.png,scissors
rock-paper-scissors/00770.png,scissors
rock-paper-scissors/00771.png,scissors
rock-paper-scissors/00772.png,scissors
rock-paper-scissors/00773.png,scissors
rock-paper-scissors/00774.png,scissors
rock-paper-scissors/00775.png,scissors
rock-paper-scissors/00776.png,scissors
rock-paper-scissors/00777.png,scissors
rock-paper-scissors/00778.png,scissors
rock-paper-scissors/00779.png,scissors
rock-paper-scissors/00780.png,scissors
rock-paper-scissors/00781.png,scissors
rock-paper-scissors/00782.png,scissors
rock-paper-scissors/00783.png,scissors
rock-paper-scissors/00784.png,scissors
rock-paper-scissors/00785.png,scissors
rock-paper-scissors/00786.png,scissors
rock-paper-scissors/00787.png,scissors
rock-paper-scissors/00788.png,scissors
rock-paper-scissors/00789.png,scissors
rock-paper-scissors/00790.png,scissors
rock-paper-scissors/00791.png,scissors
rock-paper-scissors/00792.png,scissors
rock-paper-scissors/00793.png,scissors
rock-paper-scissors/00794.png,scissors
rock-paper-scissors/00795.png,scissors
rock-paper-scissors/00796.png,scissors
rock-paper-scissors/00798.png,scissors
rock-paper-scissors/00799.png,scissors
rock-paper-scissors/00800.png,scissors
rock-paper-scissors/00801.png,scissors
rock-paper-scissors/00802.png,scissors
rock-paper-scissors/00804.png,scissors
rock-paper-scissors/00805.png,scissors
rock-paper-scissors/00806.png,scissors
rock-paper-scissors/00808.png,scissors
rock-paper-scissors/00809.png,scissors
rock-paper-scissors/00810.png,scissors
rock-paper-scissors/00811.png,scissors
rock-paper-scissors/00814.png,scissors
rock-paper-scissors/00815.png,scissors
rock-paper-scissors/00816.png,scissors
rock-paper-scissors/00817.png,scissors
rock-paper-scissors/00818.png,scissors
rock-paper-scissors/00819.png,scissors
rock-paper-scissors/00820.png,scissors
rock-paper-scissors/00823.png,scissors
rock-paper-scissors/00824.png,scissors
rock-paper-scissors/00825.png,scissors
rock-paper-scissors/00826.png,scissors
rock-paper-scissors/00827.png,scissors
rock-paper-scissors/00828.png,scissors
rock-paper-scissors/00829.png,scissors
rock-paper-scissors/00830.png,scissors
rock-paper-scissors/00831.png,scissors
rock-paper-scissors/00832.png,scissors
rock-paper-scissors/00833.png,scissors
rock-paper-scissors/00834.png,scissors
rock-paper-scissors/00835.png,scissors
rock-paper-scissors/00836.png,scissors
rock-paper-scissors/00837.png,scissors
rock-paper-scissors/00838.png,scissors
rock-paper-scissors/00840.png,scissors
rock-paper-scissors/00841.png,scissors
rock-paper-scissors/00842.png,scissors
rock-paper-scissors/00843.png,scissors
rock-paper-scissors/00844.png,scissors
rock-paper-scissors/00845.png,scissors
rock-paper-scissors/00846.png,scissors
rock-paper-scissors/00848.png,scissors
rock-paper-scissors/00849.png,scissors
rock-paper-scissors/00850.png,scissors
rock-paper-scissors/00851.png,scissors
rock-paper-scissors/00852.png,scissors
rock-paper-scissors/00853.png,scissors
rock-paper-scissors/00856.png,scissors
rock-paper-scissors/00857.png,scissors
rock-paper-scissors/00858.png,scissors
rock-paper-scissors/00859.png,scissors
rock-paper-scissors/00862.png,scissors
rock-paper-scissors/00863.png,scissors
rock-paper-scissors/00864.png,scissors
rock-paper-scissors/00865.png,scissors
rock-paper-scissors/00866.png,scissors
rock-paper-scissors/00867.png,scissors
rock-paper-scissors/00868.png,scissors
rock-paper-scissors/00869.png,scissors
rock-paper-scissors/00871.png,scissors
rock-paper-scissors/00872.png,scissors
rock-paper-scissors/00873.png,scissors
rock-paper-scissors/00874.png,scissors
rock-paper-scissors/00876.png,scissors
rock-paper-scissors/00877.png,scissors
rock-paper-scissors/00878.png,scissors
rock-paper-scissors/00879.png,scissors
rock-paper-scissors/00880.png,scissors
rock-paper-scissors/00881.png,scissors
rock-paper-scissors/00882.png,scissors
rock-paper-scissors/00883.png,scissors
rock-paper-scissors/00885.png,scissors
rock-paper-scissors/00886.png,scissors
rock-paper-scissors/00888.png,scissors
rock-paper-scissors/00889.png,scissors
rock-paper-scissors/00891.png,scissors
rock-paper-scissors/00893.png,scissors
rock-paper-scissors/00894.png,scissors
rock-paper-scissors/00895.png,scissors
rock-paper-scissors/00896.png,scissors
rock-paper-scissors/00897.png,scissors
rock-paper-scissors/00898.png,scissors
rock-paper-scissors/00899.png,scissors
rock-paper-scissors/00900.png,scissors
rock-paper-scissors/00901.png,scissors
rock-paper-scissors/00902.png,scissors
rock-paper-scissors/00903.png,scissors
rock-paper-scissors/00904.png,scissors
rock-paper-scissors/00906.png,scissors
rock-paper-scissors/00907.png,scissors
rock-paper-scissors/00908.png,scissors
rock-paper-scissors/00909.png,scissors
rock-paper-scissors/00910.png,scissors
rock-paper-scissors/00911.png,scissors
rock-paper-scissors/00912.png,scissors
rock-paper-scissors/00913.png,scissors
rock-paper-scissors/00914.png,scissors
rock-paper-scissors/00915.png,scissors
rock-paper-scissors/00916.png,scissors
rock-paper-scissors/00917.png,scissors
rock-paper-scissors/00918.png,scissors
rock-paper-scissors/00919.png,scissors
rock-paper-scissors/00920.png,scissors
rock-paper-scissors/00921.png,scissors
rock-paper-scissors/00922.png,scissors
rock-paper-scissors/00923.png,scissors
rock-paper-scissors/00924.png,scissors
rock-paper-scissors/00925.png,scissors
rock-paper-scissors/00926.png,scissors
rock-paper-scissors/00928.png,scissors
rock-paper-scissors/00929.png,scissors
rock-paper-scissors/00930.png,scissors
rock-paper-scissors/00931.png,scissors
rock-paper-scissors/00932.png,scissors
rock-paper-scissors/00933.png,scissors
rock-paper-scissors/00935.png,scissors
rock-paper-scissors/00936.png,scissors
rock-paper-scissors/00937.png,scissors
rock-paper-scissors/00938.png,scissors
rock-paper-scissors/00939.png,scissors
rock-paper-scissors/00940.png,scissors
rock-paper-scissors/00942.png,scissors
rock-paper-scissors/00943.png,scissors
rock-paper-scissors/00945.png,scissors
rock-paper-scissors/00946.png,scissors
rock-paper-scissors/00947.png,scissors
rock-paper-scissors/00948.png,scissors
rock-paper-scissors/00949.png,scissors
rock-paper-scissors/00950.png,scissors
rock-paper-scissors/00951.png,scissors
rock-paper-scissors/00952.png,scissors
rock-paper-scissors/00955.png,scissors
rock-paper-scissors/00956.png,scissors
rock-paper-scissors/00957.png,scissors
rock-paper-scissors/00958.png,scissors
rock-paper-scissors/00959.png,scissors
rock-paper-scissors/00960.png,scissors
rock-paper-scissors/00961.png,scissors
rock-paper-scissors/00962.png,scissors
rock-paper-scissors/00964.png,scissors
rock-paper-scissors/00965.png,scissors
rock-paper-scissors/00966.png,scissors
rock-paper-scissors/00967.png,scissors
rock-paper-scissors/00968.png,scissors
rock-paper-scissors/00969.png,scissors
rock-paper-scissors/00970.png,scissors
rock-paper-scissors/00971.png,scissors
rock-paper-scissors/00972.png,scissors
rock-paper-scissors/00973.png,scissors
rock-paper-scissors/00974.png,scissors
rock-paper-scissors/00975.png,scissors
rock-paper-scissors/00976.png,scissors
rock-paper-scissors/00977.png,scissors
rock-paper-scissors/00979.png,scissors
rock-paper-scissors/00981.png,scissors
rock-paper-scissors/00982.png,scissors
rock-paper-scissors/00983.png,scissors
rock-paper-scissors/00984.png,scissors
rock-paper-scissors/00985.png,scissors
rock-paper-scissors/00986.png,scissors
rock-paper-scissors/00987.png,scissors
rock-paper-scissors/00988.png,scissors
rock-paper-scissors/00989.png,scissors
rock-paper-scissors/00990.png,scissors
rock-paper-scissors/00991.png,scissors
rock-paper-scissors/00992.png,scissors
rock-paper-scissors/00994.png,scissors
rock-paper-scissors/00995.png,scissors
rock-paper-scissors/00996.png,scissors
rock-paper-scissors/00997.png,scissors
rock-paper-scissors/00999.png,scissors
rock-paper-scissors/01000.png,scissors
rock-paper-scissors/01002.png,scissors
rock-paper-scissors/01003.png,scissors
rock-paper-scissors/01004.png,scissors
rock-paper-scissors/01005.png,scissors
rock-paper-scissors/01006.png,scissors
rock-paper-scissors/01008.png,scissors
rock-paper-scissors/01009.png,scissors
rock-paper-scissors/01011.png,scissors
rock-paper-scissors/01012.png,scissors
rock-paper-scissors/01013.png,scissors
rock-paper-scissors/01014.png,scissors
rock-paper-scissors/01015.png,scissors
rock-paper-scissors/01016.png,scissors
rock-paper-scissors/01017.png,scissors
rock-paper-scissors/01018.png,scissors
rock-paper-scissors/01019.png,scissors
rock-paper-scissors/01020.png,scissors
rock-paper-scissors/01021.png,scissors
rock-paper-scissors/01022.png,scissors
rock-paper-scissors/01023.png,scissors
rock-paper-scissors/01024.png,scissors
rock-paper-scissors/01025.png,scissors
rock-paper-scissors/01026.png,scissors
rock-paper-scissors/01027.png,scissors
rock-paper-scissors/01028.png,scissors
rock-paper-scissors/01029.png,scissors
rock-paper-scissors/01030.png,scissors
rock-paper-scissors/01031.png,scissors
rock-paper-scissors/01032.png,scissors
rock-paper-scissors/01033.png,scissors
rock-paper-scissors/01035.png,scissors
rock-paper-scissors/01036.png,scissors
rock-paper-scissors/01038.png,scissors
rock-paper-scissors/01039.png,scissors
rock-paper-scissors/01040.png,scissors
rock-paper-scissors/01041.png,scissors
rock-paper-scissors/01042.png,scissors
rock-paper-scissors/01043.png,scissors
rock-paper-scissors/01044.png,scissors
rock-paper-scissors/01045.png,scissors
rock-paper-scissors/01046.png,scissors
rock-paper-scissors/01047.png,scissors
rock-paper-scissors/01048.png,scissors
rock-paper-scissors/01049.png,scissors
rock-paper-scissors/01050.png,scissors
rock-paper-scissors/01051.png,scissors
rock-paper-scissors/01052.png,scissors
rock-paper-scissors/01053.png,scissors
rock-paper-scissors/01054.png,scissors
rock-paper-scissors/01055.png,scissors
rock-paper-scissors/01056.png,scissors
rock-paper-scissors/01057.png,scissors
rock-paper-scissors/01058.png,scissors
rock-paper-scissors/01059.png,scissors
rock-paper-scissors/01060.png,scissors
rock-paper-scissors/01061.png,scissors
rock-paper-scissors/01062.png,scissors
rock-paper-scissors/01063.png,scissors
rock-paper-scissors/01064.png,scissors
rock-paper-scissors/01065.png,scissors
rock-paper-scissors/01066.png,scissors
rock-paper-scissors/01067.png,scissors
rock-paper-scissors/01068.png,scissors
rock-paper-scissors/01069.png,scissors
rock-paper-scissors/01070.png,scissors
rock-paper-scissors/01071.png,scissors
rock-paper-scissors/01072.png,scissors
rock-paper-scissors/01073.png,scissors
rock-paper-scissors/01074.png,scissors
rock-paper-scissors/01076.png,scissors
rock-paper-scissors/01077.png,scissors
rock-paper-scissors/01078.png,scissors
rock-paper-scissors/01079.png,scissors
rock-paper-scissors/01080.png,scissors
rock-paper-scissors/01081.png,scissors
rock-paper-scissors/01082.png,scissors
rock-paper-scissors/01083.png,scissors
rock-paper-scissors/01084.png,scissors
rock-paper-scissors/01085.png,scissors
rock-paper-scissors/01086.png,scissors
rock-paper-scissors/01087.png,scissors
rock-paper-scissors/01088.png,scissors
rock-paper-scissors/01089.png,scissors
rock-paper-scissors/01090.png,scissors
rock-paper-scissors/01091.png,scissors
rock-paper-scissors/01092.png,scissors
rock-paper-scissors/01093.png,scissors
rock-paper-scissors/01094.png,scissors
rock-paper-scissors/01095.png,scissors
rock-paper-scissors/01097.png,scissors
rock-paper-scissors/01099.png,scissors
rock-paper-scissors/01100.png,scissors
rock-paper-scissors/01101.png,scissors
rock-paper-scissors/01102.png,scissors
rock-paper-scissors/01105.png,scissors
rock-paper-scissors/01106.png,scissors
rock-paper-scissors/01107.png,scissors
rock-paper-scissors/01108.png,scissors
rock-paper-scissors/01109.png,scissors
rock-paper-scissors/01110.png,scissors
rock-paper-scissors/01111.png,scissors
rock-paper-scissors/01112.png,scissors
rock-paper-scissors/01113.png,scissors
rock-paper-scissors/01114.png,scissors
rock-paper-scissors/01115.png,scissors
rock-paper-scissors/01116.png,scissors
rock-paper-scissors/01117.png,scissors
rock-paper-scissors/01118.png,scissors
rock-paper-scissors/01119.png,scissors
rock-paper-scissors/01120.png,scissors
rock-paper-scissors/01121.png,scissors
rock-paper-scissors/01122.png,scissors
rock-paper-scissors/01123.png,scissors
rock-paper-scissors/01124.png,scissors
rock-paper-scissors/01125.png,scissors
rock-paper-scissors/01126.png,scissors
rock-paper-scissors/01127.png,scissors
rock-paper-scissors/01128.png,scissors
rock-paper-scissors/01129.png,scissors
rock-paper-scissors/01130.png,scissors
rock-paper-scissors/01131.png,scissors
rock-paper-scissors/01132.png,scissors
rock-paper-scissors/01133.png,scissors
rock-paper-scissors/01134.png,scissors
rock-paper-scissors/01135.png,scissors
rock-paper-scissors/01137.png,scissors
rock-paper-scissors/01138.png,scissors
rock-paper-scissors/01139.png,scissors
rock-paper-scissors/01140.png,scissors
rock-paper-scissors/01141.png,scissors
rock-paper-scissors/01142.png,scissors
rock-paper-scissors/01143.png,scissors
rock-paper-scissors/01144.png,scissors
rock-paper-scissors/01145.png,scissors
rock-paper-scissors/01146.png,scissors
rock-paper-scissors/01147.png,scissors
rock-paper-scissors/01149.png,scissors
rock-paper-scissors/01150.png,scissors
rock-paper-scissors/01151.png,scissors
rock-paper-scissors/01152.png,scissors
rock-paper-scissors/01153.png,scissors
rock-paper-scissors/01154.png,scissors
rock-paper-scissors/01155.png,scissors
rock-paper-scissors/01156.png,scissors
rock-paper-scissors/01157.png,scissors
rock-paper-scissors/01158.png,scissors
rock-paper-scissors/01159.png,scissors
rock-paper-scissors/01160.png,scissors
rock-paper-scissors/01161.png,scissors
rock-paper-scissors/01162.png,scissors
rock-paper-scissors/01163.png,scissors
rock-paper-scissors/01164.png,scissors
rock-paper-scissors/01165.png,scissors
rock-paper-scissors/01166.png,scissors
rock-paper-scissors/01167.png,scissors
rock-paper-scissors/01168.png,scissors
rock-paper-scissors/01169.png,scissors
rock-paper-scissors/01170.png,scissors
rock-paper-scissors/01171.png,scissors
rock-paper-scissors/01172.png,scissors
rock-paper-scissors/01173.png,scissors
rock-paper-scissors/01174.png,scissors
rock-paper-scissors/01175.png,scissors
rock-paper-scissors/01176.png,scissors
rock-paper-scissors/01177.png,scissors
rock-paper-scissors/01178.png,scissors
rock-paper-scissors/01179.png,scissors
rock-paper-scissors/01180.png,scissors
rock-paper-scissors/01181.png,scissors
rock-paper-scissors/01182.png,scissors
rock-paper-scissors/01183.png,scissors
rock-paper-scissors/01184.png,scissors
rock-paper-scissors/01185.png,scissors
rock-paper-scissors/01187.png,scissors
rock-paper-scissors/01188.png,scissors
rock-paper-scissors/01189.png,scissors
rock-paper-scissors/01190.png,scissors
rock-paper-scissors/01191.png,scissors
rock-paper-scissors/01192.png,scissors
rock-paper-scissors/01193.png,scissors
rock-paper-scissors/01194.png,scissors
rock-paper-scissors/01195.png,scissors
rock-paper-scissors/01196.png,scissors
rock-paper-scissors/01197.png,scissors
rock-paper-scissors/01198.png,scissors
rock-paper-scissors/01199.png,scissors
rock-paper-scissors/01200.png,scissors
rock-paper-scissors/01201.png,scissors
rock-paper-scissors/01202.png,scissors
rock-paper-scissors/01203.png,scissors
rock-paper-scissors/01204.png,scissors
rock-paper-scissors/01205.png,scissors
rock-paper-scissors/01206.png,scissors
rock-paper-scissors/01207.png,scissors
rock-paper-scissors/01208.png,scissors
rock-paper-scissors/01209.png,scissors
rock-paper-scissors/01210.png,scissors
rock-paper-scissors/01211.png,scissors
rock-paper-scissors/01212.png,scissors
rock-paper-scissors/01213.png,scissors
rock-paper-scissors/01214.png,scissors
rock-paper-scissors/01215.png,scissors
rock-paper-scissors/01216.png,scissors
rock-paper-scissors/01217.png,scissors
rock-paper-scissors/01218.png,scissors
rock-paper-scissors/01220.png,scissors
rock-paper-scissors/01221.png,scissors
rock-paper-scissors/01222.png,scissors
rock-paper-scissors/01223.png,scissors
rock-paper-scissors/01224.png,scissors
rock-paper-scissors/01225.png,scissors
rock-paper-scissors/01226.png,scissors
rock-paper-scissors/01227.png,scissors
rock-paper-scissors/01228.png,scissors
rock-paper-scissors/01229.png,scissors
rock-paper-scissors/01230.png,scissors
rock-paper-scissors/01231.png,scissors
rock-paper-scissors/01232.png,scissors
rock-paper-scissors/01233.png,scissors
rock-paper-scissors/01234.png,scissors
rock-paper-scissors/01235.png,scissors
rock-paper-scissors/01236.png,scissors
rock-paper-scissors/01237.png,scissors
rock-paper-scissors/01238.png,scissors
rock-paper-scissors/01239.png,scissors
rock-paper-scissors/01240.png,scissors
rock-paper-scissors/01241.png,scissors
rock-paper-scissors/01242.png,scissors
rock-paper-scissors/01243.png,scissors
rock-paper-scissors/01244.png,scissors
rock-paper-scissors/01245.png,scissors
rock-paper-scissors/01246.png,scissors
rock-paper-scissors/01247.png,scissors
rock-paper-scissors/01248.png,scissors
rock-paper-scissors/01249.png,scissors
rock-paper-scissors/01250.png,scissors
rock-paper-scissors/01251.png,scissors
rock-paper-scissors/01252.png,scissors
rock-paper-scissors/01253.png,scissors
rock-paper-scissors/01254.png,scissors
rock-paper-scissors/01256.png,scissors
rock-paper-scissors/01259.png,scissors
rock-paper-scissors/01260.png,scissors
rock-paper-scissors/01261.png,scissors
rock-paper-scissors/01262.png,scissors
rock-paper-scissors/01263.png,scissors
rock-paper-scissors/01264.png,scissors
rock-paper-scissors/01265.png,scissors
rock-paper-scissors/01266.png,scissors
rock-paper-scissors/01267.png,scissors
rock-paper-scissors/01268.png,scissors
rock-paper-scissors/01269.png,scissors
rock-paper-scissors/01270.png,scissors
rock-paper-scissors/01271.png,scissors
rock-paper-scissors/01272.png,scissors
rock-paper-scissors/01273.png,scissors
rock-paper-scissors/01274.png,scissors
rock-paper-scissors/01275.png,scissors
rock-paper-scissors/01276.png,scissors
rock-paper-scissors/01277.png,scissors
rock-paper-scissors/01278.png,scissors
rock-paper-scissors/01279.png,scissors
rock-paper-scissors/01280.png,scissors
rock-paper-scissors/01281.png,scissors
rock-paper-scissors/01282.png,scissors
rock-paper-scissors/01283.png,scissors
rock-paper-scissors/01284.png,scissors
rock-paper-scissors/01285.png,scissors
rock-paper-scissors/01286.png,scissors
rock-paper-scissors/01287.png,scissors
rock-paper-scissors/01288.png,scissors
rock-paper-scissors/01289.png,scissors
rock-paper-scissors/01290.png,scissors
rock-paper-scissors/01291.png,scissors
rock-paper-scissors/01292.png,scissors
rock-paper-scissors/01295.png,scissors
rock-paper-scissors/01296.png,scissors
rock-paper-scissors/01297.png,scissors
rock-paper-scissors/01298.png,scissors
rock-paper-scissors/01299.png,scissors
rock-paper-scissors/01300.png,scissors
rock-paper-scissors/01301.png,scissors
rock-paper-scissors/01302.png,scissors
rock-paper-scissors/01303.png,scissors
rock-paper-scissors/01304.png,scissors
rock-paper-scissors/01305.png,scissors
rock-paper-scissors/01306.png,scissors
rock-paper-scissors/01307.png,scissors
rock-paper-scissors/01308.png,scissors
rock-paper-scissors/01309.png,scissors
rock-paper-scissors/01310.png,scissors
rock-paper-scissors/01311.png,scissors
rock-paper-scissors/01312.png,scissors
rock-paper-scissors/01313.png,scissors
rock-paper-scissors/01314.png,scissors
rock-paper-scissors/01315.png,scissors
rock-paper-scissors/01316.png,scissors
rock-paper-scissors/01317.png,scissors
rock-paper-scissors/01318.png,scissors
rock-paper-scissors/01320.png,scissors
rock-paper-scissors/01321.png,scissors
rock-paper-scissors/01322.png,scissors
rock-paper-scissors/01323.png,scissors
rock-paper-scissors/01324.png,scissors
rock-paper-scissors/01325.png,scissors
rock-paper-scissors/01326.png,scissors
rock-paper-scissors/01327.png,scissors
rock-paper-scissors/01328.png,scissors
rock-paper-scissors/01329.png,scissors
rock-paper-scissors/01330.png,scissors
rock-paper-scissors/01331.png,scissors
rock-paper-scissors/01332.png,scissors
rock-paper-scissors/01333.png,scissors
rock-paper-scissors/01334.png,scissors
rock-paper-scissors/01335.png,scissors
rock-paper-scissors/01336.png,scissors
rock-paper-scissors/01337.png,scissors
rock-paper-scissors/01338.png,scissors
rock-paper-scissors/01339.png,scissors
rock-paper-scissors/01340.png,scissors
rock-paper-scissors/01341.png,scissors
rock-paper-scissors/01342.png,scissors
rock-paper-scissors/01343.png,scissors
rock-paper-scissors/01344.png,scissors
rock-paper-scissors/01346.png,scissors
rock-paper-scissors/01347.png,scissors
rock-paper-scissors/01349.png,scissors
rock-paper-scissors/01350.png,scissors
rock-paper-scissors/01351.png,scissors
rock-paper-scissors/01352.png,scissors
rock-paper-scissors/01353.png,scissors
rock-paper-scissors/01354.png,scissors
rock-paper-scissors/01355.png,scissors
rock-paper-scissors/01357.png,scissors
rock-paper-scissors/01358.png,scissors
rock-paper-scissors/01359.png,scissors
rock-paper-scissors/01360.png,scissors
rock-paper-scissors/01361.png,scissors
rock-paper-scissors/01362.png,scissors
rock-paper-scissors/01363.png,scissors
rock-paper-scissors/01364.png,scissors
rock-paper-scissors/01365.png,scissors
rock-paper-scissors/01366.png,scissors
rock-paper-scissors/01367.png,scissors
rock-paper-scissors/01368.png,scissors
rock-paper-scissors/01369.png,scissors
rock-paper-scissors/01370.png,scissors
rock-paper-scissors/01371.png,scissors
rock-paper-scissors/01372.png,scissors
rock-paper-scissors/01373.png,scissors
rock-paper-scissors/01374.png,scissors
rock-paper-scissors/01375.png,scissors
rock-paper-scissors/01376.png,scissors
rock-paper-scissors/01377.png,scissors
rock-paper-scissors/01378.png,scissors
rock-paper-scissors/01379.png,scissors
rock-paper-scissors/01380.png,scissors
rock-paper-scissors/01381.png,scissors
rock-paper-scissors/01382.png,scissors
rock-paper-scissors/01383.png,scissors
rock-paper-scissors/01384.png,scissors
rock-paper-scissors/01385.png,scissors
rock-paper-scissors/01386.png,scissors
rock-paper-scissors/01387.png,scissors
rock-paper-scissors/01388.png,scissors
rock-paper-scissors/01389.png,scissors
rock-paper-scissors/01390.png,scissors
rock-paper-scissors/01391.png,scissors
rock-paper-scissors/01392.png,scissors
rock-paper-scissors/01393.png,scissors
rock-paper-scissors/01395.png,scissors
rock-paper-scissors/01396.png,scissors
rock-paper-scissors/01397.png,scissors
rock-paper-scissors/01398.png,scissors
rock-paper-scissors/01400.png,scissors
rock-paper-scissors/01401.png,scissors
rock-paper-scissors/01403.png,scissors
rock-paper-scissors/01404.png,scissors
rock-paper-scissors/01405.png,scissors
rock-paper-scissors/01406.png,scissors
rock-paper-scissors/01407.png,scissors
rock-paper-scissors/01408.png,scissors
rock-paper-scissors/01409.png,scissors
rock-paper-scissors/01410.png,scissors
rock-paper-scissors/01411.png,scissors
rock-paper-scissors/01412.png,scissors
rock-paper-scissors/01413.png,scissors
rock-paper-scissors/01414.png,scissors
rock-paper-scissors/01415.png,scissors
rock-paper-scissors/01417.png,scissors
rock-paper-scissors/01418.png,scissors
rock-paper-scissors/01419.png,scissors
rock-paper-scissors/01420.png,scissors
rock-paper-scissors/01421.png,scissors
rock-paper-scissors/01422.png,scissors
rock-paper-scissors/01423.png,scissors
rock-paper-scissors/01424.png,scissors
rock-paper-scissors/01425.png,scissors
rock-paper-scissors/01427.png,scissors
rock-paper-scissors/01428.png,scissors
rock-paper-scissors/01429.png,scissors
rock-paper-scissors/01430.png,scissors
rock-paper-scissors/01431.png,scissors
rock-paper-scissors/01432.png,scissors
rock-paper-scissors/01433.png,scissors
rock-paper-scissors/01434.png,scissors
rock-paper-scissors/01435.png,scissors
rock-paper-scissors/01436.png,scissors
rock-paper-scissors/01437.png,scissors
rock-paper-scissors/01438.png,scissors
rock-paper-scissors/01439.png,scissors
rock-paper-scissors/01440.png,scissors
rock-paper-scissors/01442.png,scissors
rock-paper-scissors/01443.png,scissors
rock-paper-scissors/01444.png,scissors
rock-paper-scissors/01445.png,scissors
rock-paper-scissors/01446.png,scissors
rock-paper-scissors/01447.png,scissors
rock-paper-scissors/01448.png,scissors
rock-paper-scissors/01449.png,scissors
rock-paper-scissors/01450.png,scissors
rock-paper-scissors/01452.png,scissors
rock-paper-scissors/01453.png,scissors
rock-paper-scissors/01454.png,scissors
rock-paper-scissors/01455.png,scissors
rock-paper-scissors/01457.png,scissors
rock-paper-scissors/01458.png,scissors
rock-paper-scissors/01459.png,scissors
rock-paper-scissors/01460.png,scissors
rock-paper-scissors/01461.png,scissors
rock-paper-scissors/01462.png,rock
rock-paper-scissors/01463.png,rock
rock-paper-scissors/01464.png,rock
rock-paper-scissors/01466.png,rock
rock-paper-scissors/01467.png,rock
rock-paper-scissors/01468.png,rock
rock-paper-scissors/01469.png,rock
rock-paper-scissors/01470.png,rock
rock-paper-scissors/01471.png,rock
rock-paper-scissors/01472.png,rock
rock-paper-scissors/01473.png,rock
rock-paper-scissors/01474.png,rock
rock-paper-scissors/01476.png,rock
rock-paper-scissors/01477.png,rock
rock-paper-scissors/01478.png,rock
rock-paper-scissors/01479.png,rock
rock-paper-scissors/01480.png,rock
rock-paper-scissors/01481.png,rock
rock-paper-scissors/01482.png,rock
rock-paper-scissors/01483.png,rock
rock-paper-scissors/01484.png,rock
rock-paper-scissors/01485.png,rock
rock-paper-scissors/01486.png,rock
rock-paper-scissors/01487.png,rock
rock-paper-scissors/01488.png,rock
rock-paper-scissors/01489.png,rock
rock-paper-scissors/01490.png,rock
rock-paper-scissors/01491.png,rock
rock-paper-scissors/01492.png,rock
rock-paper-scissors/01493.png,rock
rock-paper-scissors/01494.png,rock
rock-paper-scissors/01495.png,rock
rock-paper-scissors/01497.png,rock
rock-paper-scissors/01498.png,rock
rock-paper-scissors/01499.png,rock
rock-paper-scissors/01500.png,rock
rock-paper-scissors/01501.png,rock
rock-paper-scissors/01502.png,rock
rock-paper-scissors/01503.png,rock
rock-paper-scissors/01504.png,rock
rock-paper-scissors/01505.png,rock
rock-paper-scissors/01506.png,rock
rock-paper-scissors/01507.png,rock
rock-paper-scissors/01508.png,rock
rock-paper-scissors/01509.png,rock
rock-paper-scissors/01510.png,rock
rock-paper-scissors/01511.png,rock
rock-paper-scissors/01513.png,rock
rock-paper-scissors/01514.png,rock
rock-paper-scissors/01515.png,rock
rock-paper-scissors/01516.png,rock
rock-paper-scissors/01517.png,rock
rock-paper-scissors/01518.png,rock
rock-paper-scissors/01519.png,rock
rock-paper-scissors/01520.png,rock
rock-paper-scissors/01521.png,rock
rock-paper-scissors/01522.png,rock
rock-paper-scissors/01523.png,rock
rock-paper-scissors/01524.png,rock
rock-paper-scissors/01525.png,rock
rock-paper-scissors/01527.png,rock
rock-paper-scissors/01528.png,rock
rock-paper-scissors/01529.png,rock
rock-paper-scissors/01530.png,rock
rock-paper-scissors/01531.png,rock
rock-paper-scissors/01532.png,rock
rock-paper-scissors/01533.png,rock
rock-paper-scissors/01534.png,rock
rock-paper-scissors/01535.png,rock
rock-paper-scissors/01537.png,rock
rock-paper-scissors/01538.png,rock
rock-paper-scissors/01540.png,rock
rock-paper-scissors/01541.png,rock
rock-paper-scissors/01542.png,rock
rock-paper-scissors/01543.png,rock
rock-paper-scissors/01544.png,rock
rock-paper-scissors/01545.png,rock
rock-paper-scissors/01546.png,rock
rock-paper-scissors/01547.png,rock
rock-paper-scissors/01548.png,rock
rock-paper-scissors/01549.png,rock
rock-paper-scissors/01550.png,rock
rock-paper-scissors/01552.png,rock
rock-paper-scissors/01553.png,rock
rock-paper-scissors/01554.png,rock
rock-paper-scissors/01555.png,rock
rock-paper-scissors/01556.png,rock
rock-paper-scissors/01557.png,rock
rock-paper-scissors/01558.png,rock
rock-paper-scissors/01559.png,rock
rock-paper-scissors/01560.png,rock
rock-paper-scissors/01562.png,rock
rock-paper-scissors/01563.png,rock
rock-paper-scissors/01564.png,rock
rock-paper-scissors/01565.png,rock
rock-paper-scissors/01566.png,rock
rock-paper-scissors/01567.png,rock
rock-paper-scissors/01568.png,rock
rock-paper-scissors/01569.png,rock
rock-paper-scissors/01570.png,rock
rock-paper-scissors/01571.png,rock
rock-paper-scissors/01572.png,rock
rock-paper-scissors/01573.png,rock
rock-paper-scissors/01574.png,rock
rock-paper-scissors/01575.png,rock
rock-paper-scissors/01576.png,rock
rock-paper-scissors/01577.png,rock
rock-paper-scissors/01578.png,rock
rock-paper-scissors/01579.png,rock
rock-paper-scissors/01580.png,rock
rock-paper-scissors/01581.png,rock
rock-paper-scissors/01582.png,rock
rock-paper-scissors/01585.png,rock
rock-paper-scissors/01586.png,rock
rock-paper-scissors/01587.png,rock
rock-paper-scissors/01588.png,rock
rock-paper-scissors/01589.png,rock
rock-paper-scissors/01590.png,rock
rock-paper-scissors/01591.png,rock
rock-paper-scissors/01592.png,rock
rock-paper-scissors/01593.png,rock
rock-paper-scissors/01594.png,rock
rock-paper-scissors/01595.png,rock
rock-paper-scissors/01596.png,rock
rock-paper-scissors/01597.png,rock
rock-paper-scissors/01598.png,rock
rock-paper-scissors/01599.png,rock
rock-paper-scissors/01600.png,rock
rock-paper-scissors/01601.png,rock
rock-paper-scissors/01602.png,rock
rock-paper-scissors/01603.png,rock
rock-paper-scissors/01604.png,rock
rock-paper-scissors/01605.png,rock
rock-paper-scissors/01606.png,rock
rock-paper-scissors/01608.png,rock
rock-paper-scissors/01609.png,rock
rock-paper-scissors/01610.png,rock
rock-paper-scissors/01611.png,rock
rock-paper-scissors/01612.png,rock
rock-paper-scissors/01613.png,rock
rock-paper-scissors/01614.png,rock
rock-paper-scissors/01615.png,rock
rock-paper-scissors/01616.png,rock
rock-paper-scissors/01617.png,rock
rock-paper-scissors/01618.png,rock
rock-paper-scissors/01620.png,rock
rock-paper-scissors/01621.png,rock
rock-paper-scissors/01622.png,rock
rock-paper-scissors/01623.png,rock
rock-paper-scissors/01624.png,rock
rock-paper-scissors/01625.png,rock
rock-paper-scissors/01626.png,rock
rock-paper-scissors/01627.png,rock
rock-paper-scissors/01628.png,rock
rock-paper-scissors/01629.png,rock
rock-paper-scissors/01630.png,rock
rock-paper-scissors/01631.png,rock
rock-paper-scissors/01632.png,rock
rock-paper-scissors/01633.png,rock
rock-paper-scissors/01634.png,rock
rock-paper-scissors/01635.png,rock
rock-paper-scissors/01636.png,rock
rock-paper-scissors/01637.png,rock
rock-paper-scissors/01638.png,rock
rock-paper-scissors/01639.png,rock
rock-paper-scissors/01641.png,rock
rock-paper-scissors/01642.png,rock
rock-paper-scissors/01643.png,rock
rock-paper-scissors/01644.png,rock
rock-paper-scissors/01645.png,rock
rock-paper-scissors/01646.png,rock
rock-paper-scissors/01647.png,rock
rock-paper-scissors/01649.png,rock
rock-paper-scissors/01650.png,rock
rock-paper-scissors/01651.png,rock
rock-paper-scissors/01652.png,rock
rock-paper-scissors/01654.png,rock
rock-paper-scissors/01655.png,rock
rock-paper-scissors/01656.png,rock
rock-paper-scissors/01657.png,rock
rock-paper-scissors/01658.png,rock
rock-paper-scissors/01659.png,rock
rock-paper-scissors/01660.png,rock
rock-paper-scissors/01661.png,rock
rock-paper-scissors/01662.png,rock
rock-paper-scissors/01663.png,rock
rock-paper-scissors/01664.png,rock
rock-paper-scissors/01665.png,rock
rock-paper-scissors/01666.png,rock
rock-paper-scissors/01667.png,rock
rock-paper-scissors/01668.png,rock
rock-paper-scissors/01669.png,rock
rock-paper-scissors/01670.png,rock
rock-paper-scissors/01671.png,rock
rock-paper-scissors/01672.png,rock
rock-paper-scissors/01673.png,rock
rock-paper-scissors/01674.png,rock
rock-paper-scissors/01675.png,rock
rock-paper-scissors/01676.png,rock
rock-paper-scissors/01677.png,rock
rock-paper-scissors/01678.png,rock
rock-paper-scissors/01679.png,rock
rock-paper-scissors/01680.png,rock
rock-paper-scissors/01681.png,rock
rock-paper-scissors/01682.png,rock
rock-paper-scissors/01683.png,rock
rock-paper-scissors/01684.png,rock
rock-paper-scissors/01685.png,rock
rock-paper-scissors/01686.png,rock
rock-paper-scissors/01687.png,rock
rock-paper-scissors/01688.png,rock
rock-paper-scissors/01689.png,rock
rock-paper-scissors/01690.png,rock
rock-paper-scissors/01691.png,rock
rock-paper-scissors/01692.png,rock
rock-paper-scissors/01693.png,rock
rock-paper-scissors/01694.png,rock
rock-paper-scissors/01695.png,rock
rock-paper-scissors/01696.png,rock
rock-paper-scissors/01699.png,rock
rock-paper-scissors/01700.png,rock
rock-paper-scissors/01701.png,rock
rock-paper-scissors/01703.png,rock
rock-paper-scissors/01704.png,rock
rock-paper-scissors/01705.png,rock
rock-paper-scissors/01706.png,rock
rock-paper-scissors/01707.png,rock
rock-paper-scissors/01708.png,rock
rock-paper-scissors/01709.png,rock
rock-paper-scissors/01710.png,rock
rock-paper-scissors/01711.png,rock
rock-paper-scissors/01712.png,rock
rock-paper-scissors/01713.png,rock
rock-paper-scissors/01714.png,rock
rock-paper-scissors/01715.png,rock
rock-paper-scissors/01717.png,rock
rock-paper-scissors/01718.png,rock
rock-paper-scissors/01719.png,rock
rock-paper-scissors/01720.png,rock
rock-paper-scissors/01721.png,rock
rock-paper-scissors/01722.png,rock
rock-paper-scissors/01723.png,rock
rock-paper-scissors/01724.png,rock
rock-paper-scissors/01725.png,rock
rock-paper-scissors/01727.png,rock
rock-paper-scissors/01728.png,rock
rock-paper-scissors/01729.png,rock
rock-paper-scissors/01730.png,rock
rock-paper-scissors/01731.png,rock
rock-paper-scissors/01732.png,rock
rock-paper-scissors/01733.png,rock
rock-paper-scissors/01734.png,rock
rock-paper-scissors/01736.png,rock
rock-paper-scissors/01737.png,rock
rock-paper-scissors/01739.png,rock
rock-paper-scissors/01741.png,rock
rock-paper-scissors/01742.png,rock
rock-paper-scissors/01743.png,rock
rock-paper-scissors/01744.png,rock
rock-paper-scissors/01746.png,rock
rock-paper-scissors/01747.png,rock
rock-paper-scissors/01748.png,rock
rock-paper-scissors/01749.png,rock
rock-paper-scissors/01750.png,rock
rock-paper-scissors/01751.png,rock
rock-paper-scissors/01752.png,rock
rock-paper-scissors/01753.png,rock
rock-paper-scissors/01754.png,rock
rock-paper-scissors/01755.png,rock
rock-paper-scissors/01756.png,rock
rock-paper-scissors/01757.png,rock
rock-paper-scissors/01758.png,rock
rock-paper-scissors/01759.png,rock
rock-paper-scissors/01760.png,rock
rock-paper-scissors/01761.png,rock
rock-paper-scissors/01762.png,rock
rock-paper-scissors/01763.png,rock
rock-paper-scissors/01764.png,rock
rock-paper-scissors/01765.png,rock
rock-paper-scissors/01766.png,rock
rock-paper-scissors/01768.png,rock
rock-paper-scissors/01769.png,rock
rock-paper-scissors/01770.png,rock
rock-paper-scissors/01771.png,rock
rock-paper-scissors/01773.png,rock
rock-paper-scissors/01774.png,rock
rock-paper-scissors/01775.png,rock
rock-paper-scissors/01776.png,rock
rock-paper-scissors/01777.png,rock
rock-paper-scissors/01778.png,rock
rock-paper-scissors/01779.png,rock
rock-paper-scissors/01780.png,rock
rock-paper-scissors/01781.png,rock
rock-paper-scissors/01782.png,rock
rock-paper-scissors/01783.png,rock
rock-paper-scissors/01784.png,rock
rock-paper-scissors/01785.png,rock
rock-paper-scissors/01786.png,rock
rock-paper-scissors/01787.png,rock
rock-paper-scissors/01788.png,rock
rock-paper-scissors/01789.png,rock
rock-paper-scissors/01790.png,rock
rock-paper-scissors/01791.png,rock
rock-paper-scissors/01792.png,rock
rock-paper-scissors/01794.png,rock
rock-paper-scissors/01795.png,rock
rock-paper-scissors/01796.png,rock
rock-paper-scissors/01797.png,rock
rock-paper-scissors/01798.png,rock
rock-paper-scissors/01799.png,rock
rock-paper-scissors/01800.png,rock
rock-paper-scissors/01802.png,rock
rock-paper-scissors/01804.png,rock
rock-paper-scissors/01805.png,rock
rock-paper-scissors/01806.png,rock
rock-paper-scissors/01807.png,rock
rock-paper-scissors/01808.png,rock
rock-paper-scissors/01809.png,rock
rock-paper-scissors/01810.png,rock
rock-paper-scissors/01811.png,rock
rock-paper-scissors/01812.png,rock
rock-paper-scissors/01814.png,rock
rock-paper-scissors/01815.png,rock
rock-paper-scissors/01816.png,rock
rock-paper-scissors/01817.png,rock
rock-paper-scissors/01819.png,rock
rock-paper-scissors/01820.png,rock
rock-paper-scissors/01821.png,rock
rock-paper-scissors/01822.png,rock
rock-paper-scissors/01824.png,rock
rock-paper-scissors/01825.png,rock
rock-paper-scissors/01827.png,rock
rock-paper-scissors/01828.png,rock
rock-paper-scissors/01829.png,rock
rock-paper-scissors/01830.png,rock
rock-paper-scissors/01831.png,rock
rock-paper-scissors/01832.png,rock
rock-paper-scissors/01833.png,rock
rock-paper-scissors/01834.png,rock
rock-paper-scissors/01835.png,rock
rock-paper-scissors/01836.png,rock
rock-paper-scissors/01837.png,rock
rock-paper-scissors/01838.png,rock
rock-paper-scissors/01839.png,rock
rock-paper-scissors/01840.png,rock
rock-paper-scissors/01841.png,rock
rock-paper-scissors/01842.png,rock
rock-paper-scissors/01843.png,rock
rock-paper-scissors/01844.png,rock
rock-paper-scissors/01845.png,rock
rock-paper-scissors/01846.png,rock
rock-paper-scissors/01847.png,rock
rock-paper-scissors/01848.png,rock
rock-paper-scissors/01849.png,rock
rock-paper-scissors/01850.png,rock
rock-paper-scissors/01852.png,rock
rock-paper-scissors/01853.png,rock
rock-paper-scissors/01854.png,rock
rock-paper-scissors/01855.png,rock
rock-paper-scissors/01856.png,rock
rock-paper-scissors/01857.png,rock
rock-paper-scissors/01858.png,rock
rock-paper-scissors/01859.png,rock
rock-paper-scissors/01860.png,rock
rock-paper-scissors/01861.png,rock
rock-paper-scissors/01862.png,rock
rock-paper-scissors/01863.png,rock
rock-paper-scissors/01864.png,rock
rock-paper-scissors/01865.png,rock
rock-paper-scissors/01866.png,rock
rock-paper-scissors/01867.png,rock
rock-paper-scissors/01868.png,rock
rock-paper-scissors/01870.png,rock
rock-paper-scissors/01871.png,rock
rock-paper-scissors/01872.png,rock
rock-paper-scissors/01873.png,rock
rock-paper-scissors/01874.png,rock
rock-paper-scissors/01875.png,rock
rock-paper-scissors/01876.png,rock
rock-paper-scissors/01877.png,rock
rock-paper-scissors/01878.png,rock
rock-paper-scissors/01879.png,rock
rock-paper-scissors/01880.png,rock
rock-paper-scissors/01881.png,rock
rock-paper-scissors/01882.png,rock
rock-paper-scissors/01883.png,rock
rock-paper-scissors/01884.png,rock
rock-paper-scissors/01885.png,rock
rock-paper-scissors/01886.png,rock
rock-paper-scissors/01887.png,rock
rock-paper-scissors/01888.png,rock
rock-paper-scissors/01889.png,rock
rock-paper-scissors/01890.png,rock
rock-paper-scissors/01891.png,rock
rock-paper-scissors/01892.png,rock
rock-paper-scissors/01893.png,rock
rock-paper-scissors/01894.png,rock
rock-paper-scissors/01896.png,rock
rock-paper-scissors/01897.png,rock
rock-paper-scissors/01898.png,rock
rock-paper-scissors/01899.png,rock
rock-paper-scissors/01900.png,rock
rock-paper-scissors/01901.png,rock
rock-paper-scissors/01902.png,rock
rock-paper-scissors/01903.png,rock
rock-paper-scissors/01904.png,rock
rock-paper-scissors/01905.png,rock
rock-paper-scissors/01906.png,rock
rock-paper-scissors/01907.png,rock
rock-paper-scissors/01908.png,rock
rock-paper-scissors/01910.png,rock
rock-paper-scissors/01911.png,rock
rock-paper-scissors/01912.png,rock
rock-paper-scissors/01913.png,rock
rock-paper-scissors/01914.png,rock
rock-paper-scissors/01915.png,rock
rock-paper-scissors/01916.png,rock
rock-paper-scissors/01917.png,rock
rock-paper-scissors/01918.png,rock
rock-paper-scissors/01919.png,rock
rock-paper-scissors/01921.png,rock
rock-paper-scissors/01922.png,rock
rock-paper-scissors/01925.png,rock
rock-paper-scissors/01926.png,rock
rock-paper-scissors/01927.png,rock
rock-paper-scissors/01928.png,rock
rock-paper-scissors/01929.png,rock
rock-paper-scissors/01930.png,rock
rock-paper-scissors/01931.png,rock
rock-paper-scissors/01932.png,rock
rock-paper-scissors/01933.png,rock
rock-paper-scissors/01934.png,rock
rock-paper-scissors/01935.png,rock
rock-paper-scissors/01936.png,rock
rock-paper-scissors/01937.png,rock
rock-paper-scissors/01938.png,rock
rock-paper-scissors/01939.png,rock
rock-paper-scissors/01940.png,rock
rock-paper-scissors/01941.png,rock
rock-paper-scissors/01942.png,rock
rock-paper-scissors/01943.png,rock
rock-paper-scissors/01944.png,rock
rock-paper-scissors/01945.png,rock
rock-paper-scissors/01946.png,rock
rock-paper-scissors/01947.png,rock
rock-paper-scissors/01948.png,rock
rock-paper-scissors/01949.png,rock
rock-paper-scissors/01950.png,rock
rock-paper-scissors/01951.png,rock
rock-paper-scissors/01952.png,rock
rock-paper-scissors/01953.png,rock
rock-paper-scissors/01954.png,rock
rock-paper-scissors/01955.png,rock
rock-paper-scissors/01956.png,rock
rock-paper-scissors/01958.png,rock
rock-paper-scissors/01959.png,rock
rock-paper-scissors/01960.png,rock
rock-paper-scissors/01961.png,rock
rock-paper-scissors/01963.png,rock
rock-paper-scissors/01964.png,rock
rock-paper-scissors/01965.png,rock
rock-paper-scissors/01966.png,rock
rock-paper-scissors/01967.png,rock
rock-paper-scissors/01968.png,rock
rock-paper-scissors/01969.png,rock
rock-paper-scissors/01970.png,rock
rock-paper-scissors/01971.png,rock
rock-paper-scissors/01972.png,rock
rock-paper-scissors/01973.png,rock
rock-paper-scissors/01974.png,rock
rock-paper-scissors/01977.png,rock
rock-paper-scissors/01978.png,rock
rock-paper-scissors/01979.png,rock
rock-paper-scissors/01980.png,rock
rock-paper-scissors/01981.png,rock
rock-paper-scissors/01982.png,rock
rock-paper-scissors/01983.png,rock
rock-paper-scissors/01985.png,rock
rock-paper-scissors/01986.png,rock
rock-paper-scissors/01987.png,rock
rock-paper-scissors/01988.png,rock
rock-paper-scissors/01990.png,rock
rock-paper-scissors/01991.png,rock
rock-paper-scissors/01992.png,rock
rock-paper-scissors/01993.png,rock
rock-paper-scissors/01994.png,rock
rock-paper-scissors/01995.png,rock
rock-paper-scissors/01996.png,rock
rock-paper-scissors/01997.png,rock
rock-paper-scissors/01998.png,rock
rock-paper-scissors/01999.png,rock
rock-paper-scissors/02000.png,rock
rock-paper-scissors/02002.png,rock
rock-paper-scissors/02003.png,rock
rock-paper-scissors/02005.png,rock
rock-paper-scissors/02006.png,rock
rock-paper-scissors/02008.png,rock
rock-paper-scissors/02009.png,rock
rock-paper-scissors/02010.png,rock
rock-paper-scissors/02011.png,rock
rock-paper-scissors/02012.png,rock
rock-paper-scissors/02014.png,rock
rock-paper-scissors/02015.png,rock
rock-paper-scissors/02016.png,rock
rock-paper-scissors/02017.png,rock
rock-paper-scissors/02018.png,rock
rock-paper-scissors/02019.png,rock
rock-paper-scissors/02020.png,rock
rock-paper-scissors/02021.png,rock
rock-paper-scissors/02022.png,rock
rock-paper-scissors/02023.png,rock
rock-paper-scissors/02024.png,rock
rock-paper-scissors/02025.png,rock
rock-paper-scissors/02027.png,rock
rock-paper-scissors/02028.png,rock
rock-paper-scissors/02029.png,rock
rock-paper-scissors/02031.png,rock
rock-paper-scissors/02032.png,rock
rock-paper-scissors/02033.png,rock
rock-paper-scissors/02034.png,rock
rock-paper-scissors/02035.png,rock
rock-paper-scissors/02036.png,rock
rock-paper-scissors/02038.png,rock
rock-paper-scissors/02040.png,rock
rock-paper-scissors/02041.png,rock
rock-paper-scissors/02042.png,rock
rock-paper-scissors/02043.png,rock
rock-paper-scissors/02045.png,rock
rock-paper-scissors/02046.png,rock
rock-paper-scissors/02047.png,rock
rock-paper-scissors/02048.png,rock
rock-paper-scissors/02049.png,rock
rock-paper-scissors/02050.png,rock
rock-paper-scissors/02051.png,rock
rock-paper-scissors/02052.png,rock
rock-paper-scissors/02053.png,rock
rock-paper-scissors/02054.png,rock
rock-paper-scissors/02056.png,rock
rock-paper-scissors/02057.png,rock
rock-paper-scissors/02058.png,rock
rock-paper-scissors/02060.png,rock
rock-paper-scissors/02061.png,rock
rock-paper-scissors/02062.png,rock
rock-paper-scissors/02063.png,rock
rock-paper-scissors/02064.png,rock
rock-paper-scissors/02065.png,rock
rock-paper-scissors/02066.png,rock
rock-paper-scissors/02067.png,rock
rock-paper-scissors/02068.png,rock
rock-paper-scissors/02069.png,rock
rock-paper-scissors/02070.png,rock
rock-paper-scissors/02071.png,rock
rock-paper-scissors/02072.png,rock
rock-paper-scissors/02073.png,rock
rock-paper-scissors/02074.png,rock
rock-paper-scissors/02075.png,rock
rock-paper-scissors/02076.png,rock
rock-paper-scissors/02077.png,rock
rock-paper-scissors/02078.png,rock
rock-paper-scissors/02079.png,rock
rock-paper-scissors/02080.png,rock
rock-paper-scissors/02081.png,rock
rock-paper-scissors/02082.png,rock
rock-paper-scissors/02083.png,rock
rock-paper-scissors/02084.png,rock
rock-paper-scissors/02086.png,rock
rock-paper-scissors/02087.png,rock
rock-paper-scissors/02088.png,rock
rock-paper-scissors/02089.png,rock
rock-paper-scissors/02090.png,rock
rock-paper-scissors/02091.png,rock
rock-paper-scissors/02092.png,rock
rock-paper-scissors/02093.png,rock
rock-paper-scissors/02094.png,rock
rock-paper-scissors/02095.png,rock
rock-paper-scissors/02096.png,rock
rock-paper-scissors/02097.png,rock
rock-paper-scissors/02098.png,rock
rock-paper-scissors/02099.png,rock
rock-paper-scissors/02100.png,rock
rock-paper-scissors/02101.png,rock
rock-paper-scissors/02102.png,rock
rock-paper-scissors/02103.png,rock
rock-paper-scissors/02104.png,rock
rock-paper-scissors/02105.png,rock
rock-paper-scissors/02106.png,rock
rock-paper-scissors/02107.png,rock
rock-paper-scissors/02108.png,rock
rock-paper-scissors/02109.png,rock
rock-paper-scissors/02110.png,rock
rock-paper-scissors/02111.png,rock
rock-paper-scissors/02112.png,rock
rock-paper-scissors/02114.png,rock
rock-paper-scissors/02115.png,rock
rock-paper-scissors/02116.png,rock
rock-paper-scissors/02119.png,rock
rock-paper-scissors/02120.png,rock
rock-paper-scissors/02121.png,rock
rock-paper-scissors/02122.png,rock
rock-paper-scissors/02124.png,rock
rock-paper-scissors/02126.png,rock
rock-paper-scissors/02127.png,rock
rock-paper-scissors/02128.png,rock
rock-paper-scissors/02129.png,rock
rock-paper-scissors/02131.png,rock
rock-paper-scissors/02132.png,rock
rock-paper-scissors/02133.png,rock
rock-paper-scissors/02134.png,rock
rock-paper-scissors/02135.png,rock
rock-paper-scissors/02136.png,rock
rock-paper-scissors/02137.png,rock
rock-paper-scissors/02138.png,rock
rock-paper-scissors/02139.png,rock
rock-paper-scissors/02140.png,rock
rock-paper-scissors/02142.png,rock
rock-paper-scissors/02143.png,rock
rock-paper-scissors/02144.png,rock
rock-paper-scissors/02145.png,rock
rock-paper-scissors/02146.png,rock
rock-paper-scissors/02147.png,rock
rock-paper-scissors/02149.png,rock
rock-paper-scissors/02150.png,rock
rock-paper-scissors/02151.png,rock
rock-paper-scissors/02153.png,rock
rock-paper-scissors/02154.png,rock
rock-paper-scissors/02155.png,rock
rock-paper-scissors/02156.png,rock
rock-paper-scissors/02157.png,rock
rock-paper-scissors/02158.png,rock
rock-paper-scissors/02159.png,rock
rock-paper-scissors/02160.png,rock
rock-paper-scissors/02161.png,rock
rock-paper-scissors/02162.png,rock
rock-paper-scissors/02164.png,rock
rock-paper-scissors/02166.png,rock
rock-paper-scissors/02167.png,rock
rock-paper-scissors/02168.png,rock
rock-paper-scissors/02169.png,rock
rock-paper-scissors/02170.png,rock
rock-paper-scissors/02171.png,rock
rock-paper-scissors/02172.png,rock
rock-paper-scissors/02173.png,rock
rock-paper-scissors/02174.png,rock
rock-paper-scissors/02175.png,rock
rock-paper-scissors/02176.png,rock
rock-paper-scissors/02177.png,rock
rock-paper-scissors/02179.png,rock
rock-paper-scissors/02180.png,rock
rock-paper-scissors/02181.png,rock
rock-paper-scissors/02183.png,rock
rock-paper-scissors/02184.png,rock
rock-paper-scissors/02185.png,rock
rock-paper-scissors/02186.png,rock
rock-paper-scissors/02187.png,rock
