image,label
walk-or-run/0000.png,run
walk-or-run/0001.png,run
walk-or-run/0002.png,run
walk-or-run/0003.png,run
walk-or-run/0004.png,run
walk-or-run/0005.png,run
walk-or-run/0006.png,run
walk-or-run/0007.png,run
walk-or-run/0008.png,run
walk-or-run/0009.png,run
walk-or-run/0010.png,run
walk-or-run/0011.png,run
walk-or-run/0012.png,run
walk-or-run/0014.png,run
walk-or-run/0015.png,run
walk-or-run/0016.png,run
walk-or-run/0017.png,run
walk-or-run/0018.png,run
walk-or-run/0019.png,run
walk-or-run/0020.png,run
walk-or-run/0021.png,run
walk-or-run/0022.png,run
walk-or-run/0023.png,run
walk-or-run/0024.png,run
walk-or-run/0025.png,run
walk-or-run/0026.png,run
walk-or-run/0027.png,run
walk-or-run/0028.png,run
walk-or-run/0029.png,run
walk-or-run/0030.png,run
walk-or-run/0033.png,run
walk-or-run/0034.png,run
walk-or-run/0035.png,run
walk-or-run/0036.png,run
walk-or-run/0037.png,run
walk-or-run/0038.png,run
walk-or-run/0039.png,run
walk-or-run/0041.png,run
walk-or-run/0042.png,run
walk-or-run/0043.png,run
walk-or-run/0044.png,run
walk-or-run/0045.png,run
walk-or-run/0046.png,run
walk-or-run/0047.png,run
walk-or-run/0048.png,run
walk-or-run/0049.png,run
walk-or-run/0050.png,run
walk-or-run/0051.png,run
walk-or-run/0052.png,run
walk-or-run/0053.png,run
walk-or-run/0054.png,run
walk-or-run/0055.png,run
walk-or-run/0056.png,run
walk-or-run/0057.png,run
walk-or-run/0058.png,run
walk-or-run/0059.png,run
walk-or-run/0060.png,run
walk-or-run/0063.png,run
walk-or-run/0064.png,run
walk-or-run/0065.png,run
walk-or-run/0066.png,run
walk-or-run/0067.png,run
walk-or-run/0069.png,run
walk-or-run/0070.png,run
walk-or-run/0071.png,run
walk-or-run/0072.png,run
walk-or-run/0073.png,run
walk-or-run/0074.png,run
walk-or-run/0075.png,run
walk-or-run/0076.png,run
walk-or-run/0077.png,run
walk-or-run/0078.png,run
walk-or-run/0079.png,run
walk-or-run/0080.png,run
walk-or-run/0081.png,run
walk-or-run/0082.png,walk
walk-or-run/0084.png,walk
walk-or-run/0085.png,walk
walk-or-run/0086.png,walk
walk-or-run/0087.png,walk
walk-or-run/0088.png,walk
walk-or-run/0089.png,walk
walk-or-run/0090.png,walk
walk-or-run/0091.png,walk
walk-or-run/0092.png,walk
walk-or-run/0093.png,walk
walk-or-run/0094.png,walk
walk-or-run/0095.png,walk
walk-or-run/0096.png,walk
walk-or-run/0097.png,walk
walk-or-run/0098.png,walk
walk-or-run/0099.png,walk
walk-or-run/0100.png,walk
walk-or-run/0101.png,walk
walk-or-run/0102.png,walk
walk-or-run/0103.png,walk
walk-or-run/0104.png,walk
walk-or-run/0105.png,walk
walk-or-run/0106.png,walk
walk-or-run/0107.png,walk
walk-or-run/0108.png,walk
walk-or-run/0109.png,walk
walk-or-run/0110.png,walk
walk-or-run/0111.png,walk
walk-or-run/0112.png,walk
walk-or-run/0113.png,walk
walk-or-run/0114.png,walk
walk-or-run/0115.png,walk
walk-or-run/0116.png,walk
walk-or-run/0117.png,walk
walk-or-run/0118.png,walk
walk-or-run/0119.png,walk
walk-or-run/0120.png,walk
walk-or-run/0121.png,walk
walk-or-run/0124.png,walk
walk-or-run/0125.png,walk
walk-or-run/0126.png,walk
walk-or-run/0127.png,walk
walk-or-run/0128.png,walk
walk-or-run/0129.png,walk
walk-or-run/0130.png,walk
walk-or-run/0131.png,walk
walk-or-run/0132.png,walk
walk-or-run/0133.png,walk
walk-or-run/0134.png,walk
walk-or-run/0135.png,walk
walk-or-run/0137.png,walk
walk-or-run/0138.png,walk
walk-or-run/0139.png,walk
walk-or-run/0141.png,run
walk-or-run/0142.png,run
walk-or-run/0143.png,run
walk-or-run/0144.png,run
walk-or-run/0145.png,run
walk-or-run/0146.png,run
walk-or-run/0147.png,run
walk-or-run/0148.png,run
walk-or-run/0149.png,run
walk-or-run/0150.png,run
walk-or-run/0151.png,run
walk-or-run/0152.png,run
walk-or-run/0153.png,run
walk-or-run/0154.png,run
walk-or-run/0155.png,run
walk-or-run/0157.png,run
walk-or-run/0158.png,run
walk-or-run/0159.png,run
walk-or-run/0160.png,run
walk-or-run/0161.png,run
walk-or-run/0162.png,run
walk-or-run/0163.png,run
walk-or-run/0164.png,run
walk-or-run/0165.png,run
walk-or-run/0166.png,run
walk-or-run/0167.png,run
walk-or-run/0168.png,run
walk-or-run/0169.png,run
walk-or-run/0170.png,run
walk-or-run/0171.png,run
walk-or-run/0172.png,run
walk-or-run/0173.png,run
walk-or-run/0175.png,run
walk-or-run/0176.png,run
walk-or-run/0178.png,run
walk-or-run/0180.png,run
walk-or-run/0181.png,run
walk-or-run/0182.png,run
walk-or-run/0183.png,run
walk-or-run/0184.png,run
walk-or-run/0185.png,run
walk-or-run/0186.png,run
walk-or-run/0188.png,run
walk-or-run/0189.png,run
walk-or-run/0190.png,run
walk-or-run/0191.png,run
walk-or-run/0192.png,run
walk-or-run/0193.png,run
walk-or-run/0194.png,run
walk-or-run/0195.png,run
walk-or-run/0196.png,run
walk-or-run/0197.png,run
walk-or-run/0198.png,run
walk-or-run/0199.png,run
walk-or-run/0200.png,run
walk-or-run/0201.png,run
walk-or-run/0202.png,run
walk-or-run/0204.png,run
walk-or-run/0205.png,run
walk-or-run/0206.png,run
walk-or-run/0207.png,run
walk-or-run/0208.png,run
walk-or-run/0209.png,run
walk-or-run/0210.png,run
walk-or-run/0211.png,run
walk-or-run/0212.png,run
walk-or-run/0213.png,run
walk-or-run/0214.png,run
walk-or-run/0215.png,run
walk-or-run/0216.png,run
walk-or-run/0217.png,run
walk-or-run/0218.png,run
walk-or-run/0219.png,run
walk-or-run/0222.png,run
walk-or-run/0224.png,run
walk-or-run/0225.png,run
walk-or-run/0227.png,run
walk-or-run/0228.png,run
walk-or-run/0229.png,run
walk-or-run/0230.png,run
walk-or-run/0231.png,run
walk-or-run/0232.png,run
walk-or-run/0233.png,run
walk-or-run/0234.png,run
walk-or-run/0236.png,run
walk-or-run/0237.png,run
walk-or-run/0238.png,run
walk-or-run/0239.png,run
walk-or-run/0240.png,run
walk-or-run/0241.png,run
walk-or-run/0242.png,run
walk-or-run/0243.png,run
walk-or-run/0244.png,run
walk-or-run/0245.png,run
walk-or-run/0246.png,run
walk-or-run/0247.png,run
walk-or-run/0248.png,run
walk-or-run/0249.png,run
walk-or-run/0250.png,run
walk-or-run/0251.png,run
walk-or-run/0252.png,run
walk-or-run/0253.png,run
walk-or-run/0254.png,run
walk-or-run/0255.png,run
walk-or-run/0256.png,run
walk-or-run/0257.png,run
walk-or-run/0258.png,run
walk-or-run/0259.png,run
walk-or-run/0260.png,run
walk-or-run/0262.png,run
walk-or-run/0264.png,run
walk-or-run/0265.png,run
walk-or-run/0266.png,run
walk-or-run/0267.png,run
walk-or-run/0268.png,run
walk-or-run/0269.png,run
walk-or-run/0270.png,run
walk-or-run/0271.png,run
walk-or-run/0272.png,run
walk-or-run/0273.png,run
walk-or-run/0274.png,run
walk-or-run/0275.png,run
walk-or-run/0276.png,run
walk-or-run/0277.png,run
walk-or-run/0278.png,run
walk-or-run/0279.png,run
walk-or-run/0280.png,run
walk-or-run/0281.png,run
walk-or-run/0282.png,run
walk-or-run/0283.png,run
walk-or-run/0284.png,run
walk-or-run/0285.png,run
walk-or-run/0286.png,run
walk-or-run/0287.png,run
walk-or-run/0288.png,run
walk-or-run/0289.png,run
walk-or-run/0290.png,run
walk-or-run/0291.png,run
walk-or-run/0292.png,run
walk-or-run/0294.png,run
walk-or-run/0295.png,run
walk-or-run/0296.png,run
walk-or-run/0297.png,run
walk-or-run/0298.png,run
walk-or-run/0299.png,run
walk-or-run/0300.png,run
walk-or-run/0301.png,run
walk-or-run/0302.png,run
walk-or-run/0303.png,run
walk-or-run/0304.png,run
walk-or-run/0305.png,run
walk-or-run/0306.png,run
walk-or-run/0307.png,run
walk-or-run/0309.png,run
walk-or-run/0310.png,run
walk-or-run/0312.png,run
walk-or-run/0313.png,run
walk-or-run/0314.png,run
walk-or-run/0315.png,run
walk-or-run/0316.png,run
walk-or-run/0317.png,run
walk-or-run/0318.png,run
walk-or-run/0319.png,run
walk-or-run/0320.png,run
walk-or-run/0321.png,run
walk-or-run/0322.png,run
walk-or-run/0323.png,run
walk-or-run/0325.png,run
walk-or-run/0326.png,run
walk-or-run/0327.png,run
walk-or-run/0328.png,run
walk-or-run/0329.png,run
walk-or-run/0330.png,run
walk-or-run/0331.png,run
walk-or-run/0332.png,run
walk-or-run/0333.png,run
walk-or-run/0334.png,run
walk-or-run/0335.png,run
walk-or-run/0336.png,run
walk-or-run/0338.png,run
walk-or-run/0339.png,run
walk-or-run/0340.png,run
walk-or-run/0341.png,run
walk-or-run/0342.png,run
walk-or-run/0343.png,run
walk-or-run/0344.png,run
walk-or-run/0345.png,run
walk-or-run/0346.png,run
walk-or-run/0347.png,run
walk-or-run/0348.png,run
walk-or-run/0349.png,run
walk-or-run/0350.png,run
walk-or-run/0351.png,run
walk-or-run/0352.png,run
walk-or-run/0353.png,run
walk-or-run/0354.png,run
walk-or-run/0355.png,run
walk-or-run/0357.png,run
walk-or-run/0358.png,run
walk-or-run/0359.png,run
walk-or-run/0360.png,run
walk-or-run/0361.png,run
walk-or-run/0362.png,run
walk-or-run/0363.png,run
walk-or-run/0364.png,run
walk-or-run/0365.png,run
walk-or-run/0366.png,run
walk-or-run/0367.png,run
walk-or-run/0368.png,run
walk-or-run/0369.png,run
walk-or-run/0371.png,run
walk-or-run/0372.png,run
walk-or-run/0373.png,run
walk-or-run/0374.png,run
walk-or-run/0375.png,run
walk-or-run/0376.png,run
walk-or-run/0377.png,run
walk-or-run/0378.png,run
walk-or-run/0379.png,run
walk-or-run/0380.png,run
walk-or-run/0381.png,run
walk-or-run/0382.png,run
walk-or-run/0383.png,run
walk-or-run/0385.png,run
walk-or-run/0387.png,run
walk-or-run/0389.png,run
walk-or-run/0392.png,run
walk-or-run/0393.png,run
walk-or-run/0394.png,run
walk-or-run/0395.png,run
walk-or-run/0396.png,run
walk-or-run/0397.png,run
walk-or-run/0398.png,run
walk-or-run/0399.png,run
walk-or-run/0400.png,run
walk-or-run/0401.png,run
walk-or-run/0402.png,run
walk-or-run/0403.png,run
walk-or-run/0405.png,run
walk-or-run/0406.png,run
walk-or-run/0407.png,run
walk-or-run/0408.png,run
walk-or-run/0409.png,run
walk-or-run/0410.png,run
walk-or-run/0411.png,run
walk-or-run/0413.png,run
walk-or-run/0414.png,run
walk-or-run/0415.png,run
walk-or-run/0416.png,run
walk-or-run/0417.png,run
walk-or-run/0419.png,run
walk-or-run/0420.png,run
walk-or-run/0421.png,run
walk-or-run/0422.png,run
walk-or-run/0423.png,run
walk-or-run/0424.png,run
walk-or-run/0425.png,run
walk-or-run/0426.png,run
walk-or-run/0427.png,run
walk-or-run/0429.png,run
walk-or-run/0430.png,run
walk-or-run/0431.png,run
walk-or-run/0432.png,run
walk-or-run/0433.png,run
walk-or-run/0434.png,run
walk-or-run/0435.png,run
walk-or-run/0436.png,run
walk-or-run/0437.png,run
walk-or-run/0438.png,run
walk-or-run/0440.png,walk
walk-or-run/0442.png,walk
walk-or-run/0443.png,walk
walk-or-run/0445.png,walk
walk-or-run/0446.png,walk
walk-or-run/0447.png,walk
walk-or-run/0448.png,walk
walk-or-run/0449.png,walk
walk-or-run/0450.png,walk
walk-or-run/0451.png,walk
walk-or-run/0452.png,walk
walk-or-run/0453.png,walk
walk-or-run/0454.png,walk
walk-or-run/0455.png,walk
walk-or-run/0456.png,walk
walk-or-run/0457.png,walk
walk-or-run/0458.png,walk
walk-or-run/0459.png,walk
walk-or-run/0460.png,walk
walk-or-run/0461.png,walk
walk-or-run/0462.png,walk
walk-or-run/0463.png,walk
walk-or-run/0464.png,walk
walk-or-run/0465.png,walk
walk-or-run/0466.png,walk
walk-or-run/0467.png,walk
walk-or-run/0468.png,walk
walk-or-run/0469.png,walk
walk-or-run/0470.png,walk
walk-or-run/0471.png,walk
walk-or-run/0473.png,walk
walk-or-run/0474.png,walk
walk-or-run/0475.png,walk
walk-or-run/0476.png,walk
walk-or-run/0477.png,walk
walk-or-run/0478.png,walk
walk-or-run/0479.png,walk
walk-or-run/0480.png,walk
walk-or-run/0481.png,walk
walk-or-run/0482.png,walk
walk-or-run/0483.png,walk
walk-or-run/0485.png,walk
walk-or-run/0486.png,walk
walk-or-run/0488.png,walk
walk-or-run/0489.png,walk
walk-or-run/0490.png,walk
walk-or-run/0491.png,walk
walk-or-run/0492.png,walk
walk-or-run/0493.png,walk
walk-or-run/0494.png,walk
walk-or-run/0495.png,walk
walk-or-run/0497.png,walk
walk-or-run/0498.png,walk
walk-or-run/0499.png,walk
walk-or-run/0500.png,walk
walk-or-run/0501.png,walk
walk-or-run/0502.png,walk
walk-or-run/0503.png,walk
walk-or-run/0504.png,walk
walk-or-run/0505.png,walk
walk-or-run/0506.png,walk
walk-or-run/0507.png,walk
walk-or-run/0508.png,walk
walk-or-run/0509.png,walk
walk-or-run/0510.png,walk
walk-or-run/0511.png,walk
walk-or-run/0513.png,walk
walk-or-run/0514.png,walk
walk-or-run/0515.png,walk
walk-or-run/0518.png,walk
walk-or-run/0519.png,walk
walk-or-run/0520.png,walk
walk-or-run/0521.png,walk
walk-or-run/0522.png,walk
walk-or-run/0523.png,walk
walk-or-run/0525.png,walk
walk-or-run/0526.png,walk
walk-or-run/0527.png,walk
walk-or-run/0528.png,walk
walk-or-run/0529.png,walk
walk-or-run/0530.png,walk
walk-or-run/0531.png,walk
walk-or-run/0533.png,walk
walk-or-run/0534.png,walk
walk-or-run/0535.png,walk
walk-or-run/0536.png,walk
walk-or-run/0537.png,walk
walk-or-run/0538.png,walk
walk-or-run/0539.png,walk
walk-or-run/0540.png,walk
walk-or-run/0541.png,walk
walk-or-run/0542.png,walk
walk-or-run/0544.png,walk
walk-or-run/0545.png,walk
walk-or-run/0546.png,walk
walk-or-run/0547.png,walk
walk-or-run/0548.png,walk
walk-or-run/0549.png,walk
walk-or-run/0550.png,walk
walk-or-run/0551.png,walk
walk-or-run/0552.png,walk
walk-or-run/0553.png,walk
walk-or-run/0556.png,walk
walk-or-run/0557.png,walk
walk-or-run/0558.png,walk
walk-or-run/0560.png,walk
walk-or-run/0561.png,walk
walk-or-run/0563.png,walk
walk-or-run/0564.png,walk
walk-or-run/0565.png,walk
walk-or-run/0566.png,walk
walk-or-run/0567.png,walk
walk-or-run/0568.png,walk
walk-or-run/0569.png,walk
walk-or-run/0570.png,walk
walk-or-run/0571.png,walk
walk-or-run/0572.png,walk
walk-or-run/0573.png,walk
walk-or-run/0575.png,walk
walk-or-run/0576.png,walk
walk-or-run/0577.png,walk
walk-or-run/0578.png,walk
walk-or-run/0579.png,walk
walk-or-run/0581.png,walk
walk-or-run/0583.png,walk
walk-or-run/0585.png,walk
walk-or-run/0586.png,walk
walk-or-run/0587.png,walk
walk-or-run/0588.png,walk
walk-or-run/0589.png,walk
walk-or-run/0590.png,walk
walk-or-run/0591.png,walk
walk-or-run/0592.png,walk
walk-or-run/0593.png,walk
walk-or-run/0595.png,walk
walk-or-run/0596.png,walk
walk-or-run/0597.png,walk
walk-or-run/0598.png,walk
walk-or-run/0599.png,walk
walk-or-run/0600.png,walk
walk-or-run/0601.png,walk
walk-or-run/0602.png,walk
walk-or-run/0603.png,walk
walk-or-run/0604.png,walk
walk-or-run/0605.png,walk
walk-or-run/0606.png,walk
walk-or-run/0607.png,walk
walk-or-run/0608.png,walk
walk-or-run/0609.png,walk
walk-or-run/0610.png,walk
walk-or-run/0611.png,walk
walk-or-run/0612.png,walk
walk-or-run/0613.png,walk
walk-or-run/0614.png,walk
walk-or-run/0615.png,walk
walk-or-run/0616.png,walk
walk-or-run/0617.png,walk
walk-or-run/0618.png,walk
walk-or-run/0619.png,walk
walk-or-run/0620.png,walk
walk-or-run/0622.png,walk
walk-or-run/0623.png,walk
walk-or-run/0625.png,walk
walk-or-run/0626.png,walk
walk-or-run/0627.png,walk
walk-or-run/0628.png,walk
walk-or-run/0630.png,walk
walk-or-run/0631.png,walk
walk-or-run/0632.png,walk
walk-or-run/0633.png,walk
walk-or-run/0635.png,walk
walk-or-run/0637.png,walk
walk-or-run/0638.png,walk
walk-or-run/0639.png,walk
walk-or-run/0640.png,walk
walk-or-run/0641.png,walk
walk-or-run/0642.png,walk
walk-or-run/0643.png,walk
walk-or-run/0644.png,walk
walk-or-run/0645.png,walk
walk-or-run/0646.png,walk
walk-or-run/0647.png,walk
walk-or-run/0648.png,walk
walk-or-run/0649.png,walk
walk-or-run/0651.png,walk
walk-or-run/0652.png,walk
walk-or-run/0653.png,walk
walk-or-run/0654.png,walk
walk-or-run/0655.png,walk
walk-or-run/0656.png,walk
walk-or-run/0657.png,walk
walk-or-run/0658.png,walk
walk-or-run/0659.png,walk
walk-or-run/0661.png,walk
walk-or-run/0662.png,walk
walk-or-run/0663.png,walk
walk-or-run/0664.png,walk
walk-or-run/0665.png,walk
walk-or-run/0666.png,walk
walk-or-run/0667.png,walk
walk-or-run/0669.png,walk
walk-or-run/0670.png,walk
walk-or-run/0671.png,walk
walk-or-run/0672.png,walk
walk-or-run/0673.png,walk
walk-or-run/0674.png,walk
walk-or-run/0675.png,walk
walk-or-run/0677.png,walk
walk-or-run/0678.png,walk
walk-or-run/0679.png,walk
walk-or-run/0680.png,walk
walk-or-run/0681.png,walk
walk-or-run/0682.png,walk
walk-or-run/0683.png,walk
walk-or-run/0684.png,walk
walk-or-run/0685.png,walk
walk-or-run/0686.png,walk
walk-or-run/0687.png,walk
walk-or-run/0688.png,walk
walk-or-run/0689.png,walk
walk-or-run/0690.png,walk
walk-or-run/0691.png,walk
walk-or-run/0692.png,walk
walk-or-run/0693.png,walk
walk-or-run/0695.png,walk
walk-or-run/0696.png,walk
walk-or-run/0697.png,walk
walk-or-run/0698.png,walk
walk-or-run/0699.png,walk
walk-or-run/0700.png,walk
walk-or-run/0701.png,walk
walk-or-run/0702.png,walk
walk-or-run/0703.png,walk
walk-or-run/0704.png,walk
walk-or-run/0706.png,walk
walk-or-run/0707.png,walk
walk-or-run/0708.png,walk
walk-or-run/0709.png,walk
walk-or-run/0710.png,walk
walk-or-run/0711.png,walk
walk-or-run/0712.png,walk
walk-or-run/0713.png,walk
walk-or-run/0714.png,walk
walk-or-run/0715.png,walk
walk-or-run/0716.png,walk
walk-or-run/0717.png,walk
walk-or-run/0718.png,walk
walk-or-run/0719.png,walk
walk-or-run/0720.png,walk
walk-or-run/0721.png,walk
walk-or-run/0722.png,walk
walk-or-run/0723.png,walk
walk-or-run/0724.png,walk
walk-or-run/0725.png,walk
walk-or-run/0726.png,walk
walk-or-run/0727.png,walk
walk-or-run/0728.png,walk
walk-or-run/0729.png,walk
walk-or-run/0730.png,walk
walk-or-run/0731.png,walk
walk-or-run/0732.png,walk
walk-or-run/0733.png,walk
walk-or-run/0734.png,walk
walk-or-run/0735.png,walk
walk-or-run/0736.png,walk
walk-or-run/0737.png,walk
walk-or-run/0738.png,walk
walk-or-run/0739.png,walk
walk-or-run/0740.png,walk
